sample_idx,scenario,early_blight_actual_inf24h,early_blight_pred_inf24h,early_blight_actual_inf48h,early_blight_pred_inf48h,early_blight_actual_act24h,early_blight_pred_act24h_prob,early_blight_pred_act24h_label,early_blight_actual_dlt24h,early_blight_pred_dlt24h,late_blight_actual_inf24h,late_blight_pred_inf24h,late_blight_actual_inf48h,late_blight_pred_inf48h,late_blight_actual_act24h,late_blight_pred_act24h_prob,late_blight_pred_act24h_label,late_blight_actual_dlt24h,late_blight_pred_dlt24h,leaf_mold_actual_inf24h,leaf_mold_pred_inf24h,leaf_mold_actual_inf48h,leaf_mold_pred_inf48h,leaf_mold_actual_act24h,leaf_mold_pred_act24h_prob,leaf_mold_pred_act24h_label,leaf_mold_actual_dlt24h,leaf_mold_pred_dlt24h,powdery_mildew_actual_inf24h,powdery_mildew_pred_inf24h,powdery_mildew_actual_inf48h,powdery_mildew_pred_inf48h,powdery_mildew_actual_act24h,powdery_mildew_pred_act24h_prob,powdery_mildew_pred_act24h_label,powdery_mildew_actual_dlt24h,powdery_mildew_pred_dlt24h,spider_mites_actual_inf24h,spider_mites_pred_inf24h,spider_mites_actual_inf48h,spider_mites_pred_inf48h,spider_mites_actual_act24h,spider_mites_pred_act24h_prob,spider_mites_pred_act24h_label,spider_mites_actual_dlt24h,spider_mites_pred_dlt24h
319,multi_disease,4.526100158691406,4.544851779937744,9.086299896240234,5.452029705047607,1.0,0.36934876441955566,0,2.2389001846313477,0.4197622835636139,0.0,0.03293275833129883,0.0,0.04231047257781029,0.0,0.17041654884815216,0,0.0,-0.003036083187907934,2.977400064468384,1.0274672508239746,3.8382999897003174,0.5631392598152161,1.0,0.28966933488845825,0,0.8746001720428467,-0.19680191576480865,0.0,0.02310984767973423,0.0,0.005935303866863251,0.0,0.1840527206659317,0,0.0,-0.06495027244091034,1.8250999450683594,0.0072544231079518795,2.7695999145507812,0.009063294157385826,1.0,0.15367938578128815,0,1.8250999450683594,-0.13127560913562775
1953,multi_disease,69.25379943847656,65.48818969726562,67.5479965209961,56.71573257446289,1.0,0.9650707840919495,1,6.697200775146484,0.058765608817338943,0.0,0.30556270480155945,0.0,0.41189268231391907,0.0,0.23858150839805603,0,0.0,-0.1323443353176117,0.0,0.039508018642663956,0.0,0.010252250358462334,0.0,0.2050863653421402,0,0.0,-0.07824214547872543,16.09119987487793,13.441512107849121,24.984699249267578,10.97599983215332,1.0,0.4840017259120941,0,10.342300415039062,-0.12722612917423248,0.6000000238418579,0.06943130493164062,0.9009000062942505,0.09158795326948166,1.0,0.22232384979724884,0,0.6000000238418579,-0.019010646268725395
1583,single_disease,91.37169647216797,66.4359359741211,79.70249938964844,58.08000564575195,1.0,0.9733701348304749,1,16.50139617919922,0.12946747243404388,0.0,0.38302358984947205,0.0,0.6088621616363525,0.0,0.2565033733844757,0,0.0,-0.20664355158805847,0.0,0.14036843180656433,0.0,0.04199494048953056,0.0,0.21594052016735077,0,0.0,0.24409759044647217,0.0,8.023669242858887,0.0,6.694018840789795,0.0,0.45085397362709045,0,0.0,-0.0975562036037445,0.0,0.05659616366028786,0.0,0.07501030713319778,0.0,0.21364982426166534,0,0.0,-0.11934937536716461
1471,single_disease,71.5604019165039,67.51031494140625,67.33519744873047,60.04766845703125,1.0,0.9775278568267822,1,11.664302825927734,0.1102244034409523,0.0,0.07758189737796783,0.0,0.09270033985376358,0.0,0.2039976865053177,0,0.0,-0.12810808420181274,0.0,0.042822860181331635,0.0,0.013892976567149162,0.0,0.21551834046840668,0,0.0,-0.1522466242313385,0.0,0.1473769098520279,0.0,0.05837059020996094,0.0,0.25289052724838257,0,0.0,0.02508869767189026,0.0,0.02499733865261078,0.0,0.029711483046412468,0.0,0.17420028150081635,0,0.0,-0.19092263281345367
687,multi_disease,0.0,0.10388654470443726,0.0,0.12477332353591919,0.0,0.21025323867797852,0,0.0,-0.14062567055225372,9.293700218200684,22.489032745361328,9.750800132751465,19.932222366333008,1.0,0.9478740096092224,1,0.22749996185302734,-0.43498367071151733,17.456499099731445,11.738333702087402,18.624799728393555,6.260375499725342,1.0,0.7195250391960144,1,4.3884992599487305,0.35081058740615845,8.794300079345703,1.0678331851959229,17.51409912109375,0.47412240505218506,1.0,0.35172128677368164,0,5.379500389099121,-0.0029744692146778107,71.9926986694336,56.165672302246094,83.41200256347656,72.15728759765625,1.0,0.911645233631134,1,-4.872100830078125,0.9741522073745728
2049,multi_disease,69.24479675292969,65.20362854003906,72.12470245361328,56.68254089355469,1.0,0.9692464470863342,1,-15.381202697753906,0.0702345073223114,0.0,3.4455981254577637,0.0,4.456342697143555,0.0,0.36722859740257263,0,0.0,-0.18712998926639557,0.0,0.09074532985687256,0.0,0.026792868971824646,0.0,0.21618135273456573,0,0.0,-0.12781772017478943,72.0344009399414,64.22168731689453,75.70960235595703,68.22644805908203,1.0,0.9593381881713867,1,8.045501708984375,0.518714189529419,14.834699630737305,14.743770599365234,14.477100372314453,15.540093421936035,1.0,0.585117757320404,1,0.0857992172241211,0.1587449461221695
2433,multi_disease,0.0,0.048375893384218216,0.0,0.06082967668771744,0.0,0.20096111297607422,0,0.0,-0.2392777055501938,0.0,1.1035443544387817,0.0,1.394166111946106,0.0,0.3029803931713104,0,0.0,-0.16789667308330536,17.363800048828125,12.600313186645508,17.98780059814453,5.773477077484131,1.0,0.7544692754745483,1,-0.7905006408691406,0.835752010345459,79.05380249023438,62.561607360839844,83.13500213623047,63.59665298461914,1.0,0.9302943348884583,1,-0.30609893798828125,0.2688245177268982,0.0,14.13692855834961,0.0,13.5228853225708,0.0,0.5140831470489502,1,0.0,0.18617801368236542
17,healthy,0.0,3.802640676498413,0.0,4.794236183166504,0.0,0.34349894523620605,0,0.0,0.33252185583114624,0.0,0.04497072845697403,0.0,0.05771516636013985,0.0,0.17551448941230774,0,0.0,-0.10571818053722382,0.0,0.05241961404681206,0.0,0.01708778366446495,0.0,0.21384109556674957,0,0.0,-0.1151367574930191,0.0,0.017519595101475716,0.0,0.003798081073909998,0.0,0.1782338172197342,0,0.0,-0.2936410903930664,0.0,0.005543360486626625,0.0,0.0069723669439554214,0.0,0.1491268426179886,0,0.0,-0.08247044682502747
662,multi_disease,0.0,0.176268070936203,0.0,0.20924748480319977,0.0,0.2259485423564911,0,-0.8022000193595886,-0.09555307030677795,9.297699928283691,22.2001895904541,9.129599571228027,19.44769287109375,1.0,0.9434422254562378,1,0.8938999176025391,-0.44614171981811523,12.89210033416748,12.509099006652832,17.475200653076172,6.85245418548584,1.0,0.7097265124320984,1,2.3336000442504883,0.24827250838279724,3.3726999759674072,2.307143211364746,8.992500305175781,1.1806081533432007,1.0,0.3899286091327667,0,1.7653999328613281,0.05996326729655266,79.0519027709961,50.199256896972656,70.44609832763672,66.73030090332031,1.0,0.8969038724899292,1,3.9131011962890625,0.4439011514186859
2226,multi_disease,9.492899894714355,65.32808685302734,3.4405999183654785,56.500701904296875,1.0,0.9620409607887268,1,-21.050899505615234,0.07114629447460175,0.0,0.13999830186367035,0.0,0.19861231744289398,0.0,0.20853278040885925,0,0.0,-0.00785228330641985,0.7148000001907349,7.775200366973877,1.3832999467849731,5.891119003295898,1.0,0.4439012408256531,0,0.12139999866485596,0.19648738205432892,88.347900390625,68.39778900146484,86.23699951171875,68.9937973022461,1.0,0.9589511156082153,1,3.7524032592773438,0.4821332097053528,15.33240032196045,24.7197208404541,16.09269905090332,33.89754867553711,1.0,0.7424180507659912,1,0.3661003112792969,-0.10958345234394073
1322,single_disease,0.0,0.813602864742279,0.0,0.939922034740448,0.0,0.29813045263290405,0,0.0,0.21114932000637054,0.5687000155448914,0.7634579539299011,0.0,1.079895257949829,1.0,0.2925637662410736,0,-0.6214999556541443,-0.14204351603984833,0.0,0.04485669359564781,0.0,0.01396696176379919,0.0,0.21340948343276978,0,0.0,-0.26190319657325745,0.0,0.14094483852386475,0.0,0.051600903272628784,0.0,0.251215398311615,0,0.0,-0.06318354606628418,0.0,0.005471821874380112,0.0,0.007213186472654343,0.0,0.14101749658584595,0,0.0,-0.1862858682870865
1284,single_disease,0.0,0.41928061842918396,0.0,0.5177581310272217,0.0,0.2750694751739502,0,0.0,0.15354347229003906,0.5928000211715698,0.476925253868103,0.7330999970436096,0.672698974609375,1.0,0.270952969789505,0,-0.7660999298095703,-0.12783171236515045,0.0,0.0726209357380867,0.0,0.021805565804243088,0.0,0.22087183594703674,0,0.0,-0.3231852054595947,0.0,0.03045305423438549,0.0,0.006251275073736906,0.0,0.1977849155664444,0,0.0,-0.37874096632003784,0.0,0.05743904784321785,0.0,0.06552734971046448,0.0,0.19872350990772247,0,0.0,-0.20380046963691711
2134,multi_disease,79.92459869384766,62.78395080566406,80.74759674072266,56.51146697998047,1.0,0.9720707535743713,1,0.42330169677734375,0.19279220700263977,0.0,0.49068769812583923,0.0,0.7118604183197021,0.0,0.28398218750953674,0,0.0,-0.2412099540233612,0.0,0.21433399617671967,0.6104000210762024,0.07058887928724289,0.0,0.22318226099014282,0,0.0,-0.1424255073070526,82.28610229492188,67.55691528320312,87.60749816894531,69.08780670166016,1.0,0.9590049982070923,1,1.7612991333007812,0.329088032245636,15.583000183105469,12.446069717407227,16.31800079345703,12.482048034667969,1.0,0.5315803289413452,1,1.0001001358032227,0.1810634434223175
271,single_disease,0.8985000252723694,1.5700273513793945,2.2871999740600586,1.8842651844024658,1.0,0.32160165905952454,0,0.8985000252723694,0.3549177050590515,0.0,0.029235875234007835,0.0,0.03862609341740608,0.0,0.16711385548114777,0,0.0,-0.009689848870038986,1.6002999544143677,1.5315535068511963,2.102799892425537,0.8554155230522156,1.0,0.3029174208641052,0,0.312999963760376,-0.1734279990196228,0.0,0.035464782267808914,0.0,0.010069776326417923,0.0,0.1990039348602295,0,0.0,-0.060930803418159485,0.0,0.011610862798988819,0.0,0.014163468964397907,0.0,0.1655765026807785,0,0.0,-0.0988781675696373
1164,multi_disease,0.0,0.035844214260578156,0.0,0.04508700966835022,0.0,0.18231628835201263,0,0.0,-0.2555462419986725,64.0602035522461,23.735736846923828,15.977499961853027,22.25398826599121,1.0,0.9552314281463623,1,-5.9326934814453125,-0.3813738524913788,0.0,0.6078325510025024,0.0,0.30496448278427124,0.0,0.2801368832588196,0,0.0,-0.210239976644516,0.0,0.15465418994426727,0.0,0.043185289949178696,0.0,0.2590276002883911,0,0.0,-0.21957631409168243,3.6903998851776123,46.72958755493164,2.3362998962402344,63.77028274536133,1.0,0.8700030446052551,1,-9.946100234985352,0.2539854645729065
1468,single_disease,69.877197265625,65.36719512939453,70.35810089111328,57.967735290527344,1.0,0.9740172028541565,1,12.587596893310547,0.15414363145828247,0.0,0.07077152281999588,0.0,0.08783389627933502,0.0,0.19419626891613007,0,0.0,-0.013174748979508877,0.0,0.03597760945558548,0.0,0.009753657504916191,0.0,0.2187381535768509,0,0.0,-0.24213626980781555,0.0,0.09019570797681808,0.0,0.030221670866012573,0.0,0.23734085261821747,0,0.0,-0.22152087092399597,0.0,0.029693327844142914,0.0,0.03526495397090912,0.0,0.1657795011997223,0,0.0,-0.1722940057516098
1179,multi_disease,0.0,0.01691465452313423,0.0,0.02143094688653946,0.0,0.1633578985929489,0,0.0,-0.2480858415365219,23.866500854492188,23.879714965820312,10.616800308227539,23.214088439941406,1.0,0.9535585045814514,1,-47.48310089111328,-0.24377241730690002,0.0,0.26750829815864563,0.0,0.12135087698698044,0.0,0.2508072853088379,0,0.0,-0.21292053163051605,0.0,0.06579600274562836,0.0,0.01525636576116085,0.0,0.22566525638103485,0,0.0,-0.15565234422683716,2.3160998821258545,15.409024238586426,2.516400098800659,15.251137733459473,1.0,0.5565351247787476,1,-3.5418999195098877,0.057773854583501816
1906,multi_disease,70.54720306396484,67.18733215332031,58.89289855957031,58.07306671142578,1.0,0.9687021970748901,1,-4.831298828125,0.06264600157737732,0.0,0.2584010660648346,0.0,0.35899198055267334,0.0,0.2323673963546753,0,0.0,-0.14984449744224548,0.0,0.04008117690682411,0.0,0.010984282940626144,0.0,0.2041616290807724,0,0.0,0.011203459464013577,4.188700199127197,13.441512107849121,6.140699863433838,10.97599983215332,1.0,0.4840017259120941,0,2.25730037689209,-0.12722612917423248,0.0,0.051712438464164734,0.0,0.06866218149662018,0.0,0.2130574882030487,0,0.0,-0.0653250589966774
403,multi_disease,16.02440071105957,17.933828353881836,14.451399803161621,17.34882164001465,1.0,0.5757399797439575,1,2.0749006271362305,0.5417640209197998,1.3509000539779663,0.35621213912963867,1.7024999856948853,0.44521018862724304,1.0,0.25540995597839355,0,-0.28909993171691895,-0.047575678676366806,8.77750015258789,9.897937774658203,8.973199844360352,6.489873886108398,1.0,0.35572105646133423,0,3.7829999923706055,-0.16821208596229553,0.0,0.0068013351410627365,0.0,0.0013567069545388222,0.0,0.1491967886686325,0,0.0,-0.19065722823143005,33.0536994934082,11.832637786865234,42.174198150634766,12.075260162353516,1.0,0.5411947965621948,1,21.22369956970215,0.2501196563243866
1308,single_disease,0.0,2.014451503753662,0.0,2.4821856021881104,0.0,0.315817266702652,0,0.0,0.31376707553863525,0.7330999970436096,0.14848469197750092,0.8152999877929688,0.18344013392925262,1.0,0.2187637835741043,0,0.1402999758720398,-0.12232615798711777,0.0,0.07379791140556335,0.0,0.025921212509274483,0.0,0.22118888795375824,0,0.0,-0.2381957471370697,0.0,0.031915247440338135,0.0,0.007699478883296251,0.0,0.20040102303028107,0,0.0,-0.44249019026756287,0.0,0.008235914632678032,0.0,0.010386619716882706,0.0,0.15712688863277435,0,0.0,-0.1732015311717987
2557,multi_disease,0.0,0.0351603627204895,0.0,0.04534294456243515,0.0,0.18765713274478912,0,0.0,-0.2077484428882599,0.0,0.06557495146989822,0.0,0.07964767515659332,0.0,0.1959436684846878,0,0.0,-0.12296339124441147,0.0,0.6260366439819336,0.0,0.2785145044326782,0.0,0.2667367458343506,0,-0.7506999969482422,-0.2131892740726471,79.34750366210938,62.017364501953125,90.07460021972656,63.17236328125,1.0,0.9354926943778992,1,3.5261001586914062,0.7390224933624268,0.0,3.329709529876709,0.0,3.4018900394439697,0.0,0.3776913583278656,0,0.0,-0.00840051006525755
394,multi_disease,15.209500312805176,16.70785903930664,14.564499855041504,17.238502502441406,1.0,0.5574947595596313,1,2.64840030670166,0.5920698046684265,1.3220000267028809,0.027646822854876518,1.8174999952316284,0.03412986174225807,1.0,0.16845078766345978,0,1.3220000267028809,0.026334870606660843,7.656099796295166,2.381682872772217,8.86359977722168,1.5115139484405518,1.0,0.3213198184967041,0,3.1155996322631836,-0.15033762156963348,0.0,0.007715980056673288,0.0,0.0015805892180651426,0.0,0.15208792686462402,0,0.0,-0.15687675774097443,22.609600067138672,0.02271953970193863,41.517799377441406,0.026501037180423737,1.0,0.18941666185855865,0,16.24720001220703,-0.04646168276667595
1992,multi_disease,72.45079803466797,63.930755615234375,76.31510162353516,55.541290283203125,1.0,0.9688559174537659,1,-3.4586029052734375,0.1488681137561798,0.0,1.2779371738433838,0.0,1.7720181941986084,0.0,0.3126643896102905,0,0.0,-0.1639731228351593,0.0,0.044947054237127304,0.0,0.010846620425581932,0.0,0.17949022352695465,0,0.0,0.09189335256814957,33.62580108642578,51.20154571533203,57.88949966430664,57.476837158203125,1.0,0.9119476079940796,1,11.751701354980469,0.44115403294563293,3.1466000080108643,0.34976664185523987,13.951199531555176,0.4341338276863098,1.0,0.291448712348938,0,2.1837000846862793,0.15958160161972046
1561,single_disease,82.51260375976562,64.68366241455078,88.80390167236328,56.58673095703125,1.0,0.9701306223869324,1,2.8897018432617188,0.1798449158668518,0.0,1.3721641302108765,0.0,2.2072508335113525,0.0,0.31599754095077515,0,0.0,-0.10388091951608658,0.0,0.20945847034454346,0.0,0.07093404233455658,0.0,0.2555595934391022,0,0.0,-0.15372951328754425,0.0,5.586208343505859,0.0,4.947190761566162,0.0,0.44765105843544006,0,0.0,-0.047901760786771774,0.0,0.14294154942035675,0.0,0.18417659401893616,0.0,0.2432350069284439,0,0.0,0.07939691841602325
353,multi_disease,9.837800025939941,3.4011781215667725,14.006699562072754,3.8230366706848145,1.0,0.3377288281917572,0,4.474900245666504,0.23403887450695038,0.0,0.024954354390501976,1.6220999956130981,0.028255483135581017,0.0,0.17444507777690887,0,0.0,0.07066858559846878,4.118899822235107,3.3330466747283936,4.922999858856201,2.1670401096343994,1.0,0.33549222350120544,0,0.15829992294311523,-0.13384786248207092,0.0,0.007358902599662542,0.0,0.001521016238257289,0.0,0.15114440023899078,0,0.0,-0.12296825647354126,4.214900016784668,0.033721599727869034,10.737199783325195,0.03928350657224655,1.0,0.1972828507423401,0,2.2494001388549805,-0.0838559940457344
522,multi_disease,14.095800399780273,29.154481887817383,15.48009967803955,33.634498596191406,1.0,0.793481707572937,1,0.8014001846313477,0.3190406858921051,4.103899955749512,21.70587921142578,4.923399925231934,18.712066650390625,1.0,0.9316798448562622,1,1.0952000617980957,-0.3332296311855316,10.56719970703125,8.35063362121582,12.847399711608887,4.31853723526001,1.0,0.6373580098152161,1,1.2280998229980469,0.3938217759132385,0.0,0.42832958698272705,0.0,0.1794435828924179,0.0,0.3129507303237915,0,0.0,-0.028296366333961487,74.83049774169922,56.28752899169922,77.09729766845703,72.50051879882812,1.0,0.9158141613006592,1,1.4827957153320312,1.0274320840835571
1791,single_disease,63.208099365234375,66.0115966796875,75.95130157470703,57.494319915771484,1.0,0.9703646302223206,1,-15.101097106933594,0.0891551598906517,0.0,0.25722432136535645,0.0,0.3463449776172638,0.0,0.23085831105709076,0,0.0,-0.11637374758720398,0.0,0.04858240857720375,0.0,0.013016878627240658,0.0,0.20423924922943115,0,0.0,-0.021356679499149323,0.0,6.569695472717285,0.0,5.392945766448975,0.0,0.44015562534332275,0,0.0,-0.060552600771188736,0.0,0.12035214900970459,0.0,0.14741115272045135,0.0,0.2321203500032425,0,0.0,-0.09953485429286957
1676,single_disease,76.27050018310547,66.50941467285156,84.56549835205078,58.610225677490234,1.0,0.974079430103302,1,-3.9123001098632812,0.1228819340467453,0.0,0.21226894855499268,0.0,0.28688061237335205,0.0,0.22392462193965912,0,0.0,-0.14123952388763428,0.0,0.05310632288455963,0.0,0.0129581019282341,0.0,0.18954145908355713,0,0.0,-0.002236846834421158,0.0,4.122744083404541,0.0,3.399378776550293,0.0,0.4161475896835327,0,0.0,0.14524303376674652,0.0,0.12438584864139557,0.0,0.15378819406032562,0.0,0.2355135679244995,0,0.0,-0.10488762706518173
1620,single_disease,80.2876968383789,66.56884765625,73.66020202636719,58.170223236083984,1.0,0.9731449484825134,1,-6.7223052978515625,0.1075441762804985,0.0,0.2237410992383957,0.0,0.32292577624320984,0.0,0.2286040484905243,0,0.0,-0.09755124151706696,0.0,0.09662395715713501,0.0,0.03035719320178032,0.0,0.23129650950431824,0,0.0,-0.1121155396103859,0.0,5.678121566772461,0.0,4.524808883666992,0.0,0.4322621822357178,0,0.0,-0.049598950892686844,0.0,0.04798050969839096,0.0,0.061709653586149216,0.0,0.20831893384456635,0,0.0,-0.10197972506284714
1205,multi_disease,0.0,0.024787604808807373,0.0,0.03092976100742817,0.0,0.1788872629404068,0,0.0,-0.1948920339345932,9.394599914550781,23.295385360717773,5.043300151824951,20.585968017578125,1.0,0.9564604163169861,1,-11.653299331665039,-0.41441279649734497,0.0,0.10259080678224564,0.0,0.03627261146903038,0.0,0.2265903800725937,0,0.0,-0.28383249044418335,0.0,0.016101110726594925,0.0,0.003464099019765854,0.0,0.1750696450471878,0,0.0,-0.21116353571414948,2.3368000984191895,10.973306655883789,1.3295999765396118,10.562256813049316,1.0,0.47479692101478577,0,0.14970016479492188,0.09012304246425629
2584,single_disease,0.0,0.034082308411598206,0.0,0.04454385116696358,0.0,0.1935514211654663,0,0.0,-0.14405055344104767,0.0,0.6779141426086426,0.0,0.7610467076301575,0.0,0.2952924966812134,0,0.0,-0.16920337080955505,0.0,0.07968062162399292,0.0,0.024100635200738907,0.0,0.22338394820690155,0,0.0,-0.42134419083595276,87.32559967041016,62.813507080078125,77.9468994140625,63.91337966918945,1.0,0.9328058362007141,1,7.968803405761719,0.6353880167007446,0.0,1.359204888343811,0.0,1.4881519079208374,0.0,0.34575432538986206,0,0.0,0.0702751874923706
1997,multi_disease,69.73580169677734,64.09204864501953,75.65039825439453,55.20412826538086,1.0,0.9622319936752319,1,-5.833396911621094,0.13464103639125824,0.0,0.8837124109268188,0.0,1.10728919506073,0.0,0.2985450029373169,0,0.0,-0.16239643096923828,0.0,0.04151124879717827,0.0,0.00980621762573719,0.0,0.18778777122497559,0,0.0,-0.037959564477205276,38.64670181274414,53.28356170654297,57.39820098876953,58.27311325073242,1.0,0.9211557507514954,1,15.519001007080078,0.47507354617118835,4.457300186157227,0.6404273509979248,15.060799598693848,0.7799473404884338,1.0,0.3142140805721283,0,3.3759002685546875,0.18014594912528992
1343,single_disease,0.0,0.9755067825317383,2.455399990081787,1.1842625141143799,0.0,0.3045169413089752,0,0.0,0.31975722312927246,0.0,0.10485677421092987,0.0,0.16388553380966187,0.0,0.2026170939207077,0,-0.5228999853134155,-0.11764184385538101,0.0,0.03916814923286438,0.0,0.010381598025560379,0.0,0.207053542137146,0,0.0,-0.17171251773834229,0.0,0.0381590835750103,0.0,0.011596876196563244,0.0,0.20422372221946716,0,0.0,-0.09936780482530594,0.0,0.006651729810982943,0.0,0.008490119129419327,0.0,0.1482923924922943,0,0.0,-0.14533980190753937
1890,multi_disease,77.17729949951172,65.97315979003906,69.15989685058594,56.778717041015625,1.0,0.9675190448760986,1,10.562301635742188,0.06340813636779785,0.0,0.36856916546821594,0.0,0.49194568395614624,0.0,0.2465350180864334,0,0.0,-0.1669803261756897,0.0,0.029780765995383263,0.0,0.007904399186372757,0.0,0.1825534999370575,0,0.0,0.34895676374435425,2.175299882888794,13.441512107849121,4.176799774169922,10.97599983215332,1.0,0.4840017259120941,0,0.18739986419677734,-0.12722612917423248,0.0,0.05170329287648201,0.0,0.06861580163240433,0.0,0.2133370190858841,0,0.0,-0.09578283876180649
807,multi_disease,0.0,0.13836324214935303,0.0,0.16476848721504211,0.0,0.22452980279922485,0,0.0,-0.10294222831726074,23.59939956665039,21.576879501342773,42.854801177978516,18.128040313720703,1.0,0.9519641399383545,1,7.8949995040893555,-0.46398860216140747,31.426300048828125,11.538586616516113,46.14120101928711,6.924194812774658,1.0,0.7263413667678833,1,11.51569938659668,1.0187830924987793,20.004899978637695,35.18490982055664,18.991199493408203,34.197662353515625,1.0,0.7291521430015564,1,-0.33860015869140625,-0.22211408615112305,79.58529663085938,56.01680374145508,77.3938980102539,71.83062744140625,1.0,0.9096322059631348,1,3.0658950805664062,0.9976414442062378
1083,multi_disease,0.0,0.024355309084057808,0.0,0.030107645317912102,0.0,0.17564263939857483,0,0.0,-0.2471170574426651,71.5541000366211,23.965795516967773,72.54029846191406,23.217557907104492,1.0,0.9532395601272583,1,-3.6352996826171875,-0.2624512016773224,0.0,0.2310882955789566,0.0,0.100021131336689,0.0,0.24794450402259827,0,-1.2036000490188599,-0.23029480874538422,0.0,0.4643273949623108,0.0,0.14696983993053436,0.0,0.30287089943885803,0,-0.5595999956130981,0.08959463983774185,83.91549682617188,34.38920211791992,72.939697265625,46.82168197631836,1.0,0.7927096486091614,1,11.308197021484375,0.010161948390305042
2279,multi_disease,1.2411999702453613,0.6371454000473022,0.9496999979019165,0.6790391206741333,1.0,0.30102524161338806,0,-1.3875999450683594,0.38030189275741577,0.0,1.3494961261749268,0.0,1.6687339544296265,0.0,0.3095967769622803,0,0.0,-0.19785024225711823,2.743000030517578,6.397014141082764,10.295499801635742,3.8674042224884033,1.0,0.4634753167629242,0,1.0429999828338623,0.3293668031692505,83.05729675292969,67.03192138671875,84.60299682617188,67.25511169433594,1.0,0.9492101669311523,1,-0.07080078125,0.3753426671028137,4.292399883270264,32.275123596191406,1.19760000705719,47.80179977416992,1.0,0.801288902759552,1,-12.19379997253418,-0.12185744941234589
809,multi_disease,0.0,0.11493387818336487,0.0,0.14102713763713837,0.0,0.21389658749103546,0,0.0,-0.08691982924938202,25.51849937438965,21.9029541015625,44.121700286865234,18.514331817626953,1.0,0.9542788863182068,1,9.862399101257324,-0.46967464685440063,31.433300018310547,11.951414108276367,46.41910171508789,7.026483058929443,1.0,0.7384616732597351,1,10.481199264526367,0.9361191391944885,20.056299209594727,34.00556182861328,19.20199966430664,32.66379928588867,1.0,0.7176798582077026,1,-0.2959003448486328,-0.1533566564321518,80.43620300292969,56.27708435058594,79.53569793701172,72.26351165771484,1.0,0.9096584320068359,1,3.190704345703125,0.9217895269393921
1339,single_disease,0.0,1.1024004220962524,2.285599946975708,1.3943182229995728,0.0,0.303795725107193,0,0.0,0.33373528718948364,0.0,0.09551584720611572,0.0,0.12157822400331497,0.0,0.19117802381515503,0,-0.6980000138282776,-0.13593757152557373,0.0,0.03355570510029793,0.0,0.008791298605501652,0.0,0.20360106229782104,0,0.0,-0.15720219910144806,0.0,0.019682813435792923,0.0,0.005066703073680401,0.0,0.18196944892406464,0,0.0,-0.1537260115146637,0.0,0.005627607461065054,0.0,0.0073664565570652485,0.0,0.14625181257724762,0,0.0,-0.16347068548202515
1117,multi_disease,0.0,0.04618673026561737,0.0,0.057008109986782074,0.0,0.18580690026283264,0,0.0,-0.23559072613716125,65.66400146484375,23.66443634033203,67.1688003540039,23.33329963684082,1.0,0.9506527185440063,1,-10.344902038574219,-0.2370387315750122,0.0,0.17537502944469452,0.0,0.05969580262899399,0.0,0.23601923882961273,0,0.0,-0.3733336329460144,0.0,0.25553011894226074,0.0,0.07569383829832077,0.0,0.27687016129493713,0,0.0,-0.05569589510560036,60.30730056762695,45.36943054199219,13.1697998046875,62.55562973022461,1.0,0.8639717102050781,1,-17.873302459716797,0.2526494562625885
1926,multi_disease,67.31500244140625,65.13270568847656,65.95570373535156,56.44013977050781,1.0,0.9680229425430298,1,-3.4822998046875,0.09885213524103165,0.0,0.23389603197574615,0.0,0.31724807620048523,0.0,0.23117570579051971,0,0.0,-0.125440776348114,0.0,0.04052024334669113,0.0,0.010683243162930012,0.0,0.19764620065689087,0,0.0,0.18179556727409363,5.030700206756592,13.441512107849121,15.978500366210938,10.97599983215332,1.0,0.4840017259120941,0,1.2537002563476562,-0.12722612917423248,0.0,0.04118835926055908,0.0,0.05498490110039711,0.0,0.1987670660018921,0,0.0,-0.10408196598291397
294,multi_disease,2.1730000972747803,3.841872453689575,4.278600215911865,4.73073673248291,1.0,0.3668905198574066,0,1.2365000247955322,0.43034249544143677,0.0,0.025232166051864624,0.0,0.03298863023519516,0.0,0.16187627613544464,0,0.0,0.006399098783731461,2.0922999382019043,0.33545607328414917,3.0471999645233154,0.1578158289194107,1.0,0.25408726930618286,0,0.48869991302490234,-0.09787695854902267,0.0,0.01769447885453701,0.0,0.004338535480201244,0.0,0.17521168291568756,0,0.0,-0.051011957228183746,0.0,0.012118024751543999,1.843400001525879,0.014575203880667686,0.0,0.16640125215053558,0,0.0,-0.08558446168899536
1917,multi_disease,70.8656997680664,66.01217651367188,64.25779724121094,57.49285888671875,1.0,0.9723379611968994,1,-7.2841033935546875,0.10712224245071411,0.0,0.39235949516296387,0.0,0.5596370100975037,0.0,0.2522762715816498,0,0.0,-0.1707296073436737,0.0,0.04509234055876732,0.0,0.011753280647099018,0.0,0.18338799476623535,0,0.0,0.32366037368774414,4.14769983291626,9.093398094177246,8.812999725341797,7.473687171936035,1.0,0.4546043574810028,0,1.7941999435424805,-0.11202900111675262,0.0,0.06701170653104782,0.0,0.08759032189846039,0.0,0.21620801091194153,0,0.0,-0.10751566290855408
1076,multi_disease,0.0,0.04175230488181114,0.0,0.05323658138513565,0.0,0.18338152766227722,0,0.0,-0.20718976855278015,75.13500213623047,24.24018096923828,74.02349853515625,23.19407844543457,1.0,0.95218825340271,1,-1.6775970458984375,-0.2744625210762024,1.1069999933242798,1.7463449239730835,0.0,0.9344662427902222,1.0,0.30442923307418823,0,-0.47230005264282227,-0.1906467080116272,0.0,1.1509603261947632,0.0,0.42308181524276733,0.0,0.345861554145813,0,-0.9354000091552734,0.1739715188741684,71.81880187988281,46.850528717041016,67.63729858398438,63.23748779296875,1.0,0.8671830892562866,1,5.362998962402344,0.36007407307624817
1530,single_disease,74.41130065917969,66.09414672851562,79.07420349121094,58.19926452636719,1.0,0.9740440845489502,1,5.435203552246094,0.13596004247665405,0.0,0.09757478535175323,0.0,0.1325025111436844,0.0,0.2025739550590515,0,0.0,-0.04029151424765587,0.0,0.04015491157770157,0.0,0.010400225408375263,0.0,0.18884800374507904,0,0.0,0.2844502329826355,0.0,0.8845925331115723,0.0,0.5292666554450989,0.0,0.3555225431919098,0,0.0,-0.045284438878297806,0.0,0.013660920783877373,0.0,0.017960434779524803,0.0,0.17199808359146118,0,0.0,-0.22767558693885803
1918,multi_disease,71.71880340576172,65.72203063964844,61.97269821166992,57.2581787109375,1.0,0.9721639752388,1,-6.634193420410156,0.09806554019451141,0.0,0.3934254050254822,0.0,0.5684872269630432,0.0,0.2531488835811615,0,0.0,-0.15507975220680237,0.0,0.04668905958533287,0.0,0.012116638012230396,0.0,0.1839938461780548,0,0.0,0.2963716983795166,4.233500003814697,9.78743839263916,9.134400367736816,8.055181503295898,1.0,0.45878130197525024,0,1.6963000297546387,-0.11248832195997238,0.0,0.06676700711250305,0.0,0.0869942456483841,0.0,0.21597465872764587,0,0.0,-0.11190278083086014
992,multi_disease,0.0,0.019516155123710632,0.0,0.02362346649169922,0.0,0.1691102832555771,0,0.0,-0.3282368779182434,82.33110046386719,23.51466178894043,74.94830322265625,22.529476165771484,1.0,0.9466965198516846,1,5.961997985839844,-0.2907596230506897,6.3018999099731445,12.57822036743164,3.6926000118255615,8.393128395080566,1.0,0.7136589288711548,1,-2.730799674987793,0.0658680871129036,7.07480001449585,25.26209259033203,4.697999954223633,23.025876998901367,1.0,0.6770694255828857,1,-0.6798000335693359,-0.22008055448532104,71.54440307617188,45.36649703979492,82.74150085449219,61.237789154052734,1.0,0.8585085868835449,1,-6.743293762207031,0.48323845863342285
365,multi_disease,12.012499809265137,9.39222240447998,15.169699668884277,10.130610466003418,1.0,0.47451210021972656,0,3.7410993576049805,0.7253393530845642,0.0,0.02229492738842964,1.6338000297546387,0.026056228205561638,0.0,0.16565732657909393,0,0.0,0.038217201828956604,4.387700080871582,1.2641733884811401,7.152400016784668,0.7033081650733948,1.0,0.3200628459453583,0,0.5852000713348389,-0.19380682706832886,0.0,0.00920433085411787,0.0,0.0017562047578394413,0.0,0.15505388379096985,0,0.0,-0.16890683770179749,5.985599994659424,0.04401950538158417,18.752199172973633,0.05042213201522827,1.0,0.20579461753368378,0,3.558500051498413,0.004672880284488201
1120,multi_disease,0.0,0.03870991989970207,0.0,0.048349980264902115,0.0,0.17931398749351501,0,0.0,-0.24464713037014008,70.47789764404297,23.874839782714844,64.54789733886719,24.102937698364258,1.0,0.9518174529075623,1,-2.6855010986328125,-0.22855956852436066,0.0,0.3511117994785309,0.0,0.1392434984445572,0.0,0.2603883147239685,0,0.0,-0.32022824883461,0.0,0.16775809228420258,0.0,0.0511445514857769,0.0,0.26008370518684387,0,0.0,-0.05594386160373688,53.538700103759766,48.403839111328125,10.501199722290039,65.45128631591797,1.0,0.8777169585227966,1,-21.451000213623047,0.39035728573799133
1606,single_disease,80.54779815673828,66.60809326171875,69.45590209960938,58.650875091552734,1.0,0.974592387676239,1,-8.499404907226562,0.1293501853942871,0.0,0.3220135271549225,0.0,0.49917107820510864,0.0,0.24697361886501312,0,0.0,-0.18844811618328094,0.0,0.08903691917657852,0.0,0.024251846596598625,0.0,0.19872932136058807,0,0.0,0.2020614892244339,0.0,6.823987007141113,0.0,5.775968551635742,0.0,0.44442275166511536,0,0.0,-0.07259157299995422,0.0,0.07320763170719147,0.0,0.09629026800394058,0.0,0.22388342022895813,0,0.0,-0.08932674676179886
703,multi_disease,0.0,0.08185401558876038,0.0,0.09389172494411469,0.0,0.2136705219745636,0,0.0,-0.08629444241523743,9.583800315856934,21.674959182739258,12.043600082397461,18.653987884521484,1.0,0.9376588463783264,1,0.59320068359375,-0.44598475098609924,18.372800827026367,13.281962394714355,18.921600341796875,7.871718883514404,1.0,0.7615603804588318,1,1.7821006774902344,1.2281112670898438,16.32309913635254,9.985235214233398,19.503999710083008,7.564818859100342,1.0,0.4663064181804657,0,9.123899459838867,0.008583755232393742,76.37319946289062,54.01143264770508,75.310302734375,70.3848876953125,1.0,0.9031481146812439,1,4.43499755859375,0.7148472666740417
2630,single_disease,0.0,0.04776586964726448,0.0,0.06219775974750519,0.0,0.19804343581199646,0,0.0,-0.12928348779678345,0.0,0.4911876320838928,0.0,0.5929467082023621,0.0,0.26332470774650574,0,0.0,-0.15651938319206238,0.0,0.25514963269233704,0.0,0.10503367334604263,0.0,0.25495779514312744,0,0.0,-0.23008061945438385,86.62689971923828,65.69927978515625,84.5718994140625,66.24303436279297,1.0,0.9457860589027405,1,6.932395935058594,0.3628000020980835,0.0,7.391696453094482,0.0,7.5352349281311035,0.0,0.4426299035549164,0,0.0,0.010672884993255138
2454,multi_disease,0.0,0.054943665862083435,0.0,0.06520536541938782,0.0,0.2086610049009323,0,0.0,-0.0896109938621521,0.0,0.5031765103340149,0.0,0.5853661894798279,0.0,0.27243247628211975,0,0.0,-0.16695494949817657,17.683300018310547,12.566518783569336,16.511899948120117,5.688191890716553,1.0,0.7425779104232788,1,1.5990009307861328,1.4078172445297241,87.31079864501953,59.03093719482422,69.93299865722656,60.395408630371094,1.0,0.9130436182022095,1,12.163795471191406,0.15717540681362152,0.0,13.88388442993164,0.0,13.29463005065918,0.0,0.50819331407547,1,0.0,0.17955227196216583
346,multi_disease,9.944899559020996,1.3728270530700684,12.561100006103516,1.7315974235534668,1.0,0.30796706676483154,0,5.058999538421631,0.2539522349834442,0.0,0.026029983535408974,0.0,0.03277429938316345,0.0,0.16613787412643433,0,0.0,0.02501724287867546,4.03849983215332,3.4121499061584473,4.540500164031982,2.079944610595703,1.0,0.35637030005455017,0,1.0134997367858887,-0.11480704694986343,0.0,0.011743837036192417,0.0,0.002427770057693124,0.0,0.1645611673593521,0,0.0,-0.24213121831417084,3.3060998916625977,0.02188880555331707,6.362400054931641,0.025432582944631577,1.0,0.18508100509643555,0,1.499099850654602,-0.10821777582168579
1056,multi_disease,0.0,0.02564852684736252,0.0,0.03235083445906639,0.0,0.17473304271697998,0,0.0,-0.23644280433654785,74.1852035522461,23.888362884521484,74.29900360107422,22.10331916809082,1.0,0.955255389213562,1,0.88360595703125,-0.3691616654396057,1.3676999807357788,0.3362736105918884,0.694599986076355,0.1583043485879898,1.0,0.25659433007240295,0,-1.223699927330017,-0.2151380330324173,0.8370000123977661,0.14073236286640167,0.0,0.03914828598499298,1.0,0.2564533054828644,0,-1.42520010471344,-0.13163362443447113,66.14769744873047,43.755157470703125,72.85669708251953,59.013633728027344,1.0,0.8504670262336731,1,-8.532203674316406,0.2672913372516632
1706,single_disease,76.03009796142578,65.70647430419922,74.81809997558594,56.73650360107422,1.0,0.9690527319908142,1,-4.154502868652344,0.15388518571853638,0.0,0.29343992471694946,0.0,0.41286396980285645,0.0,0.23821485042572021,0,0.0,-0.10914929211139679,0.0,0.08300600200891495,0.0,0.023563722148537636,0.0,0.23646174371242523,0,0.0,-0.18738427758216858,0.0,9.204755783081055,0.0,7.658060073852539,0.0,0.45561257004737854,0,0.0,-0.10240747034549713,0.0,0.03930864483118057,0.0,0.0526246540248394,0.0,0.20303522050380707,0,0.0,-0.1276913434267044
2506,multi_disease,0.0,0.03003230132162571,0.0,0.03824900463223457,0.0,0.18771003186702728,0,0.0,-0.2810708284378052,0.0,0.12432128190994263,0.0,0.14900793135166168,0.0,0.2197997272014618,0,0.0,-0.15262667834758759,4.918700218200684,13.142691612243652,0.9487000107765198,5.640958309173584,1.0,0.6943174600601196,1,-11.017199516296387,0.21403025090694427,76.44499969482422,63.2166862487793,76.44139862060547,64.37882995605469,1.0,0.9361507892608643,1,5.785499572753906,0.31917229294776917,0.0,5.74115514755249,0.0,5.8618364334106445,0.0,0.42984673380851746,0,0.0,0.008991057984530926
1244,multi_disease,0.0,0.08835221827030182,0.0,0.11630123853683472,0.0,0.2124750316143036,0,0.0,-0.06661134958267212,2.9377999305725098,9.052451133728027,1.0182000398635864,10.09766674041748,1.0,0.6893507838249207,1,-3.338900089263916,-0.44799506664276123,0.0,0.2230728268623352,0.0,0.08309011906385422,0.0,0.2530026435852051,0,0.0,-0.216178297996521,0.0,0.020457595586776733,0.0,0.004689542576670647,0.0,0.18624521791934967,0,0.0,-0.3612710237503052,0.5849999785423279,5.496710777282715,0.0,5.590081214904785,1.0,0.42273959517478943,0,-0.7679000496864319,0.07898075133562088
2301,multi_disease,1.0546000003814697,0.09243499487638474,0.0,0.1119791567325592,1.0,0.22106815874576569,0,-0.18149995803833008,-0.13223841786384583,0.0,0.5798622369766235,0.0,0.6980900168418884,0.0,0.2680920362472534,0,0.0,-0.1718481183052063,8.820099830627441,6.111840724945068,14.594400405883789,4.154450416564941,1.0,0.3597680330276489,0,6.422999858856201,-0.13763025403022766,80.56809997558594,65.78987884521484,80.22599792480469,66.66577911376953,1.0,0.9439635872840881,1,-0.5011978149414062,0.35470056533813477,1.21589994430542,39.479286193847656,0.0,55.73613739013672,1.0,0.8371193408966064,1,-3.7512998580932617,0.22441045939922333
1554,single_disease,79.07420349121094,67.18307495117188,83.99569702148438,58.567176818847656,1.0,0.9728599786758423,1,4.66290283203125,0.16625690460205078,0.0,0.12591712176799774,0.0,0.1691160351037979,0.0,0.2101365178823471,0,0.0,-0.09581107646226883,0.0,0.03192434832453728,0.0,0.00802831444889307,0.0,0.19152429699897766,0,0.0,0.14308185875415802,0.0,1.263373613357544,0.0,0.790945827960968,0.0,0.3606213629245758,0,0.0,0.006859935820102692,0.0,0.017725247889757156,0.0,0.024096591398119926,0.0,0.1786682903766632,0,0.0,-0.1493692547082901
1286,single_disease,0.0,0.6308305263519287,0.0,0.7825382947921753,0.0,0.29329147934913635,0,0.0,0.2156219780445099,0.7930999994277954,0.3576541543006897,0.7455999851226807,0.46351131796836853,1.0,0.2479303926229477,0,-0.482699990272522,-0.11685007810592651,0.0,0.07072664797306061,0.0,0.019746216014027596,0.0,0.210304856300354,0,0.0,-0.25117775797843933,0.0,0.026021918281912804,0.0,0.005342301446944475,0.0,0.19344870746135712,0,0.0,-0.4207932949066162,0.0,0.02148219756782055,0.0,0.02610819973051548,0.0,0.17136621475219727,0,0.0,-0.2320888489484787
804,multi_disease,0.0,0.1342773735523224,0.0,0.15642376244068146,0.0,0.22688856720924377,0,0.0,-0.05838834121823311,22.997699737548828,21.125730514526367,42.81129837036133,17.53683853149414,1.0,0.9490301609039307,1,8.619999885559082,-0.49371540546417236,28.527799606323242,11.704187393188477,47.50809860229492,7.178009510040283,1.0,0.7215057611465454,1,8.042999267578125,0.9934097528457642,19.93709945678711,36.32944869995117,20.292800903320312,35.82897186279297,1.0,0.7417697906494141,1,1.4571990966796875,-0.2752417325973511,81.9009017944336,54.96457290649414,78.04920196533203,70.91822814941406,1.0,0.9068313837051392,1,5.6416015625,0.9633922576904297
1916,multi_disease,70.03040313720703,66.22257232666016,67.0625991821289,57.578765869140625,1.0,0.9719818234443665,1,-7.429595947265625,0.1141987070441246,0.0,0.4059368371963501,0.0,0.5590953826904297,0.0,0.25205668807029724,0,0.0,-0.1881042718887329,0.0,0.042211778461933136,0.0,0.010926970280706882,0.0,0.1816231608390808,0,0.0,0.3342037498950958,4.202199935913086,8.573587417602539,8.452300071716309,7.051192760467529,1.0,0.4524197280406952,0,1.8529000282287598,-0.11029457300901413,0.0,0.06233616918325424,0.0,0.08204834908246994,0.0,0.21471065282821655,0,0.0,-0.10326939076185226
1299,single_disease,0.0,0.3209213614463806,0.0,0.39090341329574585,0.0,0.27339258790016174,0,0.0,0.26239827275276184,1.3446999788284302,0.09876220673322678,0.6180999875068665,0.14797963201999664,1.0,0.2034219354391098,0,0.6277999877929688,-0.13822275400161743,0.0,0.12101444602012634,0.0,0.05125116556882858,0.0,0.23026838898658752,0,0.0,-0.19967210292816162,0.0,0.03798117861151695,0.0,0.011265796609222889,0.0,0.20387311279773712,0,0.0,-0.10436644405126572,0.0,0.011837344616651535,0.0,0.014578734524548054,0.0,0.1593995988368988,0,0.0,-0.17105568945407867
2250,multi_disease,3.4405999183654785,58.058895111083984,1.253499984741211,50.649295806884766,1.0,0.9413371086120605,1,-6.052299976348877,0.18878979980945587,0.0,0.31302258372306824,0.0,0.40283817052841187,0.0,0.2445521503686905,0,0.0,-0.1668185144662857,1.3832999467849731,5.231252670288086,2.026700019836426,3.260620594024658,1.0,0.3412010073661804,0,0.6684999465942383,-0.1345604658126831,86.23699951171875,68.01336669921875,82.1520004272461,68.45681762695312,1.0,0.9556735754013062,1,-2.11090087890625,0.3907290995121002,16.09269905090332,34.9315299987793,6.031199932098389,49.4925422668457,1.0,0.8153676986694336,1,0.7602987289428711,0.055692803114652634
983,multi_disease,0.0,0.027330156415700912,0.0,0.032648250460624695,0.0,0.1776188760995865,0,0.0,-0.27867990732192993,80.31289672851562,23.003555297851562,70.96109771728516,22.302215576171875,1.0,0.944568395614624,1,8.629600524902344,-0.1749366819858551,7.606200218200684,12.73975944519043,4.688300132751465,9.230599403381348,1.0,0.7247862815856934,1,-2.705699920654297,0.2291325330734253,7.116399765014648,36.641090393066406,5.476200103759766,35.24775314331055,1.0,0.7555570006370544,1,-2.440800666809082,-0.025629322975873947,83.83450317382812,49.94044494628906,82.59629821777344,65.67457580566406,1.0,0.8783706426620483,1,7.534004211425781,0.7244760394096375
2354,multi_disease,0.0,0.03642890602350235,0.0,0.046511441469192505,0.0,0.1906052827835083,0,0.0,-0.17832978069782257,0.0,0.1383824348449707,0.0,0.16142766177654266,0.0,0.22729641199111938,0,0.0,-0.13296501338481903,18.381799697875977,13.155794143676758,17.936399459838867,5.325990676879883,1.0,0.7033672332763672,1,4.115399360656738,0.26698532700538635,81.2217025756836,61.419857025146484,82.61419677734375,62.52883529663086,1.0,0.9311192631721497,1,3.5348052978515625,0.4648470878601074,0.0,7.1271233558654785,0.0,7.246191024780273,0.0,0.4363737106323242,0,0.0,-0.00046324916183948517
282,multi_disease,1.2451000213623047,10.064705848693848,3.2446999549865723,11.917768478393555,1.0,0.401986300945282,0,0.450700044631958,0.44164034724235535,0.0,0.028195608407258987,0.0,0.036631081253290176,0.0,0.163618803024292,0,0.0,0.02258741483092308,2.077500104904175,0.4559261202812195,2.3805999755859375,0.22758997976779938,1.0,0.26021769642829895,0,0.7288000583648682,-0.10058414936065674,0.0,0.009172042831778526,0.0,0.001943105598911643,0.0,0.15656311810016632,0,0.0,-0.11935921758413315,0.0,0.007765806280076504,1.907099962234497,0.009701109491288662,0.0,0.1557786911725998,0,0.0,-0.08649777621030807
1517,single_disease,69.52519989013672,66.7441635131836,79.16390228271484,58.43440246582031,1.0,0.9735334515571594,1,-0.5512008666992188,0.10523027926683426,0.0,0.06919235736131668,0.0,0.0968400314450264,0.0,0.18697480857372284,0,0.0,-0.023216478526592255,0.0,0.05403462052345276,0.0,0.015202216804027557,0.0,0.2106786072254181,0,0.0,0.15572085976600647,0.0,3.1081671714782715,0.0,2.3764469623565674,0.0,0.42820751667022705,0,0.0,0.03137601912021637,0.0,0.016499275341629982,0.0,0.0211630929261446,0.0,0.17149309813976288,0,0.0,-0.18644708395004272
1843,single_disease,77.11730194091797,68.06993103027344,66.61270141601562,58.80356979370117,1.0,0.9733747243881226,1,1.9505996704101562,0.16448011994361877,0.0,0.402614563703537,0.0,0.5392993688583374,0.0,0.2545415759086609,0,0.0,-0.21198105812072754,0.0,0.035034723579883575,0.0,0.009126996621489525,0.0,0.18518036603927612,0,0.0,0.31314197182655334,0.0,6.368027687072754,1.9693000316619873,5.196360111236572,0.0,0.4366465210914612,0,0.0,0.018681157380342484,0.0,0.05306832119822502,0.0,0.06952212005853653,0.0,0.20950540900230408,0,0.0,-0.10788867622613907
53,healthy,0.0,2.7571158409118652,0.0,3.2134361267089844,0.0,0.34114041924476624,0,0.0,0.3630340099334717,0.0,0.09264805912971497,0.0,0.12764011323451996,0.0,0.21155843138694763,0,0.0,-0.20643813908100128,0.0,0.08018871396780014,0.0,0.030334165319800377,0.0,0.21929869055747986,0,0.0,-0.13114836812019348,0.0,0.2616901993751526,0.0,0.10455561429262161,0.0,0.2721148133277893,0,0.0,0.05737370625138283,0.0,0.0037900961469858885,0.0,0.0049967775121331215,0.0,0.13765539228916168,0,0.0,-0.08456038683652878
637,multi_disease,1.0509999990463257,0.20184454321861267,0.0,0.23006945848464966,1.0,0.23220786452293396,0,-1.5147000551223755,-0.006135803647339344,8.207799911499023,22.62743377685547,8.996600151062012,19.948223114013672,1.0,0.9460976123809814,1,-0.703700065612793,-0.45172566175460815,10.770400047302246,10.817770957946777,13.811599731445312,5.634795665740967,1.0,0.7107868194580078,1,-1.9225997924804688,0.42292019724845886,1.5578999519348145,3.6383814811706543,3.327399969100952,2.096734046936035,1.0,0.4114828109741211,0,0.5200999975204468,0.03828432410955429,75.9312973022461,54.60450744628906,74.85549926757812,70.79383087158203,1.0,0.9090982675552368,1,6.002494812011719,0.9385716319084167
373,multi_disease,12.419300079345703,9.634435653686523,14.899399757385254,10.37248420715332,1.0,0.43731042742729187,0,2.756500244140625,0.2768663763999939,1.5,0.030661938712000847,1.2786999940872192,0.037995051592588425,1.0,0.17101967334747314,0,1.5,0.053769800812006,4.536600112915039,1.062582015991211,7.8709001541137695,0.6115188598632812,1.0,0.2912052869796753,0,-0.09739971160888672,-0.08854182809591293,0.0,0.007447393611073494,0.0,0.0014737758319824934,0.0,0.1514573097229004,0,0.0,-0.20265883207321167,8.114800453186035,0.013995571993291378,27.401500701904297,0.016836579889059067,1.0,0.17223405838012695,0,4.651700496673584,-0.10317442566156387
681,multi_disease,0.0,0.06001032143831253,0.0,0.0703435018658638,0.0,0.197237029671669,0,0.0,-0.1216605007648468,9.173100471496582,21.842191696166992,9.666500091552734,18.452058792114258,1.0,0.9368662238121033,1,0.9191007614135742,-0.44733959436416626,15.774900436401367,13.469782829284668,18.55579948425293,7.501178741455078,1.0,0.7278766632080078,1,2.594900131225586,0.5620609521865845,8.287199974060059,0.5990657210350037,17.8174991607666,0.2470632791519165,1.0,0.32202765345573425,0,5.730299949645996,-0.01935293897986412,71.84359741210938,51.94313049316406,80.75270080566406,67.8797607421875,1.0,0.8962664008140564,1,-5.1322021484375,0.6434587836265564
2374,multi_disease,0.0,0.06357675045728683,0.0,0.0786205604672432,0.0,0.20534925162792206,0,0.0,-0.21801626682281494,0.0,2.0252304077148438,0.0,2.8145506381988525,0.0,0.3693729043006897,0,0.0,-0.023769691586494446,17.559900283813477,12.967705726623535,17.487600326538086,7.028038024902344,1.0,0.7840111255645752,1,-0.07219886779785156,1.480554461479187,84.55719757080078,62.166404724121094,84.98480224609375,63.33993148803711,1.0,0.9286542534828186,1,9.363800048828125,0.2696211040019989,0.0,13.994730949401855,0.0,13.698866844177246,0.0,0.5357798337936401,1,0.0,0.11989039182662964
2466,multi_disease,0.0,0.061910126358270645,0.0,0.07767476886510849,0.0,0.2063504457473755,0,0.0,-0.2651824355125427,0.0,1.8845312595367432,0.0,2.3409669399261475,0.0,0.33167049288749695,0,0.0,-0.181786447763443,20.659400939941406,13.436643600463867,11.652400016784668,6.955493450164795,1.0,0.7628306150436401,1,3.7957000732421875,1.0444645881652832,75.36299896240234,61.974937438964844,81.81279754638672,63.2313117980957,1.0,0.9254224896430969,1,-11.719001770019531,0.16510653495788574,0.0,14.210870742797852,0.0,13.742815017700195,0.0,0.5294473171234131,1,0.0,0.1333511620759964
801,multi_disease,0.0,0.11003158241510391,0.0,0.12643367052078247,0.0,0.22093433141708374,0,0.0,-0.045244451612234116,20.861900329589844,21.118131637573242,41.610801696777344,17.448162078857422,1.0,0.9500361084938049,1,4.255899429321289,-0.5380792021751404,26.43079948425293,12.145917892456055,44.70199966430664,7.3753156661987305,1.0,0.7299409508705139,1,4.953498840332031,0.9735860824584961,19.14780044555664,40.75859069824219,19.832000732421875,41.25996780395508,1.0,0.7674189805984497,1,-0.054599761962890625,-0.2192721962928772,81.089599609375,54.9769401550293,80.43779754638672,71.14616394042969,1.0,0.9073625802993774,1,3.734100341796875,0.9204279780387878
2020,multi_disease,75.91439819335938,64.93856811523438,73.00540161132812,56.45489501953125,1.0,0.9678994417190552,1,2.4827957153320312,0.09004704654216766,0.0,0.8070404529571533,0.0,1.066780924797058,0.0,0.2873753309249878,0,0.0,-0.1592741459608078,0.0,0.03806997090578079,0.0,0.00924966111779213,0.0,0.18293683230876923,0,0.0,0.14086665213108063,55.52690124511719,62.260128021240234,83.67310333251953,66.71049499511719,1.0,0.9553903937339783,1,18.067100524902344,0.4630596339702606,15.317099571228027,2.5837759971618652,15.210700035095215,2.9076807498931885,1.0,0.3759680986404419,0,11.432099342346191,0.3337109386920929
1892,multi_disease,77.45999908447266,65.94541931152344,70.03040313720703,57.15816116333008,1.0,0.9706484079360962,1,9.963401794433594,0.08217532932758331,0.0,0.38267189264297485,0.0,0.5443755388259888,0.0,0.2504427134990692,0,0.0,-0.16787950694561005,0.0,0.04168040305376053,0.0,0.011496471241116524,0.0,0.18824851512908936,0,0.0,0.4610283672809601,2.349299907684326,13.039532661437988,4.202199935913086,10.608531951904297,1.0,0.47963762283325195,0,0.3382999897003174,-0.12939861416816711,0.0,0.0700855478644371,0.0,0.09182438999414444,0.0,0.2230686992406845,0,0.0,-0.08827046304941177
1678,single_disease,74.19349670410156,66.64572143554688,86.03099822998047,59.001708984375,1.0,0.9751315712928772,1,-5.303199768066406,0.1326398402452469,0.0,0.19471211731433868,0.0,0.2717339098453522,0.0,0.22294141352176666,0,0.0,-0.11825628578662872,0.0,0.0497049018740654,0.0,0.012276292778551579,0.0,0.1863938271999359,0,0.0,0.10756523907184601,0.0,4.607361316680908,0.0,3.8248133659362793,0.0,0.42114248871803284,0,0.0,0.13433504104614258,0.0,0.11516008526086807,0.0,0.1427544355392456,0.0,0.23425082862377167,0,0.0,-0.09215101599693298
1238,multi_disease,0.0,0.1042681410908699,0.0,0.13535472750663757,0.0,0.21870853006839752,0,0.0,-0.07945530861616135,3.4895999431610107,16.968791961669922,1.2757999897003174,17.106216430664062,1.0,0.8150557279586792,1,-4.450799942016602,-0.23804640769958496,0.0,0.27534955739974976,0.0,0.10789036750793457,0.0,0.25605255365371704,0,0.0,-0.3235717713832855,0.0,0.017295289784669876,0.0,0.0034198262728750706,0.0,0.180215984582901,0,0.0,-0.4190627634525299,1.625100016593933,3.1508116722106934,0.0,3.3232293128967285,1.0,0.3862467408180237,0,-0.09669995307922363,0.08335837721824646
1416,single_disease,27.55769920349121,22.536306381225586,51.00579833984375,20.56536102294922,1.0,0.6488144397735596,1,20.425800323486328,0.7122418880462646,0.0,0.042045071721076965,0.0,0.058047275990247726,0.0,0.17861849069595337,0,0.0,-0.10636818408966064,0.0,0.02516479790210724,0.0,0.006561282556504011,0.0,0.20426106452941895,0,0.0,-0.1595243364572525,0.0,0.016846103593707085,0.0,0.004447082988917828,0.0,0.17609183490276337,0,0.0,-0.047434866428375244,0.0,0.011847169138491154,0.0,0.014657614752650261,0.0,0.1635928750038147,0,0.0,-0.06212413311004639
734,multi_disease,0.0,0.17915360629558563,0.0,0.2114301323890686,0.0,0.22956272959709167,0,0.0,-0.10847224295139313,12.071399688720703,21.375591278076172,12.98449993133545,18.348196029663086,1.0,0.9401634931564331,1,2.3427000045776367,-0.5205132365226746,19.380199432373047,11.060007095336914,25.256099700927734,5.707456588745117,1.0,0.7332317233085632,1,0.5590991973876953,1.0522172451019287,18.865100860595703,45.82500076293945,21.797300338745117,47.19449996948242,1.0,0.8008348345756531,1,1.2315006256103516,-0.20704464614391327,73.24230194091797,55.4873046875,66.6416015625,71.39945983886719,1.0,0.911055326461792,1,-8.846099853515625,0.9895442128181458
2169,multi_disease,68.35430145263672,64.01276397705078,35.625,56.10108184814453,1.0,0.9687659740447998,1,-7.3274993896484375,0.08775199204683304,0.0,0.21710403263568878,0.0,0.2836354672908783,0.0,0.2276652306318283,0,0.0,-0.16888777911663055,0.42910000681877136,0.20477332174777985,0.8284000158309937,0.08096185326576233,1.0,0.2606489062309265,0,0.42910000681877136,-0.10774417966604233,84.18219757080078,67.78558349609375,84.8156967163086,70.81531524658203,1.0,0.967536449432373,1,17.62249755859375,0.6905356645584106,17.035499572753906,27.286481857299805,14.912400245666504,38.443992614746094,1.0,0.7541778087615967,1,1.3680000305175781,0.0043440815061330795
395,multi_disease,15.032299995422363,16.06248664855957,14.369799613952637,16.73397445678711,1.0,0.5421410799026489,1,2.706000328063965,0.5454288125038147,1.3562999963760376,0.028227264061570168,1.815500020980835,0.034850094467401505,1.0,0.16899210214614868,0,1.3562999963760376,0.03264130279421806,7.652900218963623,2.4438982009887695,8.89210033416748,1.573349952697754,1.0,0.32294541597366333,0,3.049800395965576,-0.13605834543704987,0.0,0.0074231307953596115,0.0,0.0014892267063260078,0.0,0.15112338960170746,0,0.0,-0.18193061649799347,23.424299240112305,0.023797765374183655,40.36830139160156,0.02788780815899372,1.0,0.1925123631954193,0,16.120800018310547,-0.043648507446050644
2112,multi_disease,78.92120361328125,63.35771560668945,78.62550354003906,55.290557861328125,1.0,0.9708839654922485,1,-2.3913955688476562,0.17821992933750153,0.0,0.9724525809288025,0.0,1.3383022546768188,0.0,0.2984502911567688,0,0.0,-0.16409680247306824,0.0,0.09297458827495575,0.0,0.027115538716316223,0.0,0.21756277978420258,0,0.0,-0.08855178207159042,80.1073989868164,65.4164810180664,80.4301986694336,68.57001495361328,1.0,0.9612709879875183,1,0.7321014404296875,0.6070546507835388,15.52750015258789,6.403036594390869,16.148099899291992,5.822917461395264,1.0,0.43604591488838196,0,0.7135000228881836,0.4018247425556183
547,multi_disease,15.63640022277832,13.050288200378418,15.315299987792969,14.862288475036621,1.0,0.4739781618118286,0,1.8579998016357422,0.30102232098579407,4.746099948883057,22.050193786621094,7.42110013961792,19.470115661621094,1.0,0.9444808959960938,1,0.612800121307373,-0.34872251749038696,13.017200469970703,8.068495750427246,13.978300094604492,4.379657745361328,1.0,0.6351745128631592,1,3.1124000549316406,0.2658672332763672,0.0,0.8636515736579895,0.0,0.4167155921459198,0.0,0.3448629081249237,0,0.0,-0.002269010990858078,75.24610137939453,55.66587448120117,79.802001953125,72.1562271118164,1.0,0.9123376607894897,1,-0.04830169677734375,0.879645586013794
1151,multi_disease,0.0,0.04445688799023628,0.0,0.05676247924566269,0.0,0.1851045787334442,0,0.0,-0.24085940420627594,70.45320129394531,23.42582130432129,33.03329849243164,22.44200325012207,1.0,0.9492607116699219,1,-7.592796325683594,-0.3480980396270752,0.0,0.21048574149608612,0.0,0.07428207248449326,0.0,0.2374524176120758,0,0.0,-0.31640881299972534,0.0,0.06468571722507477,0.0,0.01620226539671421,0.0,0.223844975233078,0,0.0,-0.08940549939870834,7.160699844360352,49.11539840698242,2.5641000270843506,66.52035522460938,1.0,0.8822619915008545,1,-31.780698776245117,0.3055424392223358
1614,single_disease,72.73770141601562,65.88062286376953,66.97149658203125,57.69955062866211,1.0,0.9708677530288696,1,-11.196800231933594,0.10514625906944275,0.0,0.22946125268936157,0.0,0.3465151786804199,0.0,0.2311098277568817,0,0.0,-0.09897477179765701,0.0,0.05684821680188179,0.0,0.015230073593556881,0.0,0.209193155169487,0,0.0,0.10552269220352173,0.0,8.962685585021973,0.0,7.6062703132629395,0.0,0.4532412588596344,0,0.0,-0.014661965891718864,0.0,0.035359788686037064,0.0,0.046612147241830826,0.0,0.19443358480930328,0,0.0,-0.10550564527511597
1657,single_disease,79.45819854736328,66.12288665771484,81.99929809570312,57.8638916015625,1.0,0.9704901576042175,1,7.124900817871094,0.05906340852379799,0.0,0.15184561908245087,0.0,0.21610486507415771,0.0,0.21637870371341705,0,0.0,-0.09152423590421677,0.0,0.05398432910442352,0.0,0.014930982142686844,0.0,0.2298201620578766,0,0.0,-0.1429482251405716,0.0,6.38645076751709,0.0,5.421576976776123,0.0,0.44011032581329346,0,0.0,-0.05073251947760582,0.0,0.147551029920578,0.0,0.17814432084560394,0.0,0.24249796569347382,0,0.0,-0.07621081918478012
2215,multi_disease,18.275800704956055,64.32328796386719,5.696199893951416,55.56205368041992,1.0,0.9661737680435181,1,-19.61210060119629,0.11705411970615387,0.0,0.08138401806354523,0.0,0.11097455024719238,0.0,0.19644427299499512,0,0.0,0.018744241446256638,0.8938000202178955,0.713214099407196,1.2323999404907227,0.39840972423553467,1.0,0.2824695110321045,0,0.001900017261505127,-0.059069566428661346,88.78070068359375,68.64665985107422,91.44439697265625,69.92664337158203,1.0,0.9633615016937256,1,-1.9171981811523438,0.7916197180747986,15.221199989318848,14.26561164855957,15.160900115966797,14.080751419067383,1.0,0.5419982075691223,1,0.06369972229003906,0.11875267326831818
1974,multi_disease,74.2417984008789,64.53874206542969,70.16110229492188,55.70893859863281,1.0,0.9653438925743103,1,8.286094665527344,0.0941951721906662,0.0,0.5317849516868591,0.0,0.7178981900215149,0.0,0.2626674175262451,0,0.0,-0.15628023445606232,0.0,0.03929353132843971,0.0,0.01041080430150032,0.0,0.20977531373500824,0,0.0,-0.01825132593512535,22.99090003967285,41.7158317565918,39.060298919677734,47.27609634399414,1.0,0.8565328121185303,1,7.012399673461914,0.45059362053871155,1.0866999626159668,0.051978688687086105,4.618000030517578,0.06918733566999435,1.0,0.20822858810424805,0,1.0866999626159668,-0.09061034023761749
1050,multi_disease,0.0,0.03407163545489311,0.0,0.042749036103487015,0.0,0.17603091895580292,0,0.0,-0.2686983346939087,78.75740051269531,24.006580352783203,69.6604995727539,23.72821044921875,1.0,0.95628422498703,1,2.2614974975585938,-0.2930928170681,1.6741000413894653,9.92266845703125,1.3128000497817993,6.228653907775879,1.0,0.34154805541038513,0,-1.1822000741958618,-0.012647129595279694,1.2030999660491943,0.7102586030960083,0.0,0.27985864877700806,1.0,0.32382142543792725,0,-2.0320000648498535,-0.047983258962631226,67.0376968383789,47.807212829589844,70.66069793701172,64.50992584228516,1.0,0.8733184933662415,1,-13.872604370117188,0.42725351452827454
1623,single_disease,77.57340240478516,66.79952239990234,71.88009643554688,58.09626007080078,1.0,0.9719690680503845,1,-11.464897155761719,0.11469129472970963,0.0,0.24868008494377136,0.0,0.3611283600330353,0.0,0.23303855955600739,0,0.0,-0.15460889041423798,0.0,0.05580336973071098,0.0,0.01558307372033596,0.0,0.19871294498443604,0,0.0,0.18132264912128448,0.0,4.235520362854004,0.0,3.2913849353790283,0.0,0.4185684621334076,0,0.0,-0.017724396660923958,0.0,0.05878092348575592,0.0,0.0746762678027153,0.0,0.2114286571741104,0,0.0,-0.1188209280371666
836,multi_disease,0.0,0.06007298827171326,0.0,0.07192786782979965,0.0,0.19784918427467346,0,0.0,-0.1348753422498703,47.588199615478516,22.091712951660156,66.21929931640625,19.627477645874023,1.0,0.9465421438217163,1,18.661998748779297,-0.44527655839920044,52.164100646972656,11.701290130615234,67.33059692382812,7.6554789543151855,1.0,0.7811724543571472,1,17.422100067138672,1.4220514297485352,19.53190040588379,22.154376983642578,18.62299919128418,19.292884826660156,1.0,0.6216385960578918,1,-0.3782997131347656,-0.16422182321548462,74.1438980102539,51.83061218261719,77.05870056152344,68.11614227294922,1.0,0.8898130059242249,1,-2.2212982177734375,0.6096550226211548
317,multi_disease,4.055200099945068,6.764198303222656,8.271400451660156,8.241830825805664,1.0,0.39139825105667114,0,2.0068001747131348,0.40438351035118103,0.0,0.035719774663448334,0.0,0.0463167279958725,0.0,0.1707046627998352,0,0.0,0.005160178989171982,3.2300000190734863,1.4012852907180786,3.802500009536743,0.7977161407470703,1.0,0.2978563606739044,0,1.2223999500274658,-0.20386505126953125,0.0,0.02063988335430622,0.0,0.005282346624881029,0.0,0.17983178794384003,0,0.0,-0.00329616479575634,1.9047000408172607,0.007171260192990303,2.4270999431610107,0.009046396240592003,1.0,0.15249013900756836,0,1.9047000408172607,-0.1287672370672226
1295,single_disease,0.0,0.2807866930961609,0.0,0.3571566045284271,0.0,0.266458123922348,0,0.0,0.11427133530378342,0.9373000264167786,0.35281071066856384,0.5228999853134155,0.604688286781311,1.0,0.2598268389701843,0,-0.24459999799728394,-0.19984635710716248,0.0,0.08288360387086868,0.0,0.024431249126791954,0.0,0.2233916074037552,0,0.0,-0.20723652839660645,0.0,0.025434574112296104,0.0,0.006060896907001734,0.0,0.18681664764881134,0,0.0,-0.17219771444797516,0.0,0.031254250556230545,0.0,0.03776445984840393,0.0,0.18059778213500977,0,0.0,-0.20715409517288208
2289,multi_disease,1.128999948501587,0.10293909907341003,0.0,0.12008305639028549,1.0,0.22599518299102783,0,-0.23460006713867188,-0.05192070081830025,0.0,0.21973082423210144,0.0,0.27100732922554016,0.0,0.22757025063037872,0,0.0,-0.14732609689235687,4.893199920654297,3.3233351707458496,13.838399887084961,2.1137003898620605,1.0,0.32151392102241516,0,2.696499824523926,-0.12358320504426956,81.62989807128906,65.669189453125,83.25810241699219,66.69963836669922,1.0,0.9443508982658386,1,-4.817802429199219,0.5633233785629272,1.8763999938964844,26.187339782714844,0.0,36.72039794921875,1.0,0.7407698035240173,1,-9.003800392150879,-0.17049001157283783
1097,multi_disease,0.0,0.03733332082629204,0.0,0.04704009369015694,0.0,0.18178404867649078,0,0.0,-0.22848008573055267,74.74710083007812,24.056907653808594,73.69499969482422,24.05260467529297,1.0,0.9539644122123718,1,5.828804016113281,-0.20457519590854645,0.0,1.8349931240081787,0.0,0.9621613025665283,0.0,0.3014370799064636,0,-1.2695000171661377,-0.23133811354637146,0.0,0.1284380406141281,0.0,0.03493483364582062,0.0,0.251168429851532,0,0.0,-0.10360659658908844,73.62249755859375,50.39500045776367,53.760799407958984,67.18265533447266,1.0,0.8862626552581787,1,4.692100524902344,0.5507664680480957
707,multi_disease,0.0,0.12674281001091003,0.0,0.1520872712135315,0.0,0.21392664313316345,0,0.0,-0.1026819497346878,9.344200134277344,21.901809692382812,11.903800010681152,18.7391300201416,1.0,0.9437025189399719,1,-0.18280029296875,-0.5005089640617371,18.471200942993164,12.789223670959473,18.187999725341797,7.058838844299316,1.0,0.7622582316398621,1,2.3790016174316406,1.0444031953811646,18.603599548339844,11.8499116897583,18.664400100708008,9.003395080566406,1.0,0.4945530593395233,0,9.775899887084961,-0.0422615222632885,78.16809844970703,54.62256622314453,73.3812026977539,70.75509643554688,1.0,0.906757116317749,1,7.1287994384765625,0.9109327793121338
1812,single_disease,73.23310089111328,65.10228729248047,73.27320098876953,56.218814849853516,1.0,0.9669836759567261,1,7.417900085449219,0.07427717745304108,0.0,0.2949250340461731,0.0,0.40764865279197693,0.0,0.23793670535087585,0,0.0,-0.11384181678295135,0.0,0.05488374084234238,0.0,0.015725744888186455,0.0,0.21824373304843903,0,0.0,-0.07916631549596786,0.0,5.664824485778809,0.0,4.585789203643799,0.0,0.43106991052627563,0,0.0,0.0263102687895298,0.0,0.08236107975244522,0.0,0.10333404690027237,0.0,0.22357085347175598,0,0.0,-0.0913780927658081
2642,single_disease,0.0,0.03773317486047745,,0.04662792757153511,0.0,0.19542159140110016,0,0.0,-0.17803730070590973,0.0,0.15754827857017517,,0.1763446182012558,0.0,0.23982983827590942,0,0.0,-0.1478745937347412,0.0,0.029360394924879074,,0.010484586469829082,0.0,0.1904851347208023,0,0.0,-0.1851024031639099,78.5967025756836,63.789546966552734,,64.60782623291016,1.0,0.9415756464004517,1,-9.585395812988281,0.7478660345077515,0.0,3.8837380409240723,,4.086456298828125,0.0,0.38786160945892334,0,0.0,0.07723446190357208
2594,single_disease,0.0,0.04385770112276077,0.0,0.05215964466333389,0.0,0.19897671043872833,0,0.0,-0.18709096312522888,0.0,0.4747700095176697,0.0,0.5491182804107666,0.0,0.27147331833839417,0,0.0,-0.168127179145813,0.0,0.18394134938716888,0.0,0.08025836199522018,0.0,0.23953717947006226,0,0.0,-0.20821042358875275,85.2979965209961,66.81764221191406,88.18209838867188,66.89676666259766,1.0,0.9513885378837585,1,-8.507400512695312,0.6419323086738586,0.0,4.336733818054199,0.0,4.613711357116699,0.0,0.3877401649951935,0,0.0,0.06817196309566498
322,multi_disease,4.885900020599365,2.7165448665618896,9.944899559020996,3.3470776081085205,1.0,0.33817213773727417,0,2.414600133895874,0.3819163143634796,0.0,0.024554500356316566,0.0,0.03179638087749481,0.0,0.16260239481925964,0,0.0,0.02741820365190506,3.0250000953674316,1.1621804237365723,4.03849983215332,0.6695456504821777,1.0,0.29449281096458435,0,0.9873001575469971,-0.14881779253482819,0.0,0.013751989230513573,0.0,0.0030180392786860466,0.0,0.1689864695072174,0,0.0,-0.20562131702899933,1.8070000410079956,0.006381514482200146,3.3060998916625977,0.007887428626418114,1.0,0.14901801943778992,0,1.8070000410079956,-0.17110764980316162
926,multi_disease,0.0,0.08866629004478455,0.0,0.10389693826436996,0.0,0.2158839851617813,0,0.0,-0.1860424280166626,72.5739974975586,21.815664291381836,76.38600158691406,19.56502342224121,1.0,0.942329466342926,1,-2.53179931640625,-0.46626344323158264,36.49089813232422,12.469816207885742,12.317000389099121,7.3124237060546875,1.0,0.8019984364509583,1,-42.81880187988281,1.5457251071929932,19.72410011291504,16.406253814697266,13.990799903869629,13.568489074707031,1.0,0.5916467308998108,1,0.5937004089355469,-0.26667484641075134,74.38140106201172,47.42329788208008,78.68560028076172,64.07121276855469,1.0,0.8710610866546631,1,4.262702941894531,0.4210241138935089
1397,single_disease,10.03499984741211,1.1646111011505127,31.49970054626465,1.3984413146972656,1.0,0.31886395812034607,0,7.150099754333496,0.3530642092227936,0.0,0.04655100405216217,0.0,0.06111818924546242,0.0,0.18077071011066437,0,0.0,-0.11276213079690933,0.0,0.025292621925473213,0.0,0.006950082257390022,0.0,0.19967316091060638,0,0.0,-0.1644268035888672,0.0,0.024958636611700058,0.0,0.006491422187536955,0.0,0.18736512959003448,0,0.0,-0.10023439675569534,0.0,0.013955513946712017,0.0,0.017213458195328712,0.0,0.16575674712657928,0,0.0,-0.06222942844033241
1090,multi_disease,0.0,0.028125319629907608,0.0,0.03442883491516113,0.0,0.17610467970371246,0,0.0,-0.2657499611377716,67.7405014038086,23.66083526611328,68.80619812011719,22.93787956237793,1.0,0.9510226845741272,1,-6.717597961425781,-0.28353989124298096,0.0,0.6198336482048035,0.0,0.23379693925380707,0.0,0.24829038977622986,0,-1.0957000255584717,-0.35968470573425293,0.0,0.16625551879405975,0.0,0.04411107674241066,0.0,0.25765901803970337,0,0.0,-0.11857011914253235,80.59320068359375,43.34009552001953,59.559600830078125,59.61222839355469,1.0,0.8503283858299255,1,12.754203796386719,0.30571261048316956
1145,multi_disease,0.0,0.04188579320907593,0.0,0.052381061017513275,0.0,0.18549247086048126,0,0.0,-0.21397799253463745,67.17610168457031,23.842639923095703,47.697898864746094,23.877704620361328,1.0,0.9507461786270142,1,-6.518898010253906,-0.286710262298584,0.0,0.2487911581993103,0.0,0.10341134667396545,0.0,0.25371479988098145,0,0.0,-0.26693132519721985,0.0,0.0671953409910202,0.0,0.016381127759814262,0.0,0.22800537943840027,0,0.0,-0.24253249168395996,9.97189998626709,49.70243453979492,2.5915000438690186,66.5009994506836,1.0,0.8828786015510559,1,-43.78889846801758,0.4897082448005676
324,multi_disease,4.828499794006348,2.590139627456665,9.8725004196167,3.1778526306152344,1.0,0.3417704999446869,0,2.1069998741149902,0.41848522424697876,0.0,0.024871883913874626,0.0,0.032308027148246765,0.0,0.16222983598709106,0,0.0,0.03541208431124687,3.3945999145507812,1.0225136280059814,4.41540002822876,0.5738998651504517,1.0,0.292414128780365,0,1.1717000007629395,-0.12873972952365875,0.0,0.012193448841571808,0.0,0.002448727609589696,0.0,0.16550153493881226,0,0.0,-0.29237666726112366,1.8476999998092651,0.0063133579678833485,3.3333001136779785,0.007802608888596296,1.0,0.14793574810028076,0,1.8476999998092651,-0.1775023639202118
773,multi_disease,0.0,0.08326123654842377,0.0,0.09092197567224503,0.0,0.21432921290397644,0,0.0,-0.08320367336273193,16.377899169921875,20.273334503173828,19.756399154663086,16.550918579101562,1.0,0.9472275972366333,1,2.5268993377685547,-0.5023484826087952,24.1476993560791,12.972428321838379,24.301599502563477,7.453134059906006,1.0,0.7658035755157471,1,0.4396991729736328,1.364099144935608,19.744400024414062,45.20515441894531,18.574100494384766,46.6746711730957,1.0,0.7907381057739258,1,-3.478300094604492,-0.18305926024913788,76.90229797363281,50.85579299926758,74.62909698486328,67.40887451171875,1.0,0.8883861303329468,1,14.125896453857422,0.41010022163391113
1908,multi_disease,71.14540100097656,66.30755615234375,59.51729965209961,57.30301284790039,1.0,0.9697852730751038,1,-2.9033966064453125,0.07669500261545181,0.0,0.30421507358551025,0.0,0.4119826555252075,0.0,0.23870597779750824,0,0.0,-0.13585643470287323,0.0,0.06481730937957764,0.0,0.019751904532313347,0.0,0.22074611485004425,0,0.0,-0.057374805212020874,4.235499858856201,12.575703620910645,6.053699970245361,10.186469078063965,1.0,0.4754641354084015,0,2.2552998065948486,-0.13197727501392365,0.0,0.03569434583187103,0.0,0.04783369228243828,0.0,0.20086820423603058,0,0.0,-0.11023524403572083
1091,multi_disease,0.0,0.03616854548454285,0.0,0.04445440694689751,0.0,0.18098734319210052,0,0.0,-0.24310067296028137,71.8718032836914,23.694087982177734,69.05390167236328,23.186994552612305,1.0,0.9516167640686035,1,-3.5318984985351562,-0.2528415620326996,0.0,0.6006743907928467,0.0,0.23170188069343567,0.0,0.24930448830127716,0,-1.0976999998092651,-0.34824106097221375,0.0,0.21018223464488983,0.0,0.05900666490197182,0.0,0.2671010494232178,0,0.0,-0.08790585398674011,79.13780212402344,43.2393913269043,58.615501403808594,59.90312194824219,1.0,0.8513712882995605,1,10.631805419921875,0.2287694811820984
343,multi_disease,9.086299896240234,1.3001048564910889,12.776100158691406,1.5295698642730713,1.0,0.31928694248199463,0,4.560199737548828,0.33021771907806396,0.0,0.02373741753399372,0.0,0.029024718329310417,0.0,0.16398711502552032,0,0.0,0.016928553581237793,3.8382999897003174,2.6320230960845947,4.674600124359131,1.3836872577667236,1.0,0.39469411969184875,0,0.8608999252319336,-0.24459956586360931,0.0,0.01118557807058096,0.0,0.0022462329361587763,0.0,0.16219773888587952,0,0.0,-0.22634311020374298,2.7695999145507812,0.04652370139956474,6.201499938964844,0.05316891893744469,1.0,0.20887437462806702,0,0.9444999694824219,-0.05552233010530472
1079,multi_disease,0.0,0.03133385255932808,0.0,0.03844278305768967,0.0,0.18212516605854034,0,0.0,-0.23405233025550842,72.5802993774414,24.02268409729004,71.54509735107422,22.573049545288086,1.0,0.9527922868728638,1,-1.477996826171875,-0.28688547015190125,0.8515999913215637,0.17761488258838654,0.0,0.07796768844127655,1.0,0.23498058319091797,0,-0.6226000189781189,-0.1505432277917862,0.0,0.20985403656959534,0.0,0.0592513345181942,0.0,0.2699955999851227,0,-1.006600022315979,-0.07376895844936371,74.29740142822266,43.12221908569336,68.12779998779297,59.02044677734375,1.0,0.8491041660308838,1,7.5630035400390625,0.18309246003627777
1432,single_disease,41.73820114135742,60.919044494628906,69.69660186767578,55.87949752807617,1.0,0.9712040424346924,1,23.258800506591797,0.09737725555896759,0.0,0.037036895751953125,0.0,0.050003498792648315,0.0,0.16739487648010254,0,0.0,-0.007370633538812399,0.0,0.02345321886241436,0.0,0.006146814674139023,0.0,0.20751449465751648,0,0.0,-0.18419012427330017,0.0,0.03450347110629082,0.0,0.00955621525645256,0.0,0.19941191375255585,0,0.0,-0.0869731679558754,0.0,0.007080976385623217,0.0,0.009217259474098682,0.0,0.14228102564811707,0,0.0,-0.19076992571353912
1847,single_disease,75.2238998413086,67.09742736816406,71.70259857177734,58.598899841308594,1.0,0.9741376638412476,1,-3.3546981811523438,0.1746014654636383,0.0,0.37108492851257324,0.0,0.5386459827423096,0.0,0.2494937926530838,0,0.0,-0.17366600036621094,0.0,0.054177217185497284,0.0,0.014719451777637005,0.0,0.19230161607265472,0,0.0,0.32510849833488464,0.0,8.58028793334961,1.94350004196167,7.157495498657227,0.0,0.45352134108543396,0,0.0,-0.09889071434736252,0.0,0.05593343451619148,0.0,0.0743194967508316,0.0,0.21505820751190186,0,0.0,-0.09483624994754791
1854,single_disease,70.31900024414062,65.15100860595703,73.24720001220703,56.634647369384766,1.0,0.9691731929779053,1,-3.4022979736328125,0.06994657963514328,0.0,0.27537956833839417,0.0,0.38603150844573975,0.0,0.23695515096187592,0,0.0,-0.11089266091585159,0.0,0.04400184005498886,0.0,0.011311220936477184,0.0,0.19352930784225464,0,0.0,0.20475821197032928,2.1738998889923096,11.307294845581055,1.940500020980835,9.36575984954834,1.0,0.4717594385147095,0,2.1738998889923096,-0.10135691612958908,0.0,0.04710102453827858,0.0,0.0632963478565216,0.0,0.20796425640583038,0,0.0,-0.1247505471110344
815,multi_disease,0.0,0.10107114166021347,0.0,0.1225857064127922,0.0,0.20927123725414276,0,0.0,-0.14564593136310577,31.499399185180664,21.879621505737305,51.40439987182617,19.020174026489258,1.0,0.9501744508743286,1,14.399999618530273,-0.2639161944389343,39.05630111694336,13.030335426330566,59.33039855957031,8.004342079162598,1.0,0.7680529952049255,1,15.639701843261719,1.289242148399353,20.908599853515625,39.728145599365234,19.616600036621094,39.26206970214844,1.0,0.7490730285644531,1,1.5548992156982422,-0.18497997522354126,76.36430358886719,54.776161193847656,77.90950012207031,71.40188598632812,1.0,0.9045349359512329,1,-1.8292999267578125,0.6440679430961609
457,multi_disease,17.249399185180664,35.510589599609375,15.921299934387207,38.431114196777344,1.0,0.8361184597015381,1,1.987198829650879,0.42080429196357727,2.394700050354004,21.386428833007812,3.078399896621704,19.033191680908203,1.0,0.9207935333251953,1,0.6347000598907471,-0.059160660952329636,9.842700004577637,12.158344268798828,9.463500022888184,7.440704345703125,1.0,0.6531122922897339,1,1.9193000793457031,0.11230704933404922,0.0,0.28765782713890076,0.0,0.12562058866024017,0.0,0.2862439751625061,0,0.0,-0.16622236371040344,68.822998046875,52.998741149902344,69.7135009765625,69.34217071533203,1.0,0.9089323282241821,1,19.838497161865234,0.5478232502937317
1158,multi_disease,0.0,0.01665179245173931,0.0,0.0201557669788599,0.0,0.16607286036014557,0,0.0,-0.2669436037540436,69.62470245361328,23.648906707763672,19.545400619506836,22.636280059814453,1.0,0.9493435025215149,1,-10.790496826171875,-0.32856976985931396,0.0,0.35656705498695374,0.0,0.16812384128570557,0.0,0.25931641459465027,0,0.0,-0.21612392365932465,0.0,0.2461821734905243,0.0,0.07512709498405457,0.0,0.2758549749851227,0,0.0,-0.012659745290875435,4.9446001052856445,45.29242706298828,2.3099000453948975,61.797428131103516,1.0,0.8603966236114502,1,-19.807300567626953,0.348049521446228
2367,multi_disease,0.0,0.05530473589897156,0.0,0.06970230489969254,0.0,0.20482665300369263,0,0.0,-0.1757250726222992,0.0,2.488154649734497,0.0,3.531796932220459,0.0,0.3852005898952484,0,0.0,-0.018728580325841904,18.7367000579834,13.301020622253418,18.144699096679688,7.186561107635498,1.0,0.7827283143997192,1,1.9001998901367188,1.4684031009674072,78.67960357666016,60.79435348510742,82.89320373535156,62.04178237915039,1.0,0.9186655282974243,1,3.4603042602539062,0.12562577426433563,0.0,14.238489151000977,0.0,14.00779914855957,0.0,0.5396361351013184,1,0.0,0.12153051793575287
297,multi_disease,2.387700080871582,4.716681480407715,4.6107001304626465,5.820651531219482,1.0,0.3629551827907562,0,1.4282000064849854,0.4250977635383606,0.0,0.02497849054634571,0.0,0.03262677788734436,0.0,0.16205427050590515,0,0.0,0.012430821545422077,2.0388998985290527,0.2874011993408203,2.9289000034332275,0.13585123419761658,1.0,0.24872328341007233,0,0.1220998764038086,-0.22208453714847565,0.0,0.011698503978550434,0.0,0.00259766704402864,0.0,0.16407695412635803,0,0.0,-0.1423530876636505,0.0,0.008883213624358177,1.7888000011444092,0.010736142285168171,0.0,0.15801022946834564,0,0.0,-0.12422285228967667
2323,multi_disease,0.0,0.06513551622629166,0.0,0.08277808129787445,0.0,0.20765939354896545,0,-0.9708999991416931,-0.23451575636863708,0.0,0.9682673215866089,0.0,1.17767333984375,0.0,0.2955942451953888,0,0.0,-0.17723263800144196,14.610099792480469,10.869854927062988,16.773799896240234,4.91393518447876,1.0,0.6505020260810852,1,7.111299991607666,0.7173796892166138,77.92150115966797,62.872840881347656,74.57730102539062,64.08011627197266,1.0,0.933634877204895,1,-5.664802551269531,0.2802385985851288,0.0,20.610429763793945,0.0,25.9798583984375,0.0,0.670398473739624,1,-1.166100025177002,-0.1677265614271164
2480,multi_disease,0.0,0.04238162189722061,0.0,0.052878424525260925,0.0,0.19476260244846344,0,0.0,-0.29758915305137634,0.0,0.2066640853881836,0.0,0.24829216301441193,0.0,0.23572686314582825,0,0.0,-0.15582942962646484,15.69849967956543,12.45893669128418,5.393499851226807,4.555945873260498,1.0,0.7506607174873352,1,-1.9092998504638672,0.7686576843261719,68.39440155029297,60.467899322509766,79.46199798583984,61.805416107177734,1.0,0.9193183183670044,1,-14.923301696777344,0.22295783460140228,0.0,13.135946273803711,0.0,12.586535453796387,0.0,0.5004227161407471,1,0.0,0.1589694619178772
2172,multi_disease,69.85790252685547,60.769134521484375,33.393001556396484,54.085723876953125,1.0,0.9687643051147461,1,-13.031097412109375,0.1443360447883606,0.0,0.2001623660326004,0.0,0.28103160858154297,0.0,0.23193003237247467,0,0.0,-0.1572391241788864,0.4097000062465668,1.7361266613006592,0.5490000247955322,1.0228381156921387,1.0,0.31696996092796326,0,0.4097000062465668,-0.07120875269174576,87.29290008544922,67.81755828857422,84.78389739990234,70.60194396972656,1.0,0.9662021994590759,1,15.557098388671875,0.45701614022254944,16.484800338745117,31.919818878173828,14.628299713134766,46.20573043823242,1.0,0.794074535369873,1,0.6950006484985352,-0.014958021230995655
1618,single_disease,77.32839965820312,66.71520233154297,74.54640197753906,58.25690460205078,1.0,0.9724547266960144,1,-8.716400146484375,0.09035457670688629,0.0,0.19093234837055206,0.0,0.278646320104599,0.0,0.22271089255809784,0,0.0,-0.09718901664018631,0.0,0.06571788340806961,0.0,0.019792018458247185,0.0,0.22165006399154663,0,0.0,0.01337303314357996,0.0,7.437838077545166,0.0,6.19912576675415,0.0,0.4469660818576813,0,0.0,-0.08308587223291397,0.0,0.05318227782845497,0.0,0.06857683509588242,0.0,0.21266566216945648,0,0.0,-0.08711009472608566
1647,single_disease,71.88009643554688,65.9088363647461,74.38140106201172,57.452423095703125,1.0,0.9708312153816223,1,-5.693305969238281,0.07472752779722214,0.0,0.23246882855892181,0.0,0.3127927780151367,0.0,0.22687944769859314,0,0.0,-0.10828262567520142,0.0,0.0323457196354866,0.0,0.007678633090108633,0.0,0.1858113557100296,0,0.0,0.10376660525798798,0.0,5.450042247772217,0.0,4.52052640914917,0.0,0.4305803179740906,0,0.0,0.02293931320309639,0.0,0.13823093473911285,0.0,0.16472354531288147,0.0,0.2380908578634262,0,0.0,-0.08870774507522583
1581,single_disease,86.64029693603516,67.2857894897461,75.70220184326172,58.95857238769531,1.0,0.9744037389755249,1,8.1376953125,0.1514786034822464,0.0,0.32438379526138306,0.0,0.5090522170066833,0.0,0.24747030436992645,0,0.0,-0.1867690235376358,0.0,0.16444462537765503,0.0,0.04970205947756767,0.0,0.2200014591217041,0,0.0,0.2806529104709625,0.0,6.8876953125,0.0,5.725779056549072,0.0,0.4445527493953705,0,0.0,-0.09862780570983887,0.0,0.05034816637635231,0.0,0.06662364304065704,0.0,0.20931647717952728,0,0.0,-0.1212027370929718
1188,multi_disease,0.0,0.029678726568818092,0.0,0.03769432380795479,0.0,0.17555832862854004,0,0.0,-0.26493752002716064,15.977499961853027,23.54496955871582,7.873700141906738,22.52312469482422,1.0,0.9441739320755005,1,-48.08270263671875,-0.32237929105758667,0.0,0.15018649399280548,0.0,0.04684348404407501,0.0,0.2241276204586029,0,0.0,-0.4124365746974945,0.0,0.03822760656476021,0.0,0.007956929504871368,0.0,0.20336998999118805,0,0.0,-0.2651859521865845,2.3362998962402344,14.224074363708496,2.0125999450683594,13.822834014892578,1.0,0.5315746068954468,1,-1.354099988937378,0.12728306651115417
1536,single_disease,79.46549987792969,65.63792419433594,79.80709838867188,58.613250732421875,1.0,0.9774956703186035,1,5.2718963623046875,0.24375203251838684,0.0,0.10103090107440948,0.0,0.15350539982318878,0.0,0.20565472543239594,0,0.0,-0.11253361403942108,0.0,0.0689135193824768,0.0,0.018573971465229988,0.0,0.22059841454029083,0,0.0,-0.0669630914926529,0.0,1.3869781494140625,0.0,0.8911681175231934,0.0,0.3584635555744171,0,0.0,0.10823215544223785,0.0,0.017972083762288094,0.0,0.023106541484594345,0.0,0.1734621375799179,0,0.0,-0.17999766767024994
2488,multi_disease,0.0,0.04529546573758125,0.0,0.05818888917565346,0.0,0.19671735167503357,0,0.0,-0.24174825847148895,0.0,1.0169436931610107,0.0,1.3324357271194458,0.0,0.3122906982898712,0,0.0,-0.11917567998170853,12.753000259399414,12.680085182189941,3.654099941253662,6.310836315155029,1.0,0.7744088768959045,1,-7.779399871826172,1.4272606372833252,78.80000305175781,60.186397552490234,75.44650268554688,61.44486618041992,1.0,0.9188918471336365,1,3.161102294921875,0.15925949811935425,0.0,14.173645973205566,0.0,13.581624984741211,0.0,0.5204042196273804,1,0.0,0.14492227137088776
1671,single_disease,74.38140106201172,66.50991821289062,82.72370147705078,57.82866668701172,1.0,0.9705541729927063,1,2.5013046264648438,0.08415192365646362,0.0,0.25537556409835815,0.0,0.34133023023605347,0.0,0.22964388132095337,0,0.0,-0.12573781609535217,0.0,0.035311076790094376,0.0,0.008882899768650532,0.0,0.18962229788303375,0,0.0,0.18536609411239624,0.0,2.9299323558807373,0.0,2.181701421737671,0.0,0.3999193012714386,0,0.0,0.08281825482845306,0.0,0.08995354920625687,0.0,0.11046150326728821,0.0,0.2232653647661209,0,0.0,-0.09600239247083664
1161,multi_disease,0.0,0.01798173412680626,0.0,0.022412573918700218,0.0,0.16878345608711243,0,0.0,-0.2594856023788452,68.20960235595703,23.7466983795166,17.309099197387695,22.739002227783203,1.0,0.9518559575080872,1,-5.476799011230469,-0.3240150809288025,0.0,0.6688613295555115,0.0,0.32472795248031616,0.0,0.28305956721305847,0,0.0,-0.22063608467578888,0.0,0.32262909412384033,0.0,0.11317945271730423,0.0,0.29286104440689087,0,0.0,-0.07682272791862488,4.342800140380859,46.84705352783203,2.3013999462127686,63.49610137939453,1.0,0.8681802749633789,1,-13.997699737548828,0.3535672426223755
114,healthy,0.0,5.090511798858643,0.0,6.043195724487305,0.0,0.361401230096817,0,0.0,0.39696162939071655,0.0,0.04093484953045845,0.0,0.049179915338754654,0.0,0.1794220209121704,0,0.0,-0.06421692669391632,0.0,0.017628466710448265,0.0,0.004803114105015993,0.0,0.19182050228118896,0,0.0,-0.10867002606391907,0.0,0.009847101755440235,0.0,0.0019514418672770262,0.0,0.1584317982196808,0,0.0,-0.21408899128437042,0.0,0.008356566540896893,0.0,0.010140215046703815,0.0,0.1552712619304657,0,0.0,-0.06170067563652992
2260,multi_disease,1.933500051498413,38.65385818481445,1.0097999572753906,38.31528091430664,1.0,0.8500818610191345,1,-4.5634002685546875,0.3221709430217743,0.0,0.8556048274040222,0.0,1.105053424835205,0.0,0.28861716389656067,0,0.0,-0.18565446138381958,1.9289000034332275,8.435687065124512,3.7218000888824463,5.560862064361572,1.0,0.36083361506462097,0,0.7561999559402466,-0.14525844156742096,84.57859802246094,67.06002807617188,84.10990142822266,67.98928833007812,1.0,0.9539259076118469,1,-3.4337997436523438,0.4616742432117462,15.072600364685059,25.084854125976562,2.9851999282836914,36.01322555541992,1.0,0.7340291738510132,1,0.5614004135131836,-0.06432460993528366
1374,healthy,3.1340999603271484,1.0406910181045532,11.319100379943848,1.23637855052948,1.0,0.31146571040153503,0,3.1340999603271484,0.4103429913520813,0.0,0.08034593611955643,0.0,0.09871814399957657,0.0,0.1989152878522873,0,0.0,-0.11420434713363647,0.0,0.020824890583753586,0.0,0.005590560846030712,0.0,0.19649717211723328,0,0.0,-0.16355930268764496,0.0,0.10512828826904297,0.0,0.037784770131111145,0.0,0.23609879612922668,0,0.0,0.15306949615478516,0.0,0.004661168437451124,0.0,0.006169494241476059,0.0,0.14027182757854462,0,0.0,-0.17956069111824036
2535,multi_disease,0.0,0.03313389793038368,0.0,0.04321255162358284,0.0,0.18407079577445984,0,0.0,-0.23660340905189514,0.0,0.16262850165367126,0.0,0.2053815871477127,0.0,0.22114861011505127,0,0.0,-0.15241745114326477,0.8123000264167786,10.915669441223145,0.0,6.543127536773682,1.0,0.6058235168457031,1,-2.9007999897003174,0.044764354825019836,77.30180358886719,58.15384292602539,80.46929931640625,59.752357482910156,1.0,0.916485607624054,1,-0.4102935791015625,0.4662875235080719,0.0,10.209314346313477,0.0,10.049412727355957,0.0,0.4717922806739807,0,0.0,0.02686934918165207
1132,multi_disease,0.0,0.028193671256303787,0.0,0.035056427121162415,0.0,0.1805502027273178,0,0.0,-0.2408747524023056,85.03910064697266,23.909671783447266,72.1532974243164,23.23724365234375,1.0,0.9523404240608215,1,10.254600524902344,-0.26382988691329956,0.0,0.23187820613384247,0.0,0.09274747222661972,0.0,0.2498410940170288,0,0.0,-0.27047377824783325,0.0,0.029692647978663445,0.0,0.007228583097457886,0.0,0.19428998231887817,0,0.0,-0.13946296274662018,28.866500854492188,38.590354919433594,5.4446001052856445,53.33622741699219,1.0,0.82288658618927,1,-46.42060089111328,0.07537353783845901
462,multi_disease,16.79949951171875,10.570671081542969,14.249600410461426,12.450112342834473,1.0,0.3895885944366455,0,2.050299644470215,0.34145087003707886,2.419100046157837,19.524169921875,2.833699941635132,16.078689575195312,1.0,0.9112746715545654,1,0.2848999500274658,-0.3658294677734375,9.351799964904785,12.417362213134766,10.042699813842773,7.64686393737793,1.0,0.692183256149292,1,1.382199764251709,0.35451313853263855,0.0,0.21957279741764069,0.0,0.08932667970657349,0.0,0.26883310079574585,0,0.0,-0.023857511579990387,72.10209655761719,50.82126998901367,67.67469787597656,66.82279968261719,1.0,0.8962337970733643,1,17.84459686279297,0.5365580916404724
805,multi_disease,0.0,0.1361837089061737,0.0,0.15669867396354675,0.0,0.229730024933815,0,0.0,-0.06447096168994904,22.97640037536621,21.474971771240234,41.98910140991211,18.066368103027344,1.0,0.9505017995834351,1,8.123800277709961,-0.4709939658641815,29.072599411010742,11.586380958557129,47.59090042114258,7.138864040374756,1.0,0.7221357822418213,1,9.07029914855957,1.01219642162323,19.653799057006836,36.01008224487305,19.70490074157715,35.35717010498047,1.0,0.7404139041900635,1,0.6995983123779297,-0.28463634848594666,80.12159729003906,55.32453155517578,79.0,71.19307708740234,1.0,0.9079828858375549,1,5.587196350097656,0.9940613508224487
1505,single_disease,68.6937026977539,66.08912658691406,73.25759887695312,58.07754898071289,1.0,0.9733348488807678,1,-9.277694702148438,0.13726641237735748,0.0,0.10445569455623627,0.0,0.14184997975826263,0.0,0.2027144730091095,0,0.0,-0.02328849583864212,0.0,0.0413006916642189,0.0,0.01084730215370655,0.0,0.1925293654203415,0,0.0,0.2761962413787842,0.0,0.4535321593284607,0.0,0.21820694208145142,0.0,0.3171517550945282,0,0.0,-0.14007321000099182,0.0,0.012782935984432697,0.0,0.016882702708244324,0.0,0.1646973192691803,0,0.0,-0.17951937019824982
46,healthy,0.0,6.070452690124512,0.0,7.092953681945801,0.0,0.3659994304180145,0,0.0,0.27044904232025146,0.0,0.1197778582572937,0.0,0.16784532368183136,0.0,0.20457647740840912,0,0.0,-0.21372579038143158,0.0,0.08730468899011612,0.0,0.02906143292784691,0.0,0.23297306895256042,0,0.0,-0.18120339512825012,0.0,0.0460129976272583,0.0,0.012284617871046066,0.0,0.21055547893047333,0,0.0,-0.19584719836711884,0.0,0.006433843169361353,0.0,0.008075113408267498,0.0,0.14712247252464294,0,0.0,-0.1384313851594925
759,multi_disease,0.0,0.15912197530269623,0.0,0.18760856986045837,0.0,0.22806474566459656,0,0.0,-0.08463312685489655,13.592100143432617,21.68743324279785,15.704400062561035,18.748870849609375,1.0,0.9468330144882202,1,1.7323999404907227,-0.43810224533081055,25.411500930786133,11.611238479614258,19.910600662231445,6.296311855316162,1.0,0.732180118560791,1,6.330900192260742,0.8925319314002991,20.585800170898438,31.754961013793945,20.3435001373291,30.285158157348633,1.0,0.710761308670044,1,0.9335994720458984,-0.20500949025154114,70.18090057373047,56.3087043762207,76.51940155029297,72.06997680664062,1.0,0.9125143885612488,1,-4.296699523925781,1.029719352722168
2349,multi_disease,0.0,0.044179435819387436,0.0,0.0560934953391552,0.0,0.19369176030158997,0,0.0,-0.2801671028137207,0.0,0.2912657558917999,0.0,0.36724984645843506,0.0,0.24522078037261963,0,0.0,-0.1658775359392166,18.003000259399414,11.302701950073242,17.019699096679688,4.887850761413574,1.0,0.7432060837745667,1,3.408599853515625,1.113121747970581,74.95099639892578,63.06920623779297,86.50669860839844,64.03826141357422,1.0,0.9370202422142029,1,-5.275001525878906,0.47541719675064087,0.0,13.94937515258789,0.0,13.34786605834961,0.0,0.5085914134979248,1,0.0,0.17862282693386078
1089,multi_disease,0.0,0.023564081639051437,0.0,0.028782576322555542,0.0,0.17305193841457367,0,0.0,-0.27790015935897827,66.86360168457031,23.65188217163086,70.77870178222656,22.833820343017578,1.0,0.9498929977416992,1,-7.4542999267578125,-0.30534088611602783,0.0,0.6916340589523315,0.0,0.2622946500778198,0.0,0.2494964599609375,0,-1.138800024986267,-0.359447717666626,0.0,0.11466097831726074,0.0,0.029055338352918625,0.0,0.24427762627601624,0,0.0,-0.17030863463878632,77.99369812011719,43.51207733154297,61.481201171875,59.503196716308594,1.0,0.8501152992248535,1,9.339797973632812,0.38072866201400757
1523,single_disease,72.18229675292969,66.57882690429688,74.64209747314453,58.361732482910156,1.0,0.9728423953056335,1,6.094993591308594,0.10207250714302063,0.0,0.07782132178544998,0.0,0.10873646289110184,0.0,0.19245970249176025,0,0.0,-0.043258603662252426,0.0,0.06662376970052719,0.0,0.02067626267671585,0.0,0.23504504561424255,0,0.0,-0.14129610359668732,0.0,1.8888189792633057,0.0,1.204704761505127,0.0,0.38405367732048035,0,0.0,-0.008225161582231522,0.0,0.013023258186876774,0.0,0.017127258703112602,0.0,0.16837987303733826,0,0.0,-0.14682456851005554
141,healthy,0.0,6.022635459899902,0.0,7.227518558502197,0.0,0.3654046952724457,0,0.0,0.3372449278831482,0.0,0.04889509454369545,0.0,0.06540268659591675,0.0,0.17785455286502838,0,0.0,-0.11063192784786224,0.0,0.02461974136531353,1.4076000452041626,0.00688103586435318,0.0,0.20122551918029785,0,0.0,-0.1640060395002365,0.0,0.015161261893808842,0.0,0.0034660152159631252,0.0,0.1731470823287964,0,0.0,-0.22651860117912292,0.0,0.004793285392224789,0.0,0.00602213479578495,0.0,0.14200499653816223,0,0.0,-0.10705254971981049
827,multi_disease,0.0,0.061714865267276764,0.0,0.07222264260053635,0.0,0.2106618732213974,0,0.0,-0.018596116453409195,43.2057991027832,21.1395206451416,69.37090301513672,18.445119857788086,1.0,0.9450620412826538,1,21.13789939880371,-0.4924827218055725,46.10609817504883,11.568512916564941,63.445499420166016,7.692261219024658,1.0,0.7702558040618896,1,18.34419822692871,1.7939447164535522,20.356000900268555,30.22694969177246,19.610700607299805,27.9449405670166,1.0,0.6932774782180786,1,1.0158004760742188,-0.34678131341934204,76.21499633789062,48.06632614135742,76.05400085449219,65.21695709228516,1.0,0.8771336078643799,1,-5.7350006103515625,0.36789900064468384
725,multi_disease,0.0,0.09492898732423782,0.0,0.10607494413852692,0.0,0.21454839408397675,0,0.0,-0.059215959161520004,12.004500389099121,21.52762794494629,13.85099983215332,18.230510711669922,1.0,0.9402468800544739,1,2.5387001037597656,-0.5412431955337524,18.148700714111328,13.693338394165039,23.70800018310547,7.9946746826171875,1.0,0.7652559876441956,1,0.6371002197265625,1.2274271249771118,18.656999588012695,35.18019485473633,23.222700119018555,34.815185546875,1.0,0.7281749248504639,1,2.8297996520996094,-0.20017147064208984,78.00640106201172,52.928287506103516,62.77640151977539,69.58834838867188,1.0,0.9006028771400452,1,1.301300048828125,0.6262470483779907
1213,multi_disease,0.0,0.033360403031110764,0.0,0.04185200855135918,0.0,0.1802603304386139,0,0.0,-0.17862819135189056,7.892600059509277,23.620868682861328,3.6991000175476074,21.658662796020508,1.0,0.9583129286766052,1,-7.938899993896484,-0.43285179138183594,0.0,0.10913895815610886,0.0,0.031667809933423996,0.0,0.21769438683986664,0,0.0,-0.351683646440506,0.0,0.029163295403122902,0.0,0.005748152732849121,0.0,0.19402767717838287,0,0.0,-0.2975943386554718,1.9357000589370728,4.882180213928223,1.4594999551773071,4.900791645050049,1.0,0.40942421555519104,0,-0.45559990406036377,0.0714297816157341
2666,single_disease,,0.04267696663737297,,0.05409576743841171,,0.18913742899894714,0,,-0.20221038162708282,,0.0677739828824997,,0.07213953882455826,,0.20669803023338318,0,,-0.11683807522058487,,0.017112240195274353,,0.005137024447321892,,0.18452058732509613,0,,-0.14272864162921906,,58.42261505126953,,59.431880950927734,,0.9221916794776917,1,,0.6239117383956909,,1.6605894565582275,,1.7319821119308472,,0.33749231696128845,0,,0.11528974771499634
1978,multi_disease,67.37689971923828,66.372314453125,70.0886001586914,57.50453567504883,1.0,0.9683530926704407,1,-3.6504974365234375,0.06888192892074585,0.0,0.7289136052131653,0.0,0.9792287945747375,0.0,0.2803983986377716,0,0.0,-0.16000808775424957,0.0,0.051048438996076584,0.0,0.014379511587321758,0.0,0.21203921735286713,0,0.0,-0.1317637413740158,26.156600952148438,46.22688674926758,40.47710037231445,51.958091735839844,1.0,0.8783036470413208,1,9.77760124206543,0.47845974564552307,1.0654000043869019,0.4062778353691101,6.824900150299072,0.5005732774734497,1.0,0.30490028858184814,0,0.39969998598098755,0.5044052600860596
1944,multi_disease,62.694801330566406,64.20044708251953,75.9094009399414,55.802024841308594,1.0,0.9695681929588318,1,-9.291496276855469,0.09581895172595978,0.0,0.3609960675239563,0.0,0.5133500099182129,0.0,0.2479953169822693,0,0.0,-0.10632913559675217,0.0,0.04217386990785599,0.0,0.010586355812847614,0.0,0.1827482432126999,0,0.0,0.19358058273792267,10.408499717712402,10.772438049316406,21.874099731445312,8.870180130004883,1.0,0.4665665030479431,0,5.913299560546875,-0.11429618299007416,0.0,0.08281536400318146,0.9628999829292297,0.10773106664419174,0.0,0.22694844007492065,0,0.0,-0.092630535364151
316,multi_disease,3.860300064086914,8.873003005981445,7.977499961853027,10.463142395019531,1.0,0.4026854932308197,0,1.9230000972747803,0.5266830325126648,0.0,0.03516567870974541,0.0,0.04572141543030739,0.0,0.17062142491340637,0,0.0,0.015546810813248158,3.4007999897003174,1.4515087604522705,4.062099933624268,0.8253721594810486,1.0,0.29926395416259766,0,1.3557000160217285,-0.20312847197055817,0.0,0.021991940215229988,0.0,0.0056760660372674465,0.0,0.18184404075145721,0,0.0,-0.007430571131408215,1.9943000078201294,0.007114723790436983,2.482599973678589,0.008983469568192959,1.0,0.1527787297964096,0,1.9943000078201294,-0.11282308399677277
1822,single_disease,78.5696029663086,65.36759185791016,78.38980102539062,57.26348876953125,1.0,0.97257000207901,1,8.065200805664062,0.12139900028705597,0.0,0.3228360414505005,0.0,0.4554188847541809,0.0,0.24273252487182617,0,0.0,-0.137595996260643,0.0,0.047098420560359955,0.0,0.011265688575804234,0.0,0.18386976420879364,0,0.0,0.057146381586790085,0.0,7.249735355377197,0.0,6.2360053062438965,0.0,0.4450307786464691,0,0.0,0.0064360229298472404,0.0,0.1476847231388092,0.0,0.1865788996219635,0.0,0.2464960515499115,0,0.0,-0.06610678881406784
195,single_disease,0.0,0.9256722331047058,0.0,1.1190608739852905,0.0,0.2955005168914795,0,0.0,0.20545262098312378,0.0,0.024183085188269615,0.0,0.0316181518137455,0.0,0.16460715234279633,0,0.0,0.015012589283287525,1.0365999937057495,0.7880654335021973,0.6244999766349792,0.4047110080718994,1.0,0.2853280007839203,0,-0.3174999952316284,-0.18271087110042572,0.0,0.04657009243965149,0.0,0.013161885552108288,0.0,0.21113353967666626,0,0.0,-0.22191770374774933,0.0,0.009921401739120483,0.0,0.012407240457832813,0.0,0.1618575155735016,0,0.0,-0.09617302566766739
1884,multi_disease,74.04879760742188,65.37178802490234,71.14540100097656,56.44013977050781,1.0,0.9685445427894592,1,4.5453948974609375,0.03154855594038963,0.0,0.4712693989276886,0.0,0.6579751968383789,0.0,0.258757621049881,0,0.0,-0.13346368074417114,0.0,0.06982161104679108,0.0,0.020806510001420975,0.0,0.21731425821781158,0,0.0,-0.11319991946220398,1.9802000522613525,13.441512107849121,4.235499858856201,10.97599983215332,1.0,0.4840017259120941,0,-0.05500006675720215,-0.12722612917423248,0.0,0.0460309199988842,0.0,0.06092057004570961,0.0,0.20946967601776123,0,0.0,-0.10544425994157791
2442,multi_disease,0.0,0.06910523027181625,0.0,0.08671212941408157,0.0,0.20716159045696259,0,0.0,-0.21559281647205353,0.0,3.639137029647827,0.0,5.632709980010986,0.0,0.4331519603729248,0,0.0,0.022126048803329468,16.86370086669922,12.55080509185791,20.659400939941406,6.619837760925293,1.0,0.7639816999435425,1,-0.1139984130859375,1.13466215133667,87.08200073242188,61.224525451660156,75.36299896240234,62.52919387817383,1.0,0.9222323298454285,1,6.935302734375,0.1364281177520752,0.0,14.7686767578125,0.0,15.045876502990723,0.0,0.5612560510635376,1,0.0,0.06984607130289078
1827,single_disease,78.75659942626953,65.65482330322266,76.88690185546875,57.132537841796875,1.0,0.9713144898414612,1,-0.8741989135742188,0.13015258312225342,0.0,0.32450687885284424,0.0,0.45411986112594604,0.0,0.24301764369010925,0,0.0,-0.10647332668304443,0.0,0.05016685277223587,0.0,0.012185999192297459,0.0,0.19722506403923035,0,0.0,-0.06742586195468903,0.0,8.205720901489258,0.0,6.856324672698975,0.0,0.44928115606307983,0,0.0,-0.0013847569935023785,0.0,0.053532134741544724,0.0,0.07134543359279633,0.0,0.2134670615196228,0,0.0,-0.10346843302249908
996,multi_disease,0.0,0.03955695033073425,0.0,0.04807816445827484,0.0,0.18165872991085052,0,0.0,-0.21553781628608704,85.09709930419922,23.24580955505371,75.64649963378906,21.84420394897461,1.0,0.94983971118927,1,10.897201538085938,-0.3351607918739319,5.539100170135498,9.851341247558594,3.4507999420166016,6.621113300323486,1.0,0.6786884069442749,1,-3.2400994300842285,0.005185526795685291,6.548099994659424,17.715852737426758,4.332900047302246,15.015164375305176,1.0,0.6064993143081665,1,-0.9001002311706543,0.08520939946174622,71.67410278320312,45.42862319946289,87.28369903564453,62.6169319152832,1.0,0.8633503913879395,1,-5.877197265625,0.2067568302154541
160,healthy,0.0,3.5498597621917725,0.0,4.318243026733398,0.0,0.3434617221355438,0,0.0,0.3547309935092926,0.0,0.11055249720811844,0.0,0.12908385694026947,0.0,0.21606768667697906,0,0.0,-0.11357349157333374,1.4071999788284302,0.02286745049059391,1.0283000469207764,0.0067947558127343655,1.0,0.1931830793619156,0,1.4071999788284302,-0.11761528253555298,0.0,0.019281582906842232,0.0,0.004193433094769716,0.0,0.17833049595355988,0,0.0,-0.2397199273109436,0.0,0.009748310782015324,0.0,0.011883862316608429,0.0,0.1611173450946808,0,0.0,-0.02326679602265358
2297,multi_disease,1.0394999980926514,0.08241517841815948,0.0,0.10185304284095764,1.0,0.21455755829811096,0,-0.22200000286102295,-0.11600072681903839,0.0,1.1494086980819702,0.0,1.3819491863250732,0.0,0.30589503049850464,0,0.0,-0.17619405686855316,7.023900032043457,8.055586814880371,14.755000114440918,5.280521869659424,1.0,0.3514171838760376,0,5.064899921417236,-0.1478741616010666,82.47160339355469,64.2631607055664,77.18840026855469,65.32232666015625,1.0,0.9391363263130188,1,0.08990478515625,0.25773105025291443,1.1578999757766724,38.672157287597656,0.0,54.927982330322266,1.0,0.8304765820503235,1,-5.392499923706055,0.1412317156791687
1318,single_disease,0.0,0.8611552715301514,0.0,1.0299994945526123,0.0,0.3044831156730652,0,0.0,0.25096312165260315,0.6075999736785889,0.434867799282074,0.0,0.6543311476707458,1.0,0.2650519907474518,0,-0.07360005378723145,-0.10778502374887466,0.0,0.039505306631326675,0.0,0.010558368638157845,0.0,0.19919411838054657,0,0.0,-0.24847537279129028,0.0,0.05652546510100365,0.0,0.018175728619098663,0.0,0.21781601011753082,0,0.0,-0.0912361890077591,0.0,0.006640993524342775,0.0,0.008418223820626736,0.0,0.14436468482017517,0,0.0,-0.1923639327287674
749,multi_disease,0.0,0.10808097571134567,0.0,0.1214151605963707,0.0,0.21560180187225342,0,0.0,-0.05972951650619507,13.85099983215332,22.169788360595703,16.377899169921875,18.915817260742188,1.0,0.9472583532333374,1,1.8464994430541992,-0.45800352096557617,23.70800018310547,12.719233512878418,24.1476993560791,7.822336196899414,1.0,0.7492715120315552,1,5.559299468994141,1.0773051977157593,23.222700119018555,41.426979064941406,19.744400024414062,42.11594772338867,1.0,0.7741800546646118,1,4.565700531005859,-0.21780961751937866,62.77640151977539,53.145809173583984,76.90229797363281,70.26142120361328,1.0,0.8994609117507935,1,-15.229999542236328,0.5425436496734619
307,multi_disease,3.295099973678589,7.786870956420898,5.843500137329102,9.492146492004395,1.0,0.3744522035121918,0,1.962999939918518,0.39747053384780884,0.0,0.03181757777929306,0.0,0.04167556017637253,0.0,0.1664855182170868,0,0.0,-0.016661472618579865,2.359800100326538,0.6677287817001343,3.760999917984009,0.3513425886631012,1.0,0.271115243434906,0,0.40180015563964844,-0.10187268257141113,0.0,0.00836717989295721,0.0,0.0018201832426711917,0.0,0.1549801081418991,0,0.0,-0.11365948617458344,1.9472999572753906,0.006221711169928312,1.9958000183105469,0.007782167289406061,1.0,0.15151534974575043,0,1.9472999572753906,-0.05366060882806778
500,multi_disease,13.143899917602539,24.45014190673828,14.792499542236328,28.47972869873047,1.0,0.7685683965682983,1,-1.2505998611450195,0.4404601454734802,2.8006999492645264,21.695646286010742,4.154600143432617,19.528173446655273,1.0,0.9339118599891663,1,0.0002999305725097656,-0.24074304103851318,9.16919994354248,9.57569694519043,9.561699867248535,5.791228294372559,1.0,0.6887582540512085,1,0.23620033264160156,0.47315898537635803,0.0,0.9148405194282532,0.0,0.4977310001850128,0.0,0.3457690179347992,0,0.0,-0.04117117077112198,78.88330078125,53.37938690185547,76.51029968261719,70.44807434082031,1.0,0.9080759286880493,1,10.432899475097656,0.7244279980659485
1873,single_disease,73.8324966430664,63.903045654296875,76.36039733886719,55.36794662475586,1.0,0.9686060547828674,1,-2.5302047729492188,0.0813431590795517,0.0,0.5298629403114319,0.0,0.7506430745124817,0.0,0.2669183909893036,0,0.0,-0.12356918305158615,0.0,0.04809867590665817,0.0,0.012272827327251434,0.0,0.18637102842330933,0,0.0,0.18092204630374908,1.8559000492095947,11.781794548034668,2.9386000633239746,9.626914024353027,1.0,0.47210657596588135,0,1.8559000492095947,-0.12291206419467926,0.0,0.060641609132289886,0.0,0.08132851868867874,0.0,0.2211451679468155,0,0.0,-0.08359616994857788
748,multi_disease,0.0,0.11932003498077393,0.0,0.13566556572914124,0.0,0.21693213284015656,0,0.0,-0.07783836126327515,13.873600006103516,22.36491584777832,16.415599822998047,19.36581802368164,1.0,0.947125256061554,1,2.04580020904541,-0.41449257731437683,23.386699676513672,12.68021011352539,24.907400131225586,7.909728527069092,1.0,0.7553878426551819,1,6.176599502563477,1.1653339862823486,21.950199127197266,43.424068450927734,19.375900268554688,44.57277297973633,1.0,0.787868320941925,1,3.3434982299804688,-0.20524421334266663,62.5359992980957,53.55043411254883,77.33509826660156,70.64314270019531,1.0,0.9009208083152771,1,-15.329303741455078,0.5403807759284973
726,multi_disease,0.0,0.08544957637786865,0.0,0.09554097056388855,0.0,0.21306559443473816,0,0.0,-0.048720840364694595,12.06980037689209,21.32111167907715,13.162300109863281,17.91324234008789,1.0,0.9398433566093445,1,3.0418004989624023,-0.550624430179596,18.154199600219727,13.389006614685059,23.333900451660156,7.8498735427856445,1.0,0.7594830989837646,1,-0.025899887084960938,1.1857171058654785,18.89739990234375,42.94797134399414,23.5398006439209,43.865760803222656,1.0,0.7785561680793762,1,2.6819000244140625,-0.21554096043109894,76.1104965209961,52.97768020629883,64.3051986694336,69.45491027832031,1.0,0.9014840126037598,1,0.495697021484375,0.6792733669281006
1691,single_disease,79.46050262451172,65.69395446777344,73.32740020751953,57.11442947387695,1.0,0.9697949290275574,1,7.455604553222656,0.03976958617568016,0.0,0.15608973801136017,0.0,0.2222432792186737,0.0,0.21757027506828308,0,0.0,-0.1171366423368454,0.0,0.05337744951248169,0.0,0.015237540006637573,0.0,0.2100251019001007,0,0.0,-0.04590749740600586,0.0,4.936347007751465,0.0,3.757458448410034,0.0,0.42341285943984985,0,0.0,0.006586520001292229,0.0,0.03919944912195206,0.0,0.04961641505360603,0.0,0.2013280987739563,0,0.0,-0.10338319092988968
1125,multi_disease,0.0,0.029493769630789757,0.0,0.036241959780454636,0.0,0.17909175157546997,0,0.0,-0.22007383406162262,77.46060180664062,24.139001846313477,67.91259765625,22.988351821899414,1.0,0.9554786682128906,1,1.0008010864257812,-0.2606026828289032,0.0,0.23574668169021606,0.0,0.10327852517366409,0.0,0.24551141262054443,0,0.0,-0.1744820475578308,0.0,0.07531817257404327,0.0,0.018872763961553574,0.0,0.2292797565460205,0,0.0,-0.18453054130077362,42.52920150756836,47.23720169067383,8.066100120544434,63.2265739440918,1.0,0.8688658475875854,1,-26.552600860595703,0.2997419536113739
1921,multi_disease,68.54029846191406,63.71361541748047,62.53860092163086,54.787803649902344,1.0,0.9663183689117432,1,-7.820098876953125,0.16177543997764587,0.0,0.37859055399894714,0.0,0.5370455980300903,0.0,0.24989819526672363,0,0.0,-0.13551349937915802,0.0,0.04772743582725525,0.0,0.012745875865221024,0.0,0.19360093772411346,0,0.0,0.2824235260486603,4.755899906158447,12.816816329956055,11.340800285339355,10.405607223510742,1.0,0.4775092303752899,0,1.8172998428344727,-0.1306268721818924,0.0,0.03983459249138832,0.0,0.053841136395931244,0.0,0.20331652462482452,0,0.0,-0.13946199417114258
1552,single_disease,75.5739974975586,67.04540252685547,79.5176010131836,58.02555847167969,1.0,0.9706032872200012,1,2.9777984619140625,0.14776715636253357,0.0,0.13661353290081024,0.0,0.18635667860507965,0.0,0.2094326615333557,0,0.0,-0.10790004581212997,0.0,0.032993659377098083,0.0,0.008793679997324944,0.0,0.19689388573169708,0,0.0,0.1444426029920578,0.0,0.8794732093811035,0.0,0.5021219849586487,0.0,0.3456765413284302,0,0.0,-0.0641360953450203,0.0,0.019933871924877167,0.0,0.026678211987018585,0.0,0.18070648610591888,0,0.0,-0.14276351034641266
566,multi_disease,15.266300201416016,14.761053085327148,4.866399765014648,16.955049514770508,1.0,0.5731046199798584,1,-0.37379932403564453,0.13652673363685608,6.110400199890137,20.67068099975586,9.049099922180176,17.68524742126465,1.0,0.909772515296936,1,1.055300235748291,-0.4547755718231201,14.572600364685059,10.407154083251953,10.810600280761719,5.145966053009033,1.0,0.7617479562759399,1,1.6276006698608398,1.0566517114639282,0.0,0.725881814956665,0.0,0.3161787688732147,0.0,0.33275413513183594,0,0.0,-0.00873752310872078,75.01599884033203,55.35257339477539,76.78250122070312,71.7735595703125,1.0,0.9120795726776123,1,-2.1922988891601562,0.9113667607307434
2058,multi_disease,77.71829986572266,66.7962646484375,67.20559692382812,57.490909576416016,1.0,0.9665372371673584,1,-3.7468032836914062,0.10624630749225616,0.0,3.7543203830718994,0.0,4.608098983764648,0.0,0.41313493251800537,0,0.0,-0.17038044333457947,0.0,0.05621488764882088,0.0,0.01441113743931055,0.0,0.19373880326747894,0,0.0,-0.16766485571861267,72.36360168457031,62.37344741821289,75.45040130615234,68.17497253417969,1.0,0.9637239575386047,1,-2.28289794921875,0.6278539299964905,14.736499786376953,5.85592794418335,15.230400085449219,5.7062201499938965,1.0,0.4295733869075775,0,-0.2334003448486328,0.29458388686180115
1621,single_disease,77.72470092773438,66.707275390625,72.4811019897461,58.225101470947266,1.0,0.9725601077079773,1,-10.287796020507812,0.1080578863620758,0.0,0.24780474603176117,0.0,0.35525932908058167,0.0,0.23182755708694458,0,0.0,-0.10213270038366318,0.0,0.08443880081176758,0.0,0.02605605497956276,0.0,0.22389867901802063,0,0.0,-0.02436669170856476,0.0,4.906551361083984,0.0,3.9012529850006104,0.0,0.42523640394210815,0,0.0,-0.04187844321131706,0.0,0.04770888015627861,0.0,0.061022669076919556,0.0,0.20678170025348663,0,0.0,-0.1127379983663559
1860,single_disease,69.50340270996094,66.88578796386719,74.04879760742188,57.71406173706055,1.0,0.9701581597328186,1,-3.7697982788085938,0.08724542707204819,0.0,0.3878108859062195,0.0,0.542625904083252,0.0,0.25041890144348145,0,0.0,-0.1216968223452568,0.0,0.07764879614114761,0.0,0.023345816880464554,0.0,0.21982616186141968,0,0.0,-0.13064134120941162,2.0352001190185547,8.096808433532715,1.9802000522613525,6.5076141357421875,1.0,0.4496464431285858,0,2.0352001190185547,-0.09245949238538742,0.0,0.03894791379570961,0.0,0.05236578732728958,0.0,0.2041265070438385,0,0.0,-0.10856982320547104
736,multi_disease,0.0,0.17112672328948975,0.0,0.21175283193588257,0.0,0.2270372360944748,0,0.0,-0.05739616975188255,11.679699897766113,21.52465057373047,13.276900291442871,18.396682739257812,1.0,0.9463679790496826,1,1.7939996719360352,-0.4426381289958954,19.28059959411621,10.760199546813965,25.36319923400879,5.582777976989746,1.0,0.7353285551071167,1,0.5412998199462891,0.9440926909446716,19.64419937133789,39.818355560302734,20.93790054321289,39.699928283691406,1.0,0.7608051300048828,1,1.7347984313964844,-0.07495629042387009,75.93219757080078,56.9788932800293,72.06310272216797,72.65972137451172,1.0,0.913260281085968,1,-1.8685989379882812,1.073621153831482
264,single_disease,0.779699981212616,4.585402488708496,1.7483999729156494,5.421910285949707,1.0,0.36781468987464905,0,0.779699981212616,0.3900753855705261,0.0,0.02963707596063614,0.0,0.03929169476032257,0.0,0.16565808653831482,0,0.0,0.010771634988486767,1.37909996509552,0.4747188687324524,1.8661999702453613,0.22117744386196136,1.0,0.2708447277545929,0,0.08309996128082275,-0.20147183537483215,0.0,0.0493047758936882,0.0,0.013243098743259907,0.0,0.20741622149944305,0,0.0,-0.09835481643676758,0.0,0.0075631216168403625,0.0,0.009679246693849564,0.0,0.15291672945022583,0,0.0,-0.1146652102470398
950,multi_disease,0.0,0.08107730746269226,0.0,0.09505148977041245,0.0,0.21224185824394226,0,0.0,-0.16206078231334686,76.38600158691406,21.916471481323242,77.09929656982422,19.313079833984375,1.0,0.9499695897102356,1,3.8120040893554688,-0.36977002024650574,12.317000389099121,13.908539772033691,8.345399856567383,8.504201889038086,1.0,0.7486758232116699,1,-24.17389678955078,0.7053935527801514,13.990799903869629,52.25603485107422,7.5782999992370605,53.97490310668945,1.0,0.8539388179779053,1,-5.73330020904541,-0.0016351165249943733,78.68560028076172,53.064884185791016,78.31500244140625,69.61936950683594,1.0,0.896623432636261,1,4.30419921875,0.6842840313911438
2565,single_disease,0.0,0.04923958331346512,0.0,0.06073229759931564,0.0,0.1984235942363739,0,0.0,-0.20352815091609955,0.0,0.1049913614988327,0.0,0.1289287954568863,0.0,0.21138373017311096,0,0.0,-0.1356920301914215,0.0,0.30962538719177246,0.0,0.1333598643541336,0.0,0.26293572783470154,0,0.0,-0.24903936684131622,82.64250183105469,62.96498107910156,83.83290100097656,63.86400604248047,1.0,0.9404697418212891,1,4.679603576660156,0.7344978451728821,0.0,3.3849637508392334,0.0,3.4705498218536377,0.0,0.38933971524238586,0,0.0,0.09819681942462921
1544,single_disease,76.42900085449219,65.90916442871094,80.47979736328125,57.502376556396484,1.0,0.9717115759849548,1,5.4362030029296875,0.06647155433893204,0.0,0.08358922600746155,0.0,0.11666762828826904,0.0,0.19263997673988342,0,0.0,-0.06456761062145233,0.0,0.07494553923606873,0.0,0.02576686441898346,0.0,0.21921861171722412,0,0.0,0.19379045069217682,0.0,0.9068562388420105,0.0,0.615446150302887,0.0,0.3555331528186798,0,0.0,0.06122755631804466,0.0,0.016502706333994865,0.0,0.020808733999729156,0.0,0.16991323232650757,0,0.0,-0.18576820194721222
2627,single_disease,0.0,0.05286269634962082,0.0,0.06599555164575577,0.0,0.2048310488462448,0,0.0,-0.16380521655082703,0.0,0.2731545865535736,0.0,0.3255555033683777,0.0,0.23486937582492828,0,0.0,-0.1591658890247345,0.0,0.21753332018852234,0.0,0.08854635804891586,0.0,0.2495066374540329,0,0.0,-0.23884031176567078,87.06109619140625,66.59427642822266,79.3240966796875,66.99492645263672,1.0,0.9486070275306702,1,5.488594055175781,0.37400320172309875,0.0,5.95344877243042,0.0,6.131779193878174,0.0,0.4245288372039795,0,0.0,0.010051392950117588
1532,single_disease,71.88269805908203,66.40618896484375,80.62110137939453,58.417640686035156,1.0,0.9764241576194763,1,1.270599365234375,0.1758008897304535,0.0,0.10591691732406616,0.0,0.15311402082443237,0.0,0.2038128674030304,0,0.0,-0.09437554329633713,0.0,0.0457790270447731,0.0,0.011456222273409367,0.0,0.1893845647573471,0,0.0,0.14278386533260345,0.0,1.0220626592636108,0.0,0.6348284482955933,0.0,0.3541886806488037,0,0.0,0.04355725646018982,0.0,0.015917064622044563,0.0,0.020830927416682243,0.0,0.17161975800991058,0,0.0,-0.21688738465309143
1018,multi_disease,0.0,0.03115791827440262,0.0,0.0380527563393116,0.0,0.18273688852787018,0,0.0,-0.2599763572216034,75.3740005493164,23.630619049072266,78.11959838867188,22.1850528717041,1.0,0.952760636806488,1,-7.922599792480469,-0.3504139184951782,3.601300001144409,8.792259216308594,1.7023999691009521,4.355146408081055,1.0,0.6843068599700928,1,-2.1688997745513916,0.361358642578125,4.492700099945068,9.960177421569824,1.9300999641418457,7.193465709686279,1.0,0.4804149270057678,0,-2.170799732208252,-0.26602616906166077,88.0302963256836,48.61649703979492,68.66100311279297,65.42291259765625,1.0,0.8772842884063721,1,13.1365966796875,0.43334800004959106
209,single_disease,0.0,1.9530409574508667,0.0,2.317551612854004,0.0,0.3146165907382965,0,0.0,0.25883835554122925,0.0,0.02732955664396286,0.0,0.03472449630498886,0.0,0.16683179140090942,0,0.0,0.05303046107292175,0.7401000261306763,0.39331385493278503,1.0038000345230103,0.199709951877594,1.0,0.25848978757858276,0,-0.2400999665260315,-0.18699531257152557,0.0,0.013398888520896435,0.0,0.0030638377647846937,0.0,0.1742783635854721,0,0.0,-0.42979565262794495,0.0,0.0037737074308097363,0.0,0.004963386338204145,0.0,0.13194532692432404,0,0.0,-0.15563634037971497
1651,single_disease,77.09120178222656,66.49707794189453,76.6498031616211,58.255088806152344,1.0,0.9733012318611145,1,-2.34759521484375,0.10136006027460098,0.0,0.14099693298339844,0.0,0.18822218477725983,0.0,0.21066755056381226,0,0.0,-0.15940077602863312,0.0,0.026684042066335678,0.0,0.005800679326057434,0.0,0.16752482950687408,0,0.0,0.16374628245830536,0.0,5.504211902618408,0.0,4.675568103790283,0.0,0.4316287338733673,0,0.0,0.0535273440182209,0.0,0.23741495609283447,0.0,0.28124094009399414,0.0,0.2578279972076416,0,0.0,-0.08477561175823212
1331,single_disease,0.0,1.0950069427490234,2.076900005340576,1.3787586688995361,0.0,0.29445943236351013,0,0.0,0.31823980808258057,1.0666999816894531,0.418156236410141,0.0,0.5508208274841309,1.0,0.25385844707489014,0,0.30889999866485596,-0.14413489401340485,0.0,0.04812965914607048,0.0,0.014700740575790405,0.0,0.21281734108924866,0,0.0,-0.2608618140220642,0.0,0.03157041221857071,0.0,0.008519290015101433,0.0,0.19849653542041779,0,0.0,-0.2209213227033615,0.0,0.004544587340205908,0.0,0.005934624932706356,0.0,0.14248719811439514,0,0.0,-0.16696196794509888
894,multi_disease,0.0,0.026976393535733223,0.0,0.031688254326581955,0.0,0.17928622663021088,0,0.0,-0.30000242590904236,72.0790023803711,22.429969787597656,80.0885009765625,20.525497436523438,1.0,0.937427818775177,1,3.9413986206054688,-0.44490596652030945,73.99659729003906,13.798152923583984,59.83319854736328,8.888459205627441,1.0,0.7810304760932922,1,0.13489532470703125,1.2742486000061035,19.408199310302734,20.225502014160156,22.534000396728516,17.357969284057617,1.0,0.6029573678970337,1,0.09759902954101562,-0.13910594582557678,73.91590118408203,38.725582122802734,76.18340301513672,53.03251266479492,1.0,0.8270493149757385,1,-0.53399658203125,0.25500187277793884
442,multi_disease,15.307900428771973,5.4899001121521,15.472700119018555,6.414826393127441,1.0,0.3574090898036957,0,0.7434005737304688,0.26959913969039917,2.2121999263763428,18.650562286376953,2.529599905014038,15.534008026123047,1.0,0.8806393146514893,1,0.39469993114471436,-0.4357757270336151,8.139800071716309,11.643449783325195,9.978300094604492,6.261436462402344,1.0,0.6854838132858276,1,-0.7237997055053711,0.22645200788974762,0.0,0.10112267732620239,0.0,0.03620493784546852,0.0,0.2428053617477417,0,0.0,-0.19265402853488922,57.8931999206543,43.674217224121094,72.4489974975586,60.220252990722656,1.0,0.8791528344154358,1,16.37540054321289,0.08854052424430847
1627,single_disease,79.43879699707031,65.93121337890625,77.09120178222656,57.19796371459961,1.0,0.9696917533874512,1,1.6971969604492188,0.0638233870267868,0.0,0.2116023302078247,0.0,0.2918426990509033,0.0,0.2246047556400299,0,0.0,-0.18178781867027283,0.0,0.03926241025328636,0.0,0.009725608862936497,0.0,0.18373920023441315,0,0.0,0.15423104166984558,0.0,4.68112325668335,0.0,3.8463916778564453,0.0,0.42290550470352173,0,0.0,0.07344035804271698,0.0,0.06034473329782486,0.0,0.07851042598485947,0.0,0.2168215662240982,0,0.0,-0.10144458711147308
1077,multi_disease,0.0,0.03589371219277382,0.0,0.04461360350251198,0.0,0.18320035934448242,0,0.0,-0.2759053111076355,72.44319915771484,24.245573043823242,76.45980072021484,22.684206008911133,1.0,0.9536802172660828,1,-4.207298278808594,-0.2677324712276459,1.1576999425888062,1.2752221822738647,0.0,0.6911142468452454,1.0,0.29968035221099854,0,-0.2826000452041626,-0.15993139147758484,0.0,0.4182867109775543,0.0,0.1351337730884552,0.0,0.3026025593280792,0,-0.9438999891281128,-0.07578786462545395,70.52739715576172,46.55845260620117,69.08180236816406,62.42401123046875,1.0,0.8645021319389343,1,2.8159942626953125,0.3378939926624298
1013,multi_disease,0.0,0.02414967678487301,0.0,0.029279271140694618,0.0,0.1754322201013565,0,0.0,-0.27612730860710144,75.9832992553711,23.632984161376953,72.43389892578125,22.78843879699707,1.0,0.9496591091156006,1,-6.35260009765625,-0.29637396335601807,4.349299907684326,9.393158912658691,1.9503999948501587,5.74311637878418,1.0,0.5883522033691406,1,-2.820800304412842,0.029533468186855316,4.924699783325195,7.281142234802246,1.913599967956543,4.527271270751953,1.0,0.4415718913078308,0,-1.9429001808166504,0.12081983685493469,79.12689971923828,47.329246520996094,69.72139739990234,63.731407165527344,1.0,0.8695935606956482,1,4.661796569824219,0.464266300201416
1805,single_disease,75.68240356445312,64.2759780883789,74.6947021484375,55.335533142089844,1.0,0.96706223487854,1,2.657806396484375,0.12967169284820557,0.0,0.2254319190979004,0.0,0.2975086569786072,0.0,0.23013272881507874,0,0.0,-0.12231096625328064,0.0,0.04375743865966797,0.0,0.010883025825023651,0.0,0.19895319640636444,0,0.0,-0.018573209643363953,0.0,9.666535377502441,0.0,8.21035385131836,0.0,0.45928630232810974,0,0.0,0.015116185881197453,0.0,0.1218196377158165,0.0,0.15271468460559845,0.0,0.23712962865829468,0,0.0,-0.07654660195112228
2149,multi_disease,84.28929901123047,64.5973892211914,69.50990295410156,56.11410140991211,1.0,0.9698209762573242,1,5.795501708984375,0.08594086766242981,0.0,0.6908456087112427,0.0,0.9045795798301697,0.0,0.2787836790084839,0,0.0,-0.1588226556777954,0.0,0.18252122402191162,0.4171000123023987,0.06635317206382751,0.0,0.24410000443458557,0,0.0,-0.18406495451927185,75.39759826660156,68.21298217773438,86.86799621582031,70.92423248291016,1.0,0.9657680988311768,1,-1.8445053100585938,0.42315420508384705,15.109399795532227,27.328773498535156,16.485599517822266,38.48241424560547,1.0,0.7831282019615173,1,-1.2444000244140625,0.19603799283504486
2316,multi_disease,0.0,0.06326025724411011,0.0,0.0767078548669815,0.0,0.20776647329330444,0,-1.0454000234603882,-0.23207423090934753,0.0,0.13249532878398895,0.0,0.16653434932231903,0.0,0.21265585720539093,0,0.0,-0.14140650629997253,14.23960018157959,8.77713680267334,15.897000312805176,5.493555545806885,1.0,0.3820644021034241,0,9.031200408935547,-0.22719986736774445,86.33989715576172,64.91332244873047,81.1404037475586,66.04029846191406,1.0,0.9427836537361145,1,3.7437973022460938,0.43786290287971497,0.0,15.3414306640625,0.0,15.628915786743164,0.0,0.5665474534034729,1,-1.4692000150680542,0.08940836787223816
2299,multi_disease,0.9708999991416931,0.09819411486387253,0.0,0.11745509505271912,1.0,0.22202208638191223,0,-0.19839996099472046,-0.14157575368881226,0.0,1.351218819618225,0.0,1.6339590549468994,0.0,0.3158961236476898,0,0.0,-0.16610074043273926,7.498799800872803,9.777990341186523,14.610099792480469,6.33704948425293,1.0,0.3644111454486847,0,5.388299942016602,-0.18477141857147217,83.5863037109375,64.73448181152344,77.92150115966797,65.83036804199219,1.0,0.9401374459266663,1,2.6020050048828125,0.24746322631835938,1.166100025177002,40.22742462158203,0.0,56.28596496582031,1.0,0.8399394750595093,1,-4.38569974899292,0.3418649435043335
2437,multi_disease,0.0,0.0764470174908638,0.0,0.09528352320194244,0.0,0.21265460550785065,0,0.0,-0.23438751697540283,0.0,1.3852934837341309,0.0,1.9078102111816406,0.0,0.3458333909511566,0,0.0,-0.03457936272025108,18.024499893188477,12.849196434020996,20.30340003967285,5.776240348815918,1.0,0.7754024267196655,1,0.6198005676269531,1.1673312187194824,84.7654037475586,62.5335578918457,78.84369659423828,63.7094612121582,1.0,0.9245122075080872,1,7.475006103515625,0.12397198379039764,0.0,14.203545570373535,0.0,13.673162460327148,0.0,0.5266997814178467,1,0.0,0.13648992776870728
1095,multi_disease,0.0,0.043192699551582336,0.0,0.052754852920770645,0.0,0.18820153176784515,0,0.0,-0.20179209113121033,73.45339965820312,23.99240493774414,70.4791030883789,23.891386032104492,1.0,0.9541075229644775,1,-1.28289794921875,-0.2153978943824768,0.0,1.7170857191085815,0.0,0.8651250004768372,0.0,0.28813862800598145,0,-1.1344000101089478,-0.23258087038993835,0.0,0.19412903487682343,0.0,0.0531742237508297,0.0,0.26727810502052307,0,0.0,-0.10130029171705246,75.38770294189453,49.80525588989258,55.8838996887207,66.52558898925781,1.0,0.8831251859664917,1,5.6118011474609375,0.5356780886650085
626,multi_disease,2.048099994659424,0.7140432596206665,0.0,0.8112294673919678,1.0,0.271305650472641,0,-1.3738000392913818,0.08543490618467331,9.303000450134277,22.537986755371094,8.912400245666504,20.045778274536133,1.0,0.9499239921569824,1,-0.0969991683959961,-0.32798251509666443,14.436400413513184,11.860154151916504,11.615500450134277,7.157768249511719,1.0,0.716167688369751,1,3.4322004318237305,0.5288533568382263,0.9043999910354614,0.8085353970527649,2.3564000129699707,0.39186835289001465,1.0,0.33274683356285095,0,0.9043999910354614,-0.09346260875463486,71.53260040283203,54.7016487121582,73.07450103759766,70.64291381835938,1.0,0.9043532013893127,1,-6.4300994873046875,0.7633994817733765
636,multi_disease,1.107300043106079,0.22253236174583435,0.0,0.2536383867263794,1.0,0.23317931592464447,0,-1.6721000671386719,0.003203808329999447,8.546799659729004,22.54288673400879,9.001999855041504,19.342546463012695,1.0,0.9471757411956787,1,-0.37110042572021484,-0.4908077120780945,11.21310043334961,10.967546463012695,13.554300308227539,5.630340099334717,1.0,0.7184876203536987,1,-2.373699188232422,0.4047524034976959,1.5437999963760376,4.222627639770508,3.1491000652313232,2.5136260986328125,1.0,0.41682690382003784,0,0.5329999923706055,0.06075073406100273,75.61039733886719,54.114288330078125,73.29949951171875,70.40418243408203,1.0,0.9072747230529785,1,5.165000915527344,0.8826091885566711
2179,multi_disease,48.2411994934082,66.96302032470703,29.784700393676758,57.53203582763672,1.0,0.970361053943634,1,-33.01749801635742,0.07318229228258133,0.0,0.813626766204834,0.0,1.178020715713501,0.0,0.2931246757507324,0,0.0,-0.20400860905647278,0.6202999949455261,7.416175365447998,0.5853999853134155,4.768653392791748,1.0,0.6010175347328186,1,-0.04309999942779541,0.2798287570476532,94.84649658203125,67.36924743652344,86.818603515625,68.75497436523438,1.0,0.9575191736221313,1,10.887893676757812,0.47599315643310547,16.2091007232666,37.49064636230469,15.004799842834473,51.78218460083008,1.0,0.8255115747451782,1,0.9506006240844727,0.451106995344162
230,single_disease,0.0,5.772835731506348,0.8226000070571899,7.300366401672363,0.0,0.35297608375549316,0,0.0,0.3160873353481293,0.0,0.04799269884824753,0.0,0.06473042815923691,0.0,0.17621585726737976,0,0.0,-0.0875333696603775,0.9090999960899353,2.4860880374908447,1.2827999591827393,1.4884358644485474,1.0,0.32078781723976135,0,0.18290001153945923,-0.19686850905418396,0.0,0.04566909745335579,0.0,0.013000975362956524,0.0,0.21201899647712708,0,0.0,-0.24162624776363373,0.0,0.006129664834588766,0.0,0.007910491898655891,0.0,0.14863543212413788,0,0.0,-0.11412172019481659
2447,multi_disease,0.0,0.055984076112508774,0.0,0.06805215775966644,0.0,0.2010582983493805,0,0.0,-0.23295335471630096,0.0,2.3587682247161865,0.0,2.7959418296813965,0.0,0.3450218439102173,0,0.0,-0.20205719769001007,17.14080047607422,12.52603530883789,20.17180061340332,6.344787120819092,1.0,0.7545410394668579,1,1.3276004791259766,1.082993984222412,81.99720001220703,61.2856559753418,73.69709777832031,62.45778274536133,1.0,0.9274711012840271,1,6.8289031982421875,0.3528905510902405,0.0,14.182085990905762,0.0,13.59514045715332,0.0,0.5217405557632446,1,0.0,0.1428222954273224
1746,single_disease,72.37920379638672,67.73953247070312,77.63860321044922,58.903587341308594,1.0,0.9724328517913818,1,-5.498893737792969,0.15938982367515564,0.0,0.15972423553466797,0.0,0.21053093671798706,0.0,0.21933898329734802,0,0.0,-0.13183031976222992,0.0,0.02659681811928749,0.0,0.0063598863780498505,0.0,0.17876771092414856,0,0.0,0.22398267686367035,0.0,5.465080261230469,0.0,4.523284912109375,0.0,0.4302412271499634,0,0.0,0.0455639474093914,0.0,0.07150474190711975,0.0,0.09155844897031784,0.0,0.21834753453731537,0,0.0,-0.10226704180240631
1749,single_disease,75.0239028930664,67.09293365478516,76.01309967041016,58.651023864746094,1.0,0.9738648533821106,1,0.3302001953125,0.10931169986724854,0.0,0.16208334267139435,0.0,0.22676941752433777,0.0,0.21834085881710052,0,0.0,-0.12697294354438782,0.0,0.03587019443511963,0.0,0.009011766873300076,0.0,0.18461310863494873,0,0.0,0.2825107276439667,0.0,7.003950119018555,0.0,5.916415691375732,0.0,0.4447837173938751,0,0.0,-0.07395446300506592,0.0,0.08515646308660507,0.0,0.10905472934246063,0.0,0.22693459689617157,0,0.0,-0.0918220654129982
250,single_disease,0.0,3.688392162322998,0.9589999914169312,4.275978088378906,0.0,0.3541485071182251,0,0.0,0.35104620456695557,0.0,0.032728780061006546,0.0,0.041634973138570786,0.0,0.17317460477352142,0,0.0,-0.042253974825143814,1.2440999746322632,1.2033699750900269,2.0329999923706055,0.687394917011261,1.0,0.29377323389053345,0,0.4169999957084656,-0.1487952321767807,0.0,0.03045801632106304,0.0,0.007928051054477692,0.0,0.19617339968681335,0,0.0,-0.22518643736839294,0.0,0.010828349739313126,0.0,0.012920064851641655,0.0,0.15930747985839844,0,0.0,-0.16592907905578613
2002,multi_disease,70.0886001586914,64.33113861083984,82.62129974365234,55.44256591796875,1.0,0.9649966359138489,1,2.711700439453125,0.09189540147781372,0.0,2.155529737472534,0.0,2.8543033599853516,0.0,0.3375096917152405,0,0.0,-0.18322330713272095,0.0,0.0609150230884552,0.0,0.016809405758976936,0.0,0.19694779813289642,0,0.0,0.07858705520629883,40.47710037231445,56.28317642211914,63.575599670410156,60.33876037597656,1.0,0.9246761202812195,1,14.320499420166016,0.44587525725364685,6.824900150299072,1.9467189311981201,14.581100463867188,2.211090087890625,1.0,0.3527477979660034,0,5.759500026702881,0.27224162220954895
488,multi_disease,14.495800018310547,16.028564453125,15.032600402832031,18.47786521911621,1.0,0.6111800670623779,1,-1.9281005859375,0.3141651451587677,3.090399980545044,19.079185485839844,3.378000020980835,15.853998184204102,1.0,0.8974637985229492,1,0.7521998882293701,-0.40356820821762085,9.8503999710083,12.091791152954102,10.543600082397461,6.6865973472595215,1.0,0.7131441831588745,1,0.2864999771118164,0.29677584767341614,0.0,1.313602328300476,0.0,0.7705160975456238,0.0,0.3504275381565094,0,0.0,0.0373024083673954,68.39679718017578,50.00453567504883,77.52999877929688,66.58635711669922,1.0,0.8951008319854736,1,-5.6410064697265625,0.594024658203125
1105,multi_disease,0.0,0.023338984698057175,0.0,0.028526104986667633,0.0,0.17513561248779297,0,0.0,-0.2616904079914093,73.06620025634766,23.92938804626465,80.4489974975586,23.36808967590332,1.0,0.9527058005332947,1,-3.6509017944335938,-0.1468699723482132,0.0,0.12917228043079376,0.0,0.05159982293844223,0.0,0.23038926720619202,0,-0.7332000136375427,-0.14697924256324768,0.0,0.057897310703992844,0.0,0.013892380520701408,0.0,0.2207556515932083,0,0.0,-0.11057054251432419,70.09040069580078,44.068084716796875,35.89310073852539,59.70628356933594,1.0,0.851565420627594,1,-5.715095520019531,0.3650628626346588
823,multi_disease,0.0,0.05112120509147644,0.0,0.05854159966111183,0.0,0.20014914870262146,0,0.0,-0.10772408545017242,44.31570053100586,21.342201232910156,64.42379760742188,18.085189819335938,1.0,0.9432701468467712,1,24.30780029296875,-0.47847580909729004,42.34859848022461,11.88123607635498,69.0863037109375,7.440201759338379,1.0,0.7638641595840454,1,16.576099395751953,1.6106903553009033,20.254899978637695,21.060270309448242,18.99340057373047,18.292715072631836,1.0,0.6131604909896851,1,2.2896995544433594,-0.1925833374261856,74.57879638671875,48.725189208984375,75.6864013671875,65.8124771118164,1.0,0.8803426027297974,1,-2.5598068237304688,0.4667952060699463
1310,single_disease,0.0,2.4173696041107178,0.0,2.96571683883667,0.0,0.32042619585990906,0,0.0,0.272941917181015,0.7455999851226807,0.21710637211799622,0.734000027179718,0.26222240924835205,1.0,0.23684151470661163,0,-0.047500014305114746,-0.13542796671390533,0.0,0.06378448009490967,0.0,0.022131022065877914,0.0,0.21802443265914917,0,0.0,-0.2024693638086319,0.0,0.0314691998064518,0.0,0.0076447539031505585,0.0,0.20106035470962524,0,0.0,-0.466293603181839,0.0,0.008328666910529137,0.0,0.010579099878668785,0.0,0.15768243372440338,0,0.0,-0.17960870265960693
81,healthy,0.0,1.903591513633728,0.0,2.335336446762085,0.0,0.30705222487449646,0,0.0,0.32002100348472595,0.0,0.2389129251241684,0.0,0.3493342995643616,0.0,0.26209715008735657,0,0.0,-0.22795787453651428,0.0,0.08874978870153427,0.0,0.034634027630090714,0.0,0.2217930555343628,0,0.0,-0.20931217074394226,0.0,0.10005111247301102,0.0,0.033065106719732285,0.0,0.2359158843755722,0,0.0,-0.02089551091194153,0.0,0.005076046567410231,0.0,0.006417005322873592,0.0,0.14231747388839722,0,0.0,-0.14877639710903168
188,single_disease,0.0,1.3082126379013062,0.0,1.5910146236419678,0.0,0.3124917447566986,0,0.0,0.3071845471858978,0.0,0.028083117678761482,0.0,0.03883299604058266,0.0,0.16171711683273315,0,0.0,-0.02813873067498207,0.9032999873161316,2.9199025630950928,0.5946999788284302,1.7447795867919922,1.0,0.32658082246780396,0,-0.5037999749183655,-0.20787958800792694,0.0,0.03201313316822052,0.0,0.008143223822116852,0.0,0.1962386965751648,0,0.0,-0.16522684693336487,0.0,0.009091442450881004,0.0,0.011380104348063469,0.0,0.15960435569286346,0,0.0,-0.03719469904899597
957,multi_disease,0.0,0.044710442423820496,0.0,0.05384622514247894,0.0,0.19339072704315186,0,0.0,-0.2052399218082428,71.32019805908203,22.353063583374023,80.49530029296875,20.513607025146484,1.0,0.9431392550468445,1,-5.6775054931640625,-0.3542184829711914,10.477499961853027,13.694049835205078,7.461999893188477,9.718130111694336,1.0,0.7565721869468689,1,-16.00469970703125,0.9112699627876282,10.399200439453125,43.341636657714844,7.130000114440918,43.644554138183594,1.0,0.7940278649330139,1,-9.830799102783203,-0.3030438721179962,76.29540252685547,54.76957702636719,85.5968017578125,70.58082580566406,1.0,0.9010249972343445,1,-0.17549896240234375,0.8965047001838684
16,healthy,0.0,3.4600000381469727,0.0,4.372223377227783,0.0,0.3386666178703308,0,0.0,0.28753170371055603,0.0,0.047919560223817825,0.0,0.06113182008266449,0.0,0.17731839418411255,0,0.0,-0.12206998467445374,0.0,0.06479156017303467,0.0,0.022683003917336464,0.0,0.21633057296276093,0,0.0,-0.17161114513874054,0.0,0.016181189566850662,0.0,0.0034729375038295984,0.0,0.17577528953552246,0,0.0,-0.2976393699645996,0.0,0.006475860718637705,0.0,0.00800181645900011,0.0,0.15115296840667725,0,0.0,-0.10252518951892853
2156,multi_disease,82.98660278320312,64.57686614990234,46.67179870605469,56.86153030395508,1.0,0.9716473817825317,1,5.0886993408203125,0.0971754789352417,0.0,0.5388770699501038,0.0,0.7243626117706299,0.0,0.2637506425380707,0,0.0,-0.15288983285427094,0.6572999954223633,0.12785188853740692,0.7293999791145325,0.04028085991740227,1.0,0.21332930028438568,0,0.6572999954223633,0.13071216642856598,86.12539672851562,67.49261474609375,95.80999755859375,69.52354431152344,1.0,0.9609184861183167,1,2.74749755859375,0.38835662603378296,15.770299911499023,36.75603485107422,16.54199981689453,50.07429885864258,1.0,0.8338489532470703,1,-0.4241008758544922,0.3760274052619934
1698,single_disease,88.73670196533203,67.50480651855469,77.87809753417969,58.89021301269531,1.0,0.973554790019989,1,12.679100036621094,0.16520000994205475,0.0,0.1641264706850052,0.0,0.21312960982322693,0.0,0.22629030048847198,0,0.0,-0.1172218769788742,0.0,0.0498187430202961,0.0,0.013421623967587948,0.0,0.1924363076686859,0,0.0,0.20096267759799957,0.0,4.989468097686768,0.0,3.941521406173706,0.0,0.42471030354499817,0,0.0,0.0380973219871521,0.0,0.05443146079778671,0.0,0.07110155373811722,0.0,0.21127040684223175,0,0.0,-0.11650125682353973
1659,single_disease,79.03700256347656,66.20135498046875,80.84929656982422,57.45212936401367,1.0,0.9678356647491455,1,6.101104736328125,-0.0038633858785033226,0.0,0.1475333422422409,0.0,0.20336128771305084,0.0,0.21639175713062286,0,0.0,-0.10857496410608292,0.0,0.05269313603639603,0.0,0.01352313719689846,0.0,0.21994303166866302,0,0.0,-0.11447927355766296,0.0,7.224983215332031,0.0,5.961309432983398,0.0,0.4441027045249939,0,0.0,-0.06270178407430649,0.0,0.05240348353981972,0.0,0.06685890257358551,0.0,0.21067912876605988,0,0.0,-0.09650835394859314
418,multi_disease,14.564499855041504,0.6366586089134216,15.307900428771973,0.7325958013534546,1.0,0.266431599855423,0,-0.6450004577636719,0.12132188677787781,1.8174999952316284,0.21394668519496918,2.2121999263763428,0.2547706663608551,1.0,0.24258479475975037,0,0.49549996852874756,-0.15627658367156982,8.86359977722168,11.819548606872559,8.139800071716309,5.628737926483154,1.0,0.74360591173172,1,1.2074999809265137,0.5591112971305847,0.0,0.016774680465459824,0.0,0.003683741670101881,0.0,0.1795160323381424,0,0.0,-0.42508283257484436,41.517799377441406,25.259124755859375,57.8931999206543,32.58625411987305,1.0,0.7335180640220642,1,18.908199310302734,-0.20674818754196167
2636,single_disease,0.0,0.06321406364440918,0.0,0.07811058312654495,0.0,0.20608435571193695,0,0.0,-0.17943347990512848,0.0,0.5379735231399536,0.0,0.648311972618103,0.0,0.2657473087310791,0,0.0,-0.16440637409687042,0.0,0.17655853927135468,0.0,0.08019246906042099,0.0,0.23798108100891113,0,0.0,-0.18363960087299347,83.95379638671875,66.47406005859375,81.4124984741211,67.33293151855469,1.0,0.9505789875984192,1,5.374794006347656,0.5701566338539124,0.0,3.92978835105896,0.0,4.168280124664307,0.0,0.37408700585365295,0,0.0,-0.021460112184286118
2409,multi_disease,0.0,0.055626802146434784,0.0,0.06917955726385117,0.0,0.20484887063503265,0,0.0,-0.2173629254102707,0.0,0.9279499650001526,0.0,1.1873372793197632,0.0,0.298406183719635,0,0.0,-0.13842467963695526,18.154300689697266,12.231876373291016,17.363800048828125,5.549314022064209,1.0,0.7666730880737305,1,-0.2376995086669922,1.043143391609192,79.35990142822266,62.5533447265625,79.05380249023438,63.785560607910156,1.0,0.9282821416854858,1,-2.9495010375976562,0.26584646105766296,0.0,14.217432975769043,0.0,13.805460929870605,0.0,0.5319069623947144,1,0.0,0.13053947687149048
891,multi_disease,0.0,0.02637402154505253,0.0,0.03007143922150135,0.0,0.18131139874458313,0,0.0,-0.2585049867630005,70.41709899902344,21.084585189819336,82.41699981689453,18.40955924987793,1.0,0.9400537610054016,1,1.4879989624023438,-0.31892159581184387,75.36910247802734,13.664078712463379,71.89839935302734,8.6293306350708,1.0,0.7907767295837402,1,3.3801040649414062,1.3847060203552246,19.847900390625,12.960613250732422,21.687299728393555,9.947945594787598,1.0,0.5721437931060791,1,0.3094005584716797,0.059307146817445755,74.4531021118164,40.880741119384766,77.635498046875,55.73468017578125,1.0,0.8372601270675659,1,-0.9907989501953125,0.3435792922973633
2051,multi_disease,68.75199890136719,66.05087280273438,71.20369720458984,57.13423538208008,1.0,0.9686567783355713,1,-15.488998413085938,0.08317950367927551,0.0,5.0816731452941895,0.0,6.479025840759277,0.0,0.3972758650779724,0,0.0,-0.18513183295726776,0.0,0.18005138635635376,0.0,0.06299429386854172,0.0,0.23126652836799622,0,0.0,-0.1744874119758606,77.17569732666016,62.852996826171875,72.7865982055664,66.85783386230469,1.0,0.9548165798187256,1,13.129493713378906,0.525752067565918,15.116499900817871,9.586712837219238,13.365900039672852,9.749072074890137,1.0,0.5166137218475342,1,0.5251998901367188,0.2519257664680481
1771,single_disease,77.96759796142578,66.88154602050781,68.96980285644531,57.831626892089844,1.0,0.9703977108001709,1,5.7400970458984375,0.10332389175891876,0.0,0.21980570256710052,0.0,0.28748416900634766,0.0,0.22753708064556122,0,0.0,-0.16006247699260712,0.0,0.04946885630488396,0.0,0.013164269737899303,0.0,0.20217648148536682,0,0.0,-0.02109275758266449,0.0,9.08674430847168,0.0,7.599023818969727,0.0,0.4545179009437561,0,0.0,-0.0973990261554718,0.0,0.07615069299936295,0.0,0.09803538024425507,0.0,0.2211904525756836,0,0.0,-0.09463173896074295
648,multi_disease,0.0,0.4034765064716339,0.0,0.4675283133983612,0.0,0.2513124346733093,0,-2.1670000553131104,0.021893061697483063,9.50469970703125,22.606456756591797,8.29990005493164,19.941102981567383,1.0,0.9493928551673889,1,-0.24090003967285156,-0.2761966288089752,10.436800003051758,11.674519538879395,15.168299674987793,7.663068771362305,1.0,0.7111515998840332,1,-3.74530029296875,0.4140249490737915,2.0380001068115234,3.424933910369873,5.009099960327148,2.0769944190979004,1.0,0.4059423804283142,0,1.062000036239624,0.01858174428343773,76.01180267333984,54.12410354614258,77.65630340576172,70.03972625732422,1.0,0.9051908850669861,1,2.3541030883789062,0.7369194626808167
2351,multi_disease,0.0,0.03866403549909592,0.0,0.048742759972810745,0.0,0.191118985414505,0,0.0,-0.22520607709884644,0.0,0.1896086037158966,0.0,0.223672553896904,0.0,0.23834243416786194,0,0.0,-0.15421399474143982,17.841999053955078,10.056732177734375,18.25589942932129,4.048628330230713,1.0,0.6953753232955933,1,4.423398971557617,0.6469267010688782,76.22799682617188,64.17198181152344,85.76029968261719,65.29861450195312,1.0,0.9415419697761536,1,-6.240203857421875,0.5089045166969299,0.0,11.364312171936035,0.0,11.221022605895996,0.0,0.4863489866256714,0,0.0,0.13801270723342896
1695,single_disease,82.72370147705078,66.60990142822266,76.8197021484375,57.8876838684082,1.0,0.9711256623268127,1,8.342300415039062,0.10843120515346527,0.0,0.21444833278656006,0.0,0.298328161239624,0.0,0.2251359224319458,0,0.0,-0.15277907252311707,0.0,0.04285667464137077,0.0,0.01131698302924633,0.0,0.1925051212310791,0,0.0,0.09319156408309937,0.0,3.897277355194092,0.0,2.8571362495422363,0.0,0.4139375388622284,0,0.0,-0.011526670306921005,0.0,0.04475828632712364,0.0,0.05703971907496452,0.0,0.20278450846672058,0,0.0,-0.1226048469543457
1048,multi_disease,0.0,0.02955908142030239,0.0,0.03775271028280258,0.0,0.17001429200172424,0,0.0,-0.2551240026950836,81.7072982788086,23.93886375427246,74.72750091552734,23.859718322753906,1.0,0.9547100067138672,1,3.8003005981445312,-0.2834908068180084,1.507699966430664,8.31783676147461,1.0104000568389893,4.997384548187256,1.0,0.3252623677253723,0,-1.6690001487731934,0.017274614423513412,1.274399995803833,1.7644641399383545,0.0,0.7969357967376709,1.0,0.3667951822280884,0,-2.370800018310547,0.08176804333925247,68.56780242919922,48.201507568359375,70.22820281982422,65.08057403564453,1.0,0.8756948709487915,1,-11.113296508789062,0.3600239157676697
174,healthy,0.0,1.9080119132995605,0.0,2.225454807281494,0.0,0.3221740126609802,0,0.0,0.34343841671943665,0.0,0.04023187607526779,0.0,0.051174063235521317,0.0,0.17727434635162354,0,0.0,-0.04229196161031723,1.2695000171661377,0.059083908796310425,0.9222000241279602,0.02290423959493637,1.0,0.21021142601966858,0,1.2695000171661377,-0.2155984342098236,0.0,0.023429684340953827,0.0,0.006243005860596895,0.0,0.18492142856121063,0,0.0,-0.038407646119594574,0.0,0.006410412490367889,0.0,0.007926175370812416,0.0,0.15095315873622894,0,0.0,-0.0015341807156801224
221,single_disease,0.0,1.5651345252990723,0.0,1.8602291345596313,0.0,0.31750553846359253,0,0.0,0.31557491421699524,0.0,0.049272336065769196,0.0,0.06902637332677841,0.0,0.18005865812301636,0,0.0,-0.13019604980945587,0.621999979019165,0.5351729393005371,1.315500020980835,0.27994585037231445,1.0,0.2678301930427551,0,-0.34470003843307495,-0.17364095151424408,0.0,0.051825109869241714,0.0,0.014892052859067917,0.0,0.21169093251228333,0,0.0,-0.11080373078584671,0.0,0.007922707125544548,0.0,0.009877891279757023,0.0,0.15547005832195282,0,0.0,-0.049334567040205
2525,multi_disease,0.0,0.029759109020233154,0.0,0.036966875195503235,0.0,0.1857277899980545,0,0.0,-0.24148418009281158,0.0,0.07318562269210815,0.0,0.08078398555517197,0.0,0.20751279592514038,0,0.0,-0.12890182435512543,1.6331000328063965,9.397726058959961,0.0,4.341163635253906,1.0,0.5653563737869263,1,-4.656000137329102,-0.716988205909729,85.51920318603516,56.33440017700195,74.05809783935547,57.376502990722656,1.0,0.9048272371292114,1,7.043800354003906,0.31448495388031006,0.0,2.5123369693756104,0.0,2.5900027751922607,0.0,0.3736538589000702,0,0.0,0.05047263205051422
1796,single_disease,70.37889862060547,66.36634063720703,77.57589721679688,58.09761428833008,1.0,0.97273850440979,1,-4.4026031494140625,0.08607441931962967,0.0,0.1861090362071991,0.0,0.24917075037956238,0.0,0.22147339582443237,0,0.0,-0.12817007303237915,0.0,0.03648204728960991,0.0,0.008917969651520252,0.0,0.1884891390800476,0,0.0,0.0994049534201622,0.0,7.486382961273193,0.0,6.368746757507324,0.0,0.4469500482082367,0,0.0,-0.057435303926467896,0.0,0.24319572746753693,0.0,0.2939549386501312,0.0,0.2601945400238037,0,0.0,-0.0658334493637085
953,multi_disease,0.0,0.049764733761548996,0.0,0.061076343059539795,0.0,0.19388273358345032,0,0.0,-0.1923365443944931,75.3021011352539,22.720956802368164,83.22660064697266,20.782861709594727,1.0,0.9485607743263245,1,0.1616973876953125,-0.45810943841934204,10.832599639892578,14.211935043334961,7.663700103759766,9.030257225036621,1.0,0.7480130791664124,1,-20.234100341796875,0.6059770584106445,12.638299942016602,48.30378723144531,7.478499889373779,50.196231842041016,1.0,0.8236760497093201,1,-7.880300521850586,-0.1781400889158249,75.28980255126953,54.29451370239258,80.06950378417969,70.61882781982422,1.0,0.9010822176933289,1,-1.4512939453125,0.7592173218727112
597,multi_disease,4.1859002113342285,15.75932502746582,2.2434000968933105,17.922847747802734,1.0,0.6125482320785522,1,-9.437599182128906,0.38910603523254395,9.378899574279785,23.110393524169922,8.812999725341797,21.402101516723633,1.0,0.9524064660072327,1,1.020400047302246,-0.2709563374519348,10.743300437927246,11.331686973571777,13.75629997253418,7.034106731414795,1.0,0.7563352584838867,1,-3.085799217224121,0.947862446308136,0.0,0.11276604980230331,1.0153000354766846,0.038453396409749985,0.0,0.2488904744386673,0,0.0,-0.19188304245471954,73.47799682617188,54.13470458984375,74.5281982421875,70.42657470703125,1.0,0.9057968854904175,1,-8.314102172851562,0.8834554553031921
2280,multi_disease,1.208299994468689,0.5401351451873779,0.8105999827384949,0.606070339679718,1.0,0.29382336139678955,0,-1.1790000200271606,0.23812614381313324,0.0,1.0900121927261353,0.0,1.2949243783950806,0.0,0.29832932353019714,0,0.0,-0.1917778104543686,2.944999933242798,0.9025394916534424,11.150500297546387,0.5280334949493408,1.0,0.28414931893348694,0,1.226699948310852,-0.21374350786209106,83.20939636230469,67.6452407836914,81.86699676513672,67.92644500732422,1.0,0.952385425567627,1,-1.9092025756835938,0.4595203399658203,4.017099857330322,27.423810958862305,1.1074999570846558,38.29133987426758,1.0,0.7588081955909729,1,-12.410100936889648,-0.1941385120153427
2001,multi_disease,67.49169921875,64.22784423828125,84.6259994506836,55.39836883544922,1.0,0.9646853804588318,1,-0.05629730224609375,0.10213617235422134,0.0,1.6344656944274902,0.0,2.1764700412750244,0.0,0.32194840908050537,0,0.0,-0.17724283039569855,0.0,0.047203682363033295,0.0,0.012256083078682423,0.0,0.18594615161418915,0,0.0,0.31133490800857544,40.70119857788086,55.662322998046875,63.98889923095703,59.67392349243164,1.0,0.9214858412742615,1,15.716499328613281,0.40382203459739685,6.006199836730957,2.0401499271392822,14.748900413513184,2.3187899589538574,1.0,0.3578399121761322,0,5.105299949645996,0.2768556773662567
738,multi_disease,0.0,0.15343962609767914,0.0,0.19132885336875916,0.0,0.21912764012813568,0,0.0,-0.09145615249872208,11.903800010681152,21.387130737304688,13.263999938964844,18.049209594726562,1.0,0.9474433660507202,1,1.9036998748779297,-0.46726763248443604,19.906299591064453,11.083792686462402,25.560800552368164,5.846582412719727,1.0,0.7490795254707336,1,0.10859870910644531,0.9640258550643921,20.706199645996094,37.849178314208984,20.26460075378418,37.25061798095703,1.0,0.7480853199958801,1,1.9552993774414062,-0.019294310361146927,74.59110260009766,56.406166076660156,70.2697982788086,72.4615707397461,1.0,0.9114775061607361,1,-1.1140975952148438,0.9517097473144531
56,healthy,0.0,2.298574447631836,0.0,2.8001575469970703,0.0,0.3233383297920227,0,0.0,0.3495092988014221,0.0,0.1698739230632782,0.0,0.24094034731388092,0.0,0.25104421377182007,0,0.0,-0.28360918164253235,0.0,0.0668288916349411,0.0,0.024720482528209686,0.0,0.21548399329185486,0,0.0,-0.21182523667812347,0.0,0.15336059033870697,0.0,0.057203952223062515,0.0,0.2528226375579834,0,0.0,-0.01723918505012989,0.0,0.004472775850445032,0.0,0.0057640764862298965,0.0,0.14098389446735382,0,0.0,-0.12287651002407074
2420,multi_disease,0.0,0.0635727047920227,0.0,0.07740027457475662,0.0,0.20796887576580048,0,0.0,-0.18624404072761536,0.0,3.757923126220703,0.0,5.405861854553223,0.0,0.41339588165283203,0,0.0,-0.00365094724111259,17.149099349975586,12.853400230407715,16.87929916381836,7.065156936645508,1.0,0.7721297144889832,1,-1.043701171875,1.2616984844207764,77.49729919433594,61.66563034057617,85.88860321044922,63.048519134521484,1.0,0.9254717230796814,1,-5.019401550292969,0.22607307136058807,0.0,15.398639678955078,0.0,16.287683486938477,0.0,0.581448495388031,1,0.0,0.006277254782617092
1092,multi_disease,0.0,0.043574973940849304,0.0,0.053611915558576584,0.0,0.18523283302783966,0,0.0,-0.22960519790649414,73.39459991455078,23.719688415527344,70.45600128173828,23.270301818847656,1.0,0.9521322250366211,1,-1.9492034912109375,-0.24691089987754822,0.0,0.6468415260314941,0.0,0.2577831447124481,0.0,0.25156456232070923,0,-1.1139999628067017,-0.3325607180595398,0.0,0.2459721863269806,0.0,0.0714699998497963,0.0,0.27415168285369873,0,0.0,-0.07715198397636414,78.0354995727539,44.37600326538086,58.13010025024414,61.30523681640625,1.0,0.8579308986663818,1,7.6244964599609375,0.2552391290664673
1000,multi_disease,0.0,0.04216090217232704,0.0,0.052140042185783386,0.0,0.1858847439289093,0,0.0,-0.211782768368721,80.5271987915039,23.922433853149414,77.90699768066406,23.517133712768555,1.0,0.9531626105308533,1,0.792999267578125,-0.3023424744606018,5.478600025177002,8.76300048828125,3.1767001152038574,5.786623954772949,1.0,0.6529908180236816,1,-2.2511000633239746,0.2399115115404129,6.629000186920166,16.869251251220703,3.64520001411438,14.299135208129883,1.0,0.5969467163085938,1,-0.6411995887756348,-0.17551779747009277,73.72270202636719,51.4989013671875,79.68109893798828,68.031982421875,1.0,0.8893307447433472,1,-5.924995422363281,0.5773142576217651
884,multi_disease,0.0,0.045915424823760986,0.0,0.05504484474658966,0.0,0.18972118198871613,0,0.0,-0.1987537443637848,70.38030242919922,22.16802978515625,75.30999755859375,20.497901916503906,1.0,0.939202606678009,1,4.161003112792969,-0.37778139114379883,80.96659851074219,13.177947998046875,82.4052963256836,8.2296781539917,1.0,0.7927923798561096,1,13.636001586914062,1.3703330755233765,20.065900802612305,18.188383102416992,22.476600646972656,15.54086685180664,1.0,0.585191011428833,1,1.442901611328125,-0.21243393421173096,75.41829681396484,49.944881439208984,72.66809844970703,66.61309814453125,1.0,0.8820734620094299,1,-1.6404037475585938,0.5091202855110168
1186,multi_disease,0.0,0.020141875371336937,0.0,0.02536707930266857,0.0,0.1673666089773178,0,0.0,-0.28315848112106323,17.23900032043457,23.724885940551758,8.476499557495117,23.005006790161133,1.0,0.9488956928253174,1,-50.28410339355469,-0.2869561016559601,0.0,0.15756890177726746,0.0,0.04687488079071045,0.0,0.22099214792251587,0,0.0,-0.3608807921409607,0.0,0.02636721171438694,0.0,0.00508693465963006,0.0,0.18998418748378754,0,0.0,-0.2718138098716736,2.164799928665161,14.10802173614502,2.150399923324585,13.476699829101562,1.0,0.5095493793487549,1,-1.914600133895874,0.17638641595840454
570,multi_disease,15.208200454711914,7.067390441894531,4.477200031280518,7.835841178894043,1.0,0.3646966814994812,0,-0.2718992233276367,0.11751508712768555,6.76609992980957,21.640338897705078,9.655599594116211,18.435304641723633,1.0,0.9300640821456909,1,1.8427000045776367,-0.4360158145427704,14.242500305175781,12.081236839294434,10.913299560546875,7.362864971160889,1.0,0.7536867260932922,1,1.3951005935668945,0.8780274391174316,0.0,0.56258225440979,0.0,0.2396581470966339,0.0,0.31867146492004395,0,0.0,-0.03670321777462959,78.64730072021484,55.03398132324219,75.91850280761719,71.62696075439453,1.0,0.9103637933731079,1,1.5500030517578125,0.8472030162811279
1402,single_disease,16.73699951171875,3.8704872131347656,36.76559829711914,4.796702861785889,1.0,0.35588422417640686,0,12.984498977661133,0.30824002623558044,0.0,0.052501458674669266,0.0,0.06632029265165329,0.0,0.18376541137695312,0,0.0,-0.10987739264965057,0.0,0.03307803347706795,0.0,0.00984459463506937,0.0,0.2049785703420639,0,0.0,-0.27767446637153625,0.0,0.015116311609745026,0.0,0.003703230293467641,0.0,0.17380018532276154,0,0.0,-0.1646738350391388,0.0,0.011242915876209736,0.0,0.013778764754533768,0.0,0.16271987557411194,0,0.0,-0.07996860146522522
1928,multi_disease,67.09549713134766,65.42015075683594,66.06220245361328,56.863582611083984,1.0,0.9681666493415833,1,-3.9912033081054688,0.08770398050546646,0.0,0.2337341010570526,0.0,0.31550273299217224,0.0,0.23054350912570953,0,0.0,-0.1294146180152893,0.0,0.03919582813978195,0.0,0.010358775034546852,0.0,0.1987283080816269,0,0.0,0.16788578033447266,5.543099880218506,13.441512107849121,15.848400115966797,10.97599983215332,1.0,0.4840017259120941,0,1.6763999462127686,-0.12722612917423248,0.0,0.06077943369746208,0.0,0.08002707362174988,0.0,0.21583975851535797,0,0.0,-0.09861166030168533
2526,multi_disease,0.0,0.030366340652108192,0.0,0.03771587088704109,0.0,0.1876327097415924,0,0.0,-0.26752111315727234,0.0,0.07747256010770798,0.0,0.08739586174488068,0.0,0.20722071826457977,0,0.0,-0.12948739528656006,1.5572999715805054,9.070207595825195,0.0,4.021454811096191,1.0,0.5550234317779541,1,-4.563899993896484,-0.5671637058258057,81.89620208740234,58.458351135253906,76.19139862060547,59.71664047241211,1.0,0.9158836007118225,1,2.5671005249023438,0.1485975831747055,0.0,3.7662789821624756,0.0,3.9002881050109863,0.0,0.3928537964820862,0,0.0,-0.037450794130563736
1910,multi_disease,73.57849884033203,66.66351318359375,61.84109878540039,57.57855224609375,1.0,0.9698954224586487,1,-2.2770004272460938,0.11123419553041458,0.0,0.3555435240268707,0.0,0.4824700355529785,0.0,0.24548065662384033,0,0.0,-0.136272594332695,0.0,0.059330567717552185,0.0,0.017501847818493843,0.0,0.20464295148849487,0,0.0,0.12277978658676147,4.473199844360352,8.99014949798584,6.5524001121521,7.297739505767822,1.0,0.45135894417762756,0,2.4982998371124268,-0.12180612236261368,0.0,0.03378836065530777,0.0,0.04523536190390587,0.0,0.1979856938123703,0,0.0,-0.13416096568107605
340,multi_disease,7.977499961853027,1.130047082901001,11.834600448608398,1.3631114959716797,1.0,0.3100563883781433,0,4.117199897766113,0.271672785282135,0.0,0.02660977840423584,0.0,0.03370970860123634,0.0,0.1654057800769806,0,0.0,0.07737158238887787,4.062099933624268,6.650622844696045,4.229000091552734,3.393887996673584,1.0,0.5143625140190125,1,0.6612999439239502,0.21590867638587952,0.0,0.014668449759483337,0.0,0.0032550960313528776,0.0,0.1709294617176056,0,0.0,-0.19731798768043518,2.482599973678589,0.05233025923371315,5.763299942016602,0.06100417301058769,1.0,0.21088993549346924,0,0.4882999658584595,-0.018598735332489014
1321,single_disease,0.0,0.6469693779945374,0.0,0.7803177833557129,0.0,0.29311567544937134,0,0.0,0.23749832808971405,0.6123999953269958,0.7483105659484863,0.0,1.093960165977478,1.0,0.29381263256073,0,-0.5415000319480896,-0.14058040082454681,0.0,0.049379490315914154,0.0,0.014991442672908306,0.0,0.21622522175312042,0,0.0,-0.2721080780029297,0.0,0.08590430021286011,0.0,0.029065227136015892,0.0,0.23269495368003845,0,0.0,-0.09231208264827728,0.0,0.0051302979700267315,0.0,0.00666053406894207,0.0,0.13749577105045319,0,0.0,-0.18263915181159973
1280,single_disease,0.0,0.14171160757541656,0.0,0.16960428655147552,0.0,0.2352442443370819,0,0.0,0.020366061478853226,0.7348999977111816,0.4464682340621948,0.9467999935150146,0.6762575507164001,1.0,0.2684115171432495,0,-0.7158999443054199,-0.20195803046226501,0.0,0.09882452338933945,0.0,0.03493886440992355,0.0,0.22996629774570465,0,0.0,-0.3175872266292572,0.0,0.01836780644953251,0.0,0.003625156357884407,0.0,0.17756949365139008,0,0.0,-0.3080918788909912,0.0,0.26025691628456116,0.0,0.283256471157074,0.0,0.2592597007751465,0,0.0,-0.07359607517719269
1489,single_disease,71.78810119628906,66.2012939453125,74.89859771728516,58.558963775634766,1.0,0.9749624729156494,1,1.83489990234375,0.16571539640426636,0.0,0.11394650489091873,0.0,0.17291219532489777,0.0,0.20793533325195312,0,0.0,-0.05702286213636398,0.0,0.11214375495910645,0.0,0.035997338593006134,0.0,0.24662095308303833,0,0.0,0.006221017800271511,0.0,2.2001678943634033,0.0,1.586277723312378,0.0,0.3908442258834839,0,0.0,0.03935177996754646,0.0,0.032249465584754944,0.0,0.03964540362358093,0.0,0.18488425016403198,0,0.0,-0.07513508200645447
754,multi_disease,0.0,0.12731054425239563,0.0,0.15067799389362335,0.0,0.2145717442035675,0,0.0,-0.07771984487771988,12.233099937438965,22.084922790527344,15.575900077819824,18.591571807861328,1.0,0.945510983467102,1,0.3789997100830078,-0.5313135981559753,26.94610023498535,12.914559364318848,20.975500106811523,7.282985210418701,1.0,0.7341742515563965,1,7.369199752807617,0.7544179558753967,22.842199325561523,37.88187026977539,18.451000213623047,37.75012969970703,1.0,0.7474870681762695,1,4.357398986816406,-0.2195848971605301,59.94580078125,53.97933578491211,76.82640075683594,70.53560638427734,1.0,0.9044974446296692,1,-14.972496032714844,0.7711144089698792
1920,multi_disease,71.98629760742188,64.28166961669922,62.694801330566406,55.588340759277344,1.0,0.9688870310783386,1,-4.381904602050781,0.1100299209356308,0.0,0.4043589234352112,0.0,0.5856987833976746,0.0,0.2545468509197235,0,0.0,-0.13949540257453918,0.0,0.04724825173616409,0.0,0.012231564149260521,0.0,0.18564587831497192,0,0.0,0.2531176507472992,4.495200157165527,11.42247200012207,10.408499717712402,9.338390350341797,1.0,0.4697268009185791,0,1.633500099182129,-0.12164539843797684,0.0,0.050819914788007736,0.0,0.06719899922609329,0.0,0.2091493159532547,0,0.0,-0.12950323522090912
1674,single_disease,76.05760192871094,66.60137176513672,88.73670196533203,58.273433685302734,1.0,0.9724392294883728,1,0.5850982666015625,0.11051962524652481,0.0,0.23344193398952484,0.0,0.29881101846694946,0.0,0.2325611710548401,0,0.0,-0.1503366380929947,0.0,0.04020281136035919,0.0,0.009464042261242867,0.0,0.1854996532201767,0,0.0,-0.06284843385219574,0.0,3.64577579498291,0.0,2.9145398139953613,0.0,0.40652215480804443,0,0.0,0.12305116653442383,0.0,0.09924986958503723,0.0,0.1240878701210022,0.0,0.22808340191841125,0,0.0,-0.10974234342575073
1060,multi_disease,0.0,0.026323629543185234,0.0,0.0332300066947937,0.0,0.1754908263683319,0,0.0,-0.2641565501689911,76.41600036621094,23.85647201538086,70.67040252685547,22.56646156311035,1.0,0.9533981084823608,1,4.078804016113281,-0.31360581517219543,1.2000000476837158,0.5032791495323181,0.0,0.23249192535877228,1.0,0.2716880142688751,0,-0.7480999231338501,-0.17680267989635468,0.7195000052452087,1.4449496269226074,0.0,0.5805212259292603,1.0,0.34748226404190063,0,-1.2976999282836914,0.06342902034521103,74.91239929199219,36.98194885253906,82.67639923095703,50.97346496582031,1.0,0.812030553817749,1,2.1819992065429688,0.07368563860654831
1106,multi_disease,0.0,0.022149810567498207,0.0,0.027006683871150017,0.0,0.1754945069551468,0,0.0,-0.251853346824646,72.1166000366211,23.831527709960938,81.14459991455078,23.363170623779297,1.0,0.952042281627655,1,-1.963897705078125,-0.17479978501796722,0.0,0.0877784714102745,0.0,0.03251257538795471,0.0,0.2223270982503891,0,0.0,-0.11545567959547043,0.0,0.0753837302327156,0.0,0.019022153690457344,0.0,0.22997930645942688,0,0.0,-0.08548104017972946,74.87770080566406,40.05099105834961,33.77180099487305,54.76396179199219,1.0,0.8303509950637817,1,-4.884498596191406,0.1485401839017868
2360,multi_disease,0.0,0.046613484621047974,0.0,0.0587749108672142,0.0,0.20199452340602875,0,0.0,-0.18326541781425476,0.0,0.2870107889175415,0.0,0.3712409734725952,0.0,0.23893560469150543,0,0.0,-0.16003285348415375,17.738300323486328,11.054370880126953,18.798500061035156,4.484943866729736,1.0,0.756639838218689,1,2.628000259399414,1.0539458990097046,86.70819854736328,64.40292358398438,80.48500061035156,65.44135284423828,1.0,0.9354063272476196,1,-1.6667022705078125,0.3531237840652466,0.0,13.80923080444336,0.0,13.190291404724121,0.0,0.5102040767669678,1,0.0,0.17343008518218994
1895,multi_disease,77.92430114746094,66.2735824584961,69.5115966796875,57.99820327758789,1.0,0.9737757444381714,1,6.221702575683594,0.1401982605457306,0.0,0.35174715518951416,0.0,0.5069641470909119,0.0,0.24654482305049896,0,0.0,-0.14539052546024323,0.0,0.045418880879879,0.0,0.01240531262010336,0.0,0.1886599063873291,0,0.0,0.4414564073085785,2.6644999980926514,13.441512107849121,4.204699993133545,10.97599983215332,1.0,0.4840017259120941,0,0.7209999561309814,-0.12722612917423248,0.0,0.07713013142347336,0.0,0.1005759909749031,0.0,0.22499904036521912,0,0.0,-0.09511931985616684
2685,single_disease,,0.06280284374952316,,0.0807931125164032,,0.20487821102142334,0,,-0.2225966453552246,,0.08255059272050858,,0.0985196903347969,,0.20711490511894226,0,,-0.12585876882076263,,0.032457757741212845,,0.010244998149573803,,0.19973719120025635,0,,-0.06183605268597603,,63.8956413269043,,65.05895233154297,,0.9417397975921631,1,,0.6434393525123596,,1.6721668243408203,,1.7844138145446777,,0.34162601828575134,0,,0.07150860130786896
862,multi_disease,0.0,0.053242966532707214,0.0,0.06378435343503952,0.0,0.1943661868572235,0,0.0,-0.22393524646759033,67.1521987915039,22.322406768798828,69.80909729003906,20.7877197265625,1.0,0.9409104585647583,1,16.070297241210938,-0.37277752161026,69.40809631347656,13.029450416564941,80.76699829101562,8.03038215637207,1.0,0.8044477701187134,1,11.130794525146484,1.6120660305023193,19.270200729370117,17.501035690307617,18.96190071105957,14.680850982666016,1.0,0.5874736905097961,1,0.029300689697265625,-0.2124069333076477,77.5719985961914,52.62348556518555,74.41819763183594,69.0337905883789,1.0,0.8939448595046997,1,0.15090179443359375,0.6883109211921692
2563,multi_disease,0.0,0.040103256702423096,0.0,0.0516706258058548,0.0,0.19110548496246338,0,0.0,-0.21666854619979858,0.0,0.11401853710412979,0.0,0.13932985067367554,0.0,0.21231713891029358,0,0.0,-0.13569553196430206,0.0,0.6170652508735657,0.0,0.27219158411026,0.0,0.2670028805732727,0,-0.5475000143051147,-0.2486289143562317,77.7406005859375,60.577308654785156,84.03700256347656,61.72611618041992,1.0,0.9305452108383179,1,4.342002868652344,0.7341762185096741,0.0,3.070197343826294,0.0,3.159578800201416,0.0,0.3872063159942627,0,0.0,0.0942060723900795
1446,single_disease,60.008201599121094,63.614906311035156,68.78929901123047,57.548583984375,1.0,0.970302402973175,1,27.669200897216797,0.03032878041267395,0.0,0.025449952110648155,0.0,0.03408079966902733,0.0,0.15789732336997986,0,0.0,0.046233873814344406,0.0,0.03414551913738251,0.0,0.010183637030422688,0.0,0.20613226294517517,0,0.0,-0.1829729676246643,0.0,0.0605100579559803,0.0,0.01828966848552227,0.0,0.21748603880405426,0,0.0,-0.04757613316178322,0.0,0.0361296683549881,0.0,0.04337598383426666,0.0,0.19375330209732056,0,0.0,-0.1497953087091446
381,multi_disease,13.794400215148926,21.370515823364258,14.736000061035156,20.098896026611328,1.0,0.6291940808296204,1,2.491300582885742,0.6302738785743713,1.6395000219345093,0.02533046342432499,1.2922999858856201,0.033426109701395035,1.0,0.15823036432266235,0,1.6395000219345093,0.015833064913749695,5.419899940490723,2.988316059112549,8.77869987487793,1.7502059936523438,1.0,0.3286014497280121,0,1.4672000408172607,-0.1606391966342926,0.0,0.006579119712114334,0.0,0.0013205293798819184,0.0,0.14848151803016663,0,0.0,-0.17844396829605103,13.918000221252441,0.025519883260130882,33.52389907836914,0.029375234618782997,1.0,0.17903576791286469,0,9.210500717163086,-0.08484511822462082
98,healthy,0.0,4.737452983856201,0.0,5.5364532470703125,0.0,0.360805869102478,0,0.0,0.36666688323020935,0.0,0.0491805262863636,0.0,0.06478967517614365,0.0,0.17842905223369598,0,0.0,-0.07307838648557663,0.0,0.14523282647132874,0.0,0.05852152407169342,0.0,0.23988193273544312,0,0.0,-0.20262938737869263,0.0,0.0705433115363121,0.0,0.022174468263983727,0.0,0.22048111259937286,0,0.0,0.028399094939231873,0.0,0.005115163512527943,0.0,0.006585164461284876,0.0,0.14558105170726776,0,0.0,-0.05189354345202446
1831,single_disease,72.8998031616211,65.29328155517578,73.10540008544922,56.80118942260742,1.0,0.9678757786750793,1,-1.5309982299804688,0.09489014744758606,0.0,0.24270997941493988,0.0,0.33810919523239136,0.0,0.22955863177776337,0,0.0,-0.11295615881681442,0.0,0.03608750179409981,0.0,0.00903234537690878,0.0,0.19256868958473206,0,0.0,0.1844073385000229,0.0,8.834168434143066,2.100600004196167,7.476193428039551,0.0,0.4521256387233734,0,0.0,-0.03853588178753853,0.0,0.0730678141117096,0.0,0.09508028626441956,0.0,0.22376802563667297,0,0.0,-0.0819944217801094
82,healthy,0.0,1.4351356029510498,0.0,1.8146154880523682,0.0,0.29194745421409607,0,0.0,0.261983186006546,0.0,0.23923206329345703,0.0,0.36078667640686035,0.0,0.2419801503419876,0,0.0,-0.16594955325126648,0.0,0.12275688350200653,0.0,0.05104348063468933,0.0,0.22873421013355255,0,0.0,-0.2135586440563202,0.0,0.0867125391960144,0.0,0.026919692754745483,0.0,0.23331838846206665,0,0.0,-0.0760744959115982,0.0,0.005822743754833937,0.0,0.00731676397845149,0.0,0.14627166092395782,0,0.0,-0.14934997260570526
1279,single_disease,0.0,0.15544602274894714,0.0,0.18497689068317413,0.0,0.23912516236305237,0,0.0,0.023806747049093246,0.7964000105857849,0.43020257353782654,0.923799991607666,0.6568155884742737,1.0,0.2667818069458008,0,-0.7398000359535217,-0.21139715611934662,0.0,0.09585703164339066,0.0,0.03435970097780228,0.0,0.22908301651477814,0,0.0,-0.28884389996528625,0.0,0.01991443894803524,0.0,0.004130935296416283,0.0,0.17913424968719482,0,0.0,-0.24894383549690247,0.0,0.3170802593231201,0.0,0.3426254689693451,0.0,0.2685014307498932,0,0.0,-0.04803509637713432
1173,multi_disease,0.0,0.016545673832297325,0.0,0.020945226773619652,0.0,0.16293655335903168,0,0.0,-0.24240250885486603,38.961700439453125,23.985149383544922,11.718000411987305,23.76161003112793,1.0,0.9539896249771118,1,-28.950897216796875,-0.2051367610692978,0.0,0.6611548662185669,0.0,0.3582557141780853,0.0,0.2714310884475708,0,0.0,-0.20897407829761505,0.0,0.08447211980819702,0.0,0.022432247176766396,0.0,0.23429962992668152,0,0.0,-0.385782390832901,2.6138999462127686,39.6007080078125,2.5495998859405518,54.420616149902344,1.0,0.830051600933075,1,-5.452199935913086,0.29273661971092224
24,healthy,0.0,3.94486141204834,0.0,4.6172895431518555,0.0,0.35699254274368286,0,0.0,0.4191208481788635,0.0,0.04719807952642441,0.0,0.0670226663351059,0.0,0.1779906004667282,0,0.0,-0.0954403355717659,0.0,0.07265586405992508,0.0,0.02385583147406578,0.0,0.22605910897254944,0,0.0,-0.1838434636592865,0.0,0.04142226651310921,0.0,0.011818182654678822,0.0,0.20415014028549194,0,0.0,-0.09232264012098312,0.0,0.00515122152864933,0.0,0.006599182263016701,0.0,0.14499257504940033,0,0.0,-0.06798887252807617
622,multi_disease,2.1524999141693115,5.647487163543701,0.0,6.638207912445068,1.0,0.34986570477485657,0,-1.8809001445770264,0.2779511511325836,9.099599838256836,22.56730842590332,9.387999534606934,20.616483688354492,1.0,0.9498388767242432,1,-0.31690025329589844,-0.24058152735233307,13.816300392150879,9.604723930358887,10.694600105285645,6.048506736755371,1.0,0.668236494064331,1,2.7409000396728516,0.08069759607315063,0.9764999747276306,0.45311903953552246,1.983299970626831,0.2174162119626999,1.0,0.3094600439071655,0,0.9764999747276306,-0.1467626988887787,75.96730041503906,54.31980895996094,73.93399810791016,70.91120910644531,1.0,0.9051504135131836,1,0.43520355224609375,0.7760030627250671
2408,multi_disease,0.0,0.05937276408076286,0.0,0.07229770720005035,0.0,0.20696862041950226,0,0.0,-0.20159760117530823,0.0,1.6407641172409058,0.0,2.1013741493225098,0.0,0.33165237307548523,0,0.0,-0.14007379114627838,17.647600173950195,13.213645935058594,17.045700073242188,6.418936729431152,1.0,0.7641244530677795,1,-1.150899887084961,0.9457404613494873,78.06680297851562,61.7617301940918,73.99849700927734,63.11094665527344,1.0,0.9264836311340332,1,-2.4181976318359375,0.2825802266597748,0.0,14.272575378417969,0.0,14.097942352294922,0.0,0.5425418615341187,1,0.0,0.1181129664182663
281,multi_disease,1.1629999876022339,10.291979789733887,3.3452999591827393,12.103864669799805,1.0,0.40477675199508667,0,0.28099995851516724,0.446124792098999,0.0,0.029450666159391403,0.0,0.03826085478067398,0.0,0.16431325674057007,0,0.0,0.016107168048620224,1.997499942779541,0.3908153772354126,2.2363998889923096,0.19016142189502716,1.0,0.2565959393978119,0,0.5796999931335449,-0.11981788277626038,0.0,0.008657853119075298,0.0,0.0017705269856378436,0.0,0.15446490049362183,0,0.0,-0.12441062182188034,0.0,0.007306444458663464,1.9413000345230103,0.009111883118748665,0.0,0.15361756086349487,0,0.0,-0.11716614663600922
669,multi_disease,0.0,0.07743506133556366,0.0,0.08948487788438797,0.0,0.2094089537858963,0,0.0,-0.0921742245554924,7.828000068664551,22.891691207885742,9.636099815368652,20.70609474182129,1.0,0.9482035636901855,1,-1.2179994583129883,-0.19724240899085999,13.42870044708252,13.627958297729492,16.70050048828125,10.132314682006836,1.0,0.6746567487716675,1,2.83750057220459,0.3069881498813629,4.27400016784668,0.2788149416446686,11.307999610900879,0.0995740294456482,1.0,0.2842787802219391,0,2.258200168609619,-0.11328230053186417,75.74600219726562,48.62939453125,68.24400329589844,64.57142639160156,1.0,0.8947795629501343,1,2.583099365234375,0.08380834758281708
190,single_disease,0.0,1.5356837511062622,0.0,1.8331527709960938,0.0,0.3199092447757721,0,0.0,0.3463336229324341,0.0,0.027639128267765045,0.0,0.03815431892871857,0.0,0.16137708723545074,0,0.0,-0.0006907344795763493,0.9889000058174133,2.1687536239624023,0.6007999777793884,1.2233753204345703,1.0,0.3184153437614441,0,-0.36089998483657837,-0.17756299674510956,0.0,0.04526326805353165,0.0,0.012624119408428669,0.0,0.20633327960968018,0,0.0,-0.0876583382487297,0.0,0.00988445058465004,0.0,0.012568052858114243,0.0,0.1605653315782547,0,0.0,-0.07708431780338287
1232,multi_disease,0.0,0.034114815294742584,0.0,0.043654486536979675,0.0,0.18923667073249817,0,0.0,-0.13601535558700562,4.621500015258789,20.86305809020996,1.4507999420166016,19.807994842529297,1.0,0.8778930902481079,1,-4.4552001953125,-0.2035781592130661,0.0,0.14092837274074554,0.0,0.051396798342466354,0.0,0.23857620358467102,0,0.0,-0.3055051267147064,0.0,0.017247924581170082,0.0,0.0033914409577846527,0.0,0.17618052661418915,0,0.0,-0.2649458646774292,1.3557000160217285,6.6943488121032715,0.0,6.9087066650390625,1.0,0.43071654438972473,0,-0.839900016784668,0.07110825181007385
2519,multi_disease,0.0,0.04312465339899063,0.0,0.05391876399517059,0.0,0.19432654976844788,0,0.0,-0.25582656264305115,0.0,0.09266041964292526,0.0,0.10298804938793182,0.0,0.2153416872024536,0,0.0,-0.12189646810293198,2.585099935531616,14.753499984741211,0.0,6.798126697540283,1.0,0.6544228196144104,1,-6.588700294494629,-0.4692201316356659,79.26909637451172,56.96771240234375,75.5073013305664,57.83828353881836,1.0,0.9101112484931946,1,-0.4503021240234375,0.3797540068626404,0.0,3.587885618209839,0.0,3.7125542163848877,0.0,0.3871749937534332,0,0.0,-0.013122089207172394
1439,single_disease,49.57820129394531,60.858272552490234,72.82949829101562,55.4915657043457,1.0,0.9685530066490173,1,23.95760154724121,0.003447672352194786,0.0,0.03980540484189987,0.0,0.05918804183602333,0.0,0.17278854548931122,0,0.0,-0.0005883267149329185,0.0,0.08072373270988464,0.0,0.026093393564224243,0.0,0.23513713479042053,0,0.0,-0.15659230947494507,0.0,0.0869310200214386,0.0,0.030553676187992096,0.0,0.23396648466587067,0,0.0,-0.04408283904194832,0.0,0.016027173027396202,0.0,0.020220015197992325,0.0,0.16991576552391052,0,0.0,-0.1678859144449234
1293,single_disease,0.0,0.3018847703933716,0.0,0.39983823895454407,0.0,0.26631513237953186,0,0.0,0.07667919993400574,0.7092000246047974,0.3841820955276489,0.5813000202178955,0.6137879490852356,1.0,0.26019617915153503,0,-0.5548999309539795,-0.19491590559482574,0.0,0.09333258122205734,0.0,0.0285625196993351,0.0,0.2194766104221344,0,0.0,-0.1909346878528595,0.0,0.01592942513525486,0.0,0.003490961156785488,0.0,0.17353041470050812,0,0.0,-0.23653700947761536,0.0,0.035316795110702515,0.0,0.04215304180979729,0.0,0.18285229802131653,0,0.0,-0.2389867752790451
270,single_disease,0.9365000128746033,1.4523147344589233,2.1730000972747803,1.7508234977722168,1.0,0.32084256410598755,0,0.9365000128746033,0.3491980731487274,0.0,0.028353387489914894,0.0,0.037611424922943115,0.0,0.1651354432106018,0,0.0,0.004144306294620037,1.603600025177002,1.5928096771240234,2.0922999382019043,0.8827027082443237,1.0,0.30610644817352295,0,0.24140000343322754,-0.1715378761291504,0.0,0.04691696539521217,0.0,0.013766289688646793,0.0,0.2085738331079483,0,0.0,-0.07575610280036926,0.0,0.011435584165155888,0.0,0.013969214633107185,0.0,0.16354674100875854,0,0.0,-0.1048978865146637
1325,single_disease,0.0,0.7102541923522949,0.0,0.8140570521354675,0.0,0.2911932170391083,0,0.0,0.3243851065635681,0.8154000043869019,0.39116618037223816,0.0,0.5151606202125549,1.0,0.252916544675827,0,-0.40359997749328613,-0.13097140192985535,0.0,0.03944799304008484,0.0,0.012424490414559841,0.0,0.20892523229122162,0,0.0,-0.22901979088783264,0.0,0.06532289832830429,0.0,0.021245764568448067,0.0,0.2186690717935562,0,0.0,0.08236642181873322,0.0,0.005917721893638372,0.0,0.007721043191850185,0.0,0.1470077931880951,0,0.0,-0.15824028849601746
1200,multi_disease,0.0,0.02042412757873535,0.0,0.025795502588152885,0.0,0.1683853268623352,0,0.0,-0.25883880257606506,11.079899787902832,23.71286392211914,5.5432000160217285,22.09005355834961,1.0,0.9509960412979126,1,-18.225601196289062,-0.2852584719657898,0.0,0.046317923814058304,0.0,0.01525550801306963,0.0,0.20899704098701477,0,0.0,-0.028218526393175125,0.0,0.027284232899546623,0.0,0.005672667175531387,0.0,0.1932811141014099,0,0.0,-0.2315637767314911,2.595599889755249,8.64052963256836,1.461300015449524,8.458958625793457,1.0,0.4580124020576477,0,0.16479992866516113,0.10000350326299667
1689,single_disease,79.56759643554688,66.01433563232422,72.52050018310547,57.749813079833984,1.0,0.9700276255607605,1,6.1721954345703125,0.03539963439106941,0.0,0.15866689383983612,0.0,0.23024289309978485,0.0,0.214584082365036,0,0.0,-0.10817034542560577,0.0,0.03678153082728386,0.0,0.00996788777410984,0.0,0.2108779400587082,0,0.0,-0.007543187588453293,0.0,5.531550407409668,0.0,4.526875972747803,0.0,0.42874234914779663,0,0.0,0.11019708216190338,0.0,0.04696712642908096,0.0,0.059149183332920074,0.0,0.20797353982925415,0,0.0,-0.08655505627393723
458,multi_disease,17.447599411010742,28.40266227722168,15.360600471496582,31.846332550048828,1.0,0.7883171439170837,1,2.09429931640625,0.4622895121574402,2.5376999378204346,21.005245208740234,3.1937999725341797,18.361400604248047,1.0,0.9153931140899658,1,0.6990998983383179,-0.07879042625427246,9.773699760437012,12.324535369873047,9.9306001663208,7.330793380737305,1.0,0.6673145294189453,1,2.024099826812744,0.271761953830719,0.0,0.4092830717563629,0.0,0.18720057606697083,0.0,0.30023881793022156,0,0.0,-0.13217377662658691,69.71939849853516,52.10157775878906,72.3240966796875,68.57818603515625,1.0,0.9019891619682312,1,18.431598663330078,0.41645359992980957
1304,single_disease,0.0,0.49500131607055664,0.0,0.5997913479804993,0.0,0.28253173828125,0,0.0,0.4240211844444275,0.9467999935150146,0.07027050107717514,0.7904000282287598,0.09327355027198792,1.0,0.19027557969093323,0,0.211899995803833,-0.0906991958618164,0.0,0.12418323755264282,0.0,0.053640156984329224,0.0,0.23098021745681763,0,0.0,-0.17710712552070618,0.0,0.01094917580485344,0.0,0.0027820307295769453,0.0,0.1624601036310196,0,0.0,0.07246170938014984,0.0,0.01679377257823944,0.0,0.019708558917045593,0.0,0.1687055081129074,0,0.0,-0.1473405510187149
1830,single_disease,73.72129821777344,65.14476776123047,70.31900024414062,56.67093276977539,1.0,0.9682304263114929,1,-0.32540130615234375,0.10162732750177383,0.0,0.23762372136116028,0.0,0.3322818875312805,0.0,0.2290952503681183,0,0.0,-0.12175273150205612,0.0,0.03685373067855835,0.0,0.00901271216571331,0.0,0.1934426873922348,0,0.0,0.061448682099580765,0.0,9.030047416687012,2.1738998889923096,7.634340763092041,0.0,0.45388489961624146,0,0.0,-0.0383492149412632,0.0,0.05587812513113022,0.0,0.07353756576776505,0.0,0.21272236108779907,0,0.0,-0.10805854201316833
1868,single_disease,67.49659729003906,67.63968658447266,77.45999908447266,58.50002670288086,1.0,0.9719483852386475,1,-10.7904052734375,0.153718501329422,0.0,0.5477923154830933,0.0,0.7820253372192383,0.0,0.26685917377471924,0,0.0,-0.2093019038438797,0.0,0.04253013804554939,0.0,0.010806150734424591,0.0,0.18614421784877777,0,0.0,0.15579697489738464,2.010999917984009,7.691623210906982,2.349299907684326,6.380543231964111,1.0,0.4485113024711609,0,2.010999917984009,-0.09117703884840012,0.0,0.0537489652633667,0.0,0.07138616591691971,0.0,0.21328040957450867,0,0.0,-0.0814390778541565
2091,multi_disease,82.94539642333984,63.533626556396484,76.2468032836914,54.496307373046875,1.0,0.9655019640922546,1,9.446998596191406,0.14911456406116486,0.0,2.1784889698028564,0.0,2.7933590412139893,0.0,0.3397271931171417,0,0.0,-0.18330834805965424,0.0,0.07685456424951553,0.0,0.023526813834905624,0.0,0.23174536228179932,0,0.0,-0.14961934089660645,78.87920379638672,65.56991577148438,78.0386962890625,67.38563537597656,1.0,0.9544473886489868,1,2.5731048583984375,0.5072800517082214,14.950900077819824,12.185214042663574,15.318599700927734,11.561185836791992,1.0,0.4893650710582733,0,0.8445005416870117,0.12063378095626831
817,multi_disease,0.0,0.10700199007987976,0.0,0.1264980286359787,0.0,0.21113519370555878,0,0.0,-0.15044085681438446,35.83399963378906,22.133747100830078,57.59479904174805,19.458337783813477,1.0,0.9494978785514832,1,18.01059913635254,-0.34598925709724426,40.384300231933594,13.024322509765625,63.53710174560547,8.339692115783691,1.0,0.7659376263618469,1,16.64120101928711,1.3300009965896606,21.64459991455078,31.129573822021484,18.505699157714844,29.0830020904541,1.0,0.6815181970596313,1,1.7378997802734375,-0.24814915657043457,75.62570190429688,53.55427932739258,80.13670349121094,70.41365051269531,1.0,0.9013800024986267,1,-2.6985015869140625,0.6005262732505798
859,multi_disease,0.0,0.05181458592414856,0.0,0.06400854885578156,0.0,0.19414512813091278,0,0.0,-0.22703756392002106,67.90550231933594,21.92791175842285,70.51100158691406,19.775257110595703,1.0,0.9452771544456482,1,22.07290267944336,-0.439170241355896,69.17140197753906,12.902772903442383,80.60659790039062,7.907806396484375,1.0,0.804520308971405,1,17.993900299072266,1.7102817296981812,19.877500534057617,16.418285369873047,19.707799911499023,13.745686531066895,1.0,0.5731680393218994,1,0.5698013305664062,-0.244595006108284,74.71829986572266,53.84767532348633,73.1178970336914,70.22002410888672,1.0,0.899428129196167,1,-1.499298095703125,0.7470113635063171
1681,single_disease,81.99929809570312,66.414306640625,76.98290252685547,57.99437713623047,1.0,0.9716010093688965,1,2.5410995483398438,0.10093280673027039,0.0,0.24804522097110748,0.0,0.35903802514076233,0.0,0.23382920026779175,0,0.0,-0.12551188468933105,0.0,0.05512990057468414,0.0,0.01471041515469551,0.0,0.22095730900764465,0,0.0,-0.07289464771747589,0.0,4.88417911529541,0.0,4.048174858093262,0.0,0.4240614175796509,0,0.0,0.13368043303489685,0.0,0.06453389674425125,0.0,0.08081404864788055,0.0,0.21757745742797852,0,0.0,-0.09116492420434952
393,multi_disease,14.756699562072754,16.725616455078125,14.693699836730957,17.363239288330078,1.0,0.5611964464187622,1,2.02139949798584,0.6223558783531189,1.32260000705719,0.02825753204524517,1.8359999656677246,0.03521294891834259,1.0,0.16785672307014465,0,1.32260000705719,0.013296880759298801,7.423900127410889,2.795844316482544,9.00510025024414,1.77083158493042,1.0,0.3274249732494354,0,3.0064001083374023,-0.15646858513355255,0.0,0.008247963152825832,0.0,0.0017252963734790683,0.0,0.15412192046642303,0,0.0,-0.15315072238445282,20.745800018310547,0.02664821781218052,39.63859939575195,0.030672550201416016,1.0,0.19317296147346497,0,14.678299903869629,-0.04240168631076813
1434,single_disease,41.11520004272461,60.01300048828125,68.65260314941406,55.11127853393555,1.0,0.96718430519104,1,20.60740089416504,0.034200217574834824,0.0,0.03508048132061958,0.0,0.047645729035139084,0.0,0.16647565364837646,0,0.0,0.004992436617612839,0.0,0.024893445894122124,0.0,0.0061594657599925995,0.0,0.20913460850715637,0,0.0,-0.1882828176021576,0.0,0.043509017676115036,0.0,0.01279398612678051,0.0,0.20768629014492035,0,0.0,-0.08004625141620636,0.0,0.008240156807005405,0.0,0.010618384927511215,0.0,0.14878545701503754,0,0.0,-0.16754905879497528
756,multi_disease,0.0,0.14719079434871674,0.0,0.17337507009506226,0.0,0.22142527997493744,0,0.0,-0.09803394973278046,12.334199905395508,21.799245834350586,14.377699851989746,18.537023544311523,1.0,0.9468360543251038,1,0.6603002548217773,-0.5521246790885925,27.312299728393555,11.67752742767334,20.484800338745117,6.310753345489502,1.0,0.7397489547729492,1,9.167900085449219,0.9285139441490173,22.61079978942871,35.41380310058594,18.479900360107422,34.708858489990234,1.0,0.7348600625991821,1,3.8208999633789062,-0.24304932355880737,62.1974983215332,54.275108337402344,76.2593002319336,70.69072723388672,1.0,0.905612051486969,1,-14.522098541259766,0.8245266675949097
616,multi_disease,2.676500082015991,12.587018013000488,0.608299970626831,14.342742919921875,1.0,0.46209001541137695,0,-2.064500093460083,0.3937864601612091,8.94629955291748,22.87978172302246,8.860099792480469,21.1009464263916,1.0,0.9547887444496155,1,-0.6180000305175781,-0.2572530210018158,12.999899864196777,9.807653427124023,10.661100387573242,5.43732213973999,1.0,0.6864733695983887,1,1.5538997650146484,0.398946076631546,1.083299994468689,0.33109647035598755,1.815600037574768,0.13849660754203796,1.0,0.3031339645385742,0,1.083299994468689,-0.11743463575839996,66.98560333251953,56.08781433105469,75.8019027709961,71.57525634765625,1.0,0.9107365608215332,1,-9.175193786621094,1.0328315496444702
1702,single_disease,86.03099822998047,67.13333129882812,71.91010284423828,58.801876068115234,1.0,0.9745990037918091,1,11.837501525878906,0.14229822158813477,0.0,0.1719495803117752,0.0,0.24498319625854492,0.0,0.21815243363380432,0,0.0,-0.12379967421293259,0.0,0.07967617362737656,0.0,0.022503431886434555,0.0,0.20411548018455505,0,0.0,0.21778640151023865,0.0,6.529190540313721,0.0,5.530895709991455,0.0,0.44190359115600586,0,0.0,-0.0678589716553688,0.0,0.07415105402469635,0.0,0.09625335037708282,0.0,0.2221459597349167,0,0.0,-0.10524901747703552
1742,single_disease,74.07129669189453,67.3011474609375,74.05049896240234,58.4578742980957,1.0,0.9709794521331787,1,-2.5165023803710938,0.13503684103488922,0.0,0.17766442894935608,0.0,0.23801404237747192,0.0,0.22026877105236053,0,0.0,-0.12239696085453033,0.0,0.051647040992975235,0.0,0.014490119181573391,0.0,0.2119232416152954,0,0.0,0.001719580963253975,0.0,2.8202078342437744,0.0,2.0164899826049805,0.0,0.3994150757789612,0,0.0,0.07674781233072281,0.0,0.06941284239292145,0.0,0.08545747399330139,0.0,0.21190513670444489,0,0.0,-0.10941673815250397
1176,multi_disease,0.0,0.01550877746194601,0.0,0.019150104373693466,0.0,0.1651550978422165,0,0.0,-0.21121709048748016,29.305500030517578,23.658279418945312,11.079899787902832,22.885725021362305,1.0,0.9544415473937988,1,-39.43320083618164,-0.2057565301656723,0.0,0.10527455061674118,0.0,0.041374970227479935,0.0,0.22594387829303741,0,0.0,-0.20971618592739105,0.0,0.019492464140057564,0.0,0.00417542876675725,0.0,0.1844095140695572,0,0.0,-0.3981924057006836,2.430799961090088,17.724016189575195,2.595599889755249,20.194660186767578,1.0,0.6185283660888672,1,-4.41349983215332,-0.1782054603099823
296,multi_disease,2.2962000370025635,4.395358085632324,4.578800201416016,5.4196271896362305,1.0,0.3649337887763977,0,1.3438999652862549,0.42903321981430054,0.0,0.025907721370458603,0.0,0.03369242325425148,0.0,0.1633673757314682,0,0.0,0.0014804909005761147,2.0862998962402344,0.30391252040863037,3.1008999347686768,0.14344000816345215,1.0,0.25156012177467346,0,0.31309986114501953,-0.21046684682369232,0.0,0.014138436876237392,0.0,0.0032886629924178123,0.0,0.16928505897521973,0,0.0,-0.10716366767883301,0.0,0.010574057698249817,1.7781000137329102,0.012708568945527077,0.0,0.16367779672145844,0,0.0,-0.09655667096376419
1209,multi_disease,0.0,0.02388184331357479,0.0,0.02932056412100792,0.0,0.17594841122627258,0,0.0,-0.237260103225708,9.234700202941895,23.17554473876953,4.36899995803833,20.607059478759766,1.0,0.9479941725730896,1,-8.0743989944458,-0.49586808681488037,0.0,0.08962076157331467,0.0,0.02587587758898735,0.0,0.21663826704025269,0,0.0,-0.3532511591911316,0.0,0.014888503588736057,0.0,0.0025499039329588413,0.0,0.17072975635528564,0,0.0,-0.25796711444854736,2.1826999187469482,7.006341934204102,1.3746000528335571,6.988605976104736,1.0,0.437205046415329,0,-0.11870002746582031,0.06570249050855637
1733,single_disease,78.82240295410156,65.09649658203125,74.72119903564453,56.86911392211914,1.0,0.9696158766746521,1,8.622299194335938,0.05973604694008827,0.0,0.11989229917526245,0.0,0.17911016941070557,0.0,0.21059606969356537,0,0.0,-0.116902194917202,0.0,0.04638620465993881,0.0,0.01218860037624836,0.0,0.20929361879825592,0,0.0,-0.007961479015648365,0.0,8.11669635772705,0.0,6.8227996826171875,0.0,0.44893771409988403,0,0.0,0.007618507370352745,0.0,0.03195367380976677,0.0,0.04168040305376053,0.0,0.19455347955226898,0,0.0,-0.1236860528588295
65,healthy,0.0,1.90922212600708,0.0,2.4930355548858643,0.0,0.30866989493370056,0,0.0,0.22111977636814117,0.0,0.3265235126018524,0.0,0.4504927098751068,0.0,0.24949727952480316,0,0.0,-0.10701073706150055,0.0,0.06895021349191666,0.0,0.024571456015110016,0.0,0.21803969144821167,0,0.0,-0.11748860031366348,0.0,0.05376708507537842,0.0,0.014946325682103634,0.0,0.2233625203371048,0,0.0,-0.3504825830459595,0.0,0.009466317482292652,0.0,0.012206152081489563,0.0,0.16092628240585327,0,0.0,-0.17374548316001892
2174,multi_disease,64.17150115966797,63.403564453125,33.13800048828125,55.19731140136719,1.0,0.9716150760650635,1,-19.002601623535156,0.08675769716501236,0.0,0.2926870286464691,0.0,0.41583380103111267,0.0,0.24483166635036469,0,0.0,-0.1644451916217804,0.5016000270843506,4.334508419036865,0.5231000185012817,2.9878294467926025,1.0,0.3873848021030426,0,0.5016000270843506,0.07574548572301865,85.82160186767578,68.25833892822266,85.2031021118164,70.00802612304688,1.0,0.9644697308540344,1,6.090599060058594,0.47936972975730896,16.563600540161133,34.778751373291016,14.68179988861084,49.70336151123047,1.0,0.8127896189689636,1,1.4737005233764648,0.12928655743598938
482,multi_disease,15.360600471496582,3.5977680683135986,12.783599853515625,4.218926429748535,1.0,0.3463219404220581,0,-2.08699893951416,0.2887798249721527,3.1937999725341797,21.43914031982422,3.1064000129699707,18.7735538482666,1.0,0.9290521144866943,1,0.6561000347137451,-0.2679959535598755,9.9306001663208,12.697667121887207,10.593400001525879,7.505558967590332,1.0,0.6781764030456543,1,0.15690040588378906,0.2036968320608139,0.0,0.6861363053321838,0.0,0.34973010420799255,0.0,0.32605063915252686,0,0.0,-0.11644584685564041,72.3240966796875,52.323280334472656,82.04299926757812,68.75823974609375,1.0,0.9058993458747864,1,2.6046981811523438,0.460854172706604
1543,single_disease,77.62419891357422,65.58818817138672,84.45269775390625,57.270503997802734,1.0,0.9716185331344604,1,7.083099365234375,0.06773599982261658,0.0,0.07317599654197693,0.0,0.10180503875017166,0.0,0.188198983669281,0,0.0,-0.03992230072617531,0.0,0.05835483968257904,0.0,0.018321000039577484,0.0,0.2055225670337677,0,0.0,0.30088257789611816,0.0,0.9921886920928955,0.0,0.6801630258560181,0.0,0.3635224401950836,0,0.0,0.09633402526378632,0.0,0.01598767377436161,0.0,0.02036307193338871,0.0,0.1697029024362564,0,0.0,-0.180386483669281
2479,multi_disease,0.0,0.04366087540984154,0.0,0.05460789427161217,0.0,0.19589947164058685,0,0.0,-0.25308239459991455,0.0,0.24268896877765656,0.0,0.283437579870224,0.0,0.24911703169345856,0,0.0,-0.15297400951385498,16.407899856567383,11.850889205932617,5.791999816894531,4.439743518829346,1.0,0.7399840950965881,1,-1.0918006896972656,0.8644009828567505,68.96060180664062,60.23451614379883,80.72760009765625,61.485713958740234,1.0,0.9150881767272949,1,-17.03369903564453,0.12406447529792786,0.0,12.093823432922363,0.0,11.697487831115723,0.0,0.49096956849098206,0,0.0,0.12448948621749878
781,multi_disease,0.0,0.162218376994133,0.0,0.19061927497386932,0.0,0.22776038944721222,0,0.0,-0.1086617112159729,14.85260009765625,21.31818199157715,22.97640037536621,18.208383560180664,1.0,0.9478268623352051,1,2.300800323486328,-0.5157979130744934,20.002300262451172,11.70173168182373,29.072599411010742,6.768667697906494,1.0,0.7640030980110168,1,-5.695798873901367,1.3826425075531006,18.954200744628906,33.154014587402344,19.653799057006836,32.052101135253906,1.0,0.7198919653892517,1,-4.051799774169922,-0.31807181239128113,74.5344009399414,55.25901794433594,80.12159729003906,71.2173080444336,1.0,0.9084533452987671,1,9.875900268554688,0.9677040576934814
205,single_disease,0.0,2.186919689178467,0.0,2.784757137298584,0.0,0.31874319911003113,0,0.0,0.22493663430213928,0.0,0.02847578376531601,0.0,0.0395689457654953,0.0,0.1631271243095398,0,0.0,-0.00481226434931159,0.883400022983551,0.7368625998497009,0.9185000061988831,0.35631418228149414,1.0,0.2869880497455597,0,-0.15500003099441528,-0.17226456105709076,0.0,0.020211324095726013,0.0,0.00431968504562974,0.0,0.18730802834033966,0,0.0,-0.46668288111686707,0.0,0.004987404216080904,0.0,0.006268407218158245,0.0,0.13891679048538208,0,0.0,-0.23121975362300873
2497,multi_disease,0.0,0.04543869569897652,0.0,0.05573536083102226,0.0,0.1923852562904358,0,0.0,-0.25261059403419495,0.0,0.16395419836044312,0.0,0.17950722575187683,0.0,0.2404952496290207,0,0.0,-0.1338508278131485,7.9903998374938965,14.097328186035156,2.347100019454956,5.8452372550964355,1.0,0.6664747595787048,1,-10.591798782348633,-0.02316666767001152,75.9198989868164,57.6897087097168,76.56230163574219,59.00061798095703,1.0,0.913807213306427,1,-1.4141006469726562,0.47742682695388794,0.0,8.264894485473633,0.0,8.336674690246582,0.0,0.45223456621170044,0,0.0,0.010619458742439747
2432,multi_disease,0.0,0.046045273542404175,0.0,0.05853314697742462,0.0,0.20091110467910767,0,0.0,-0.23469534516334534,0.0,1.0922218561172485,0.0,1.3422091007232666,0.0,0.29943642020225525,0,0.0,-0.18294794857501984,17.045700073242188,12.369455337524414,17.607799530029297,5.390778541564941,1.0,0.7481521368026733,1,-0.6019001007080078,0.8090746998786926,73.99849700927734,62.37616729736328,83.31770324707031,63.36482620239258,1.0,0.9287659525871277,1,-4.068305969238281,0.19019387662410736,0.0,14.10802173614502,0.0,13.476699829101562,0.0,0.5095493793487549,1,0.0,0.17638641595840454
808,multi_disease,0.0,0.13014335930347443,0.0,0.1587674617767334,0.0,0.22037917375564575,0,0.0,-0.07995838671922684,24.262500762939453,21.756359100341797,44.53160095214844,18.301218032836914,1.0,0.9535467028617859,1,8.45680046081543,-0.4738897979259491,32.18439865112305,11.553850173950195,44.642398834228516,6.782747268676758,1.0,0.732103705406189,1,12.001699447631836,0.9470573663711548,19.992700576782227,34.433441162109375,19.236900329589844,33.21078872680664,1.0,0.7208164930343628,1,0.26600074768066406,-0.16604886949062347,78.86129760742188,56.3715705871582,77.6980972290039,72.18876647949219,1.0,0.91013103723526,1,3.8386001586914062,0.9810896515846252
1059,multi_disease,0.0,0.025120258331298828,0.0,0.03188623487949371,0.0,0.17441344261169434,0,0.0,-0.2514420449733734,75.18939971923828,23.910003662109375,71.5541000366211,22.586027145385742,1.0,0.9531266689300537,1,2.7649993896484375,-0.31597864627838135,1.2036000490188599,0.42810872197151184,0.0,0.20412273705005646,1.0,0.2650899887084961,0,-0.8779000043869019,-0.18230648338794708,0.5595999956130981,0.7649475336074829,0.0,0.2673395574092865,1.0,0.3219623565673828,0,-1.5386000871658325,0.09233260154724121,72.6072998046875,38.221431732177734,83.91549682617188,51.86662673950195,1.0,0.8169546127319336,1,-3.0756988525390625,0.09888111799955368
2258,multi_disease,2.0808000564575195,45.675506591796875,1.0633000135421753,41.27640151977539,1.0,0.8955208659172058,1,-5.128600120544434,0.3940906226634979,0.0,1.1233253479003906,0.0,1.5090306997299194,0.0,0.30457812547683716,0,0.0,-0.1912127435207367,1.8895000219345093,7.355744361877441,3.2885000705718994,4.6190948486328125,1.0,0.3914601504802704,0,0.7360000610351562,-0.09466985613107681,84.27069854736328,67.26762390136719,84.84439849853516,67.95919036865234,1.0,0.9548149704933167,1,-4.189300537109375,0.5352758765220642,16.470600128173828,26.844730377197266,3.4518001079559326,38.76799392700195,1.0,0.7506066560745239,1,1.4748001098632812,-0.05159931257367134
2014,multi_disease,73.64070129394531,66.04975128173828,72.33660125732422,57.65095901489258,1.0,0.9722607135772705,1,-3.62750244140625,0.12910130620002747,0.0,1.4616376161575317,0.0,1.9911199808120728,0.0,0.32277077436447144,0,0.0,-0.178983673453331,0.0,0.05366573482751846,0.0,0.013441245071589947,0.0,0.18077179789543152,0,0.0,0.23191510140895844,55.70899963378906,56.57673645019531,75.44309997558594,61.392276763916016,1.0,0.9285925626754761,1,24.241600036621094,0.41020283102989197,13.67590045928955,2.217745065689087,16.581100463867188,2.496408700942993,1.0,0.3637106418609619,0,10.473100662231445,0.35341864824295044
13,healthy,0.0,2.470889091491699,0.0,3.1144187450408936,0.0,0.3253789246082306,0,0.0,0.3034781217575073,0.0,0.04425625503063202,0.0,0.05788479000329971,0.0,0.17398329079151154,0,0.0,-0.09873896092176437,0.0,0.08575917035341263,0.0,0.03293360024690628,0.0,0.22144348919391632,0,0.0,-0.2085912972688675,0.0,0.01710723340511322,0.0,0.003748779185116291,0.0,0.17829790711402893,0,0.0,-0.32722002267837524,0.0,0.006839154753834009,0.0,0.008424937725067139,0.0,0.15106680989265442,0,0.0,-0.1344253420829773
2234,multi_disease,7.209400177001953,61.04347610473633,2.0808000564575195,52.71999740600586,1.0,0.9500272274017334,1,-17.460399627685547,0.18211962282657623,0.0,0.2118828445672989,0.0,0.30042174458503723,0.0,0.22944492101669312,0,0.0,-0.13527388870716095,1.153499960899353,5.582075595855713,1.8895000219345093,3.4377238750457764,1.0,0.48150429129600525,0,0.290399968624115,0.1353103071451187,88.45999908447266,69.76853942871094,84.27069854736328,69.88334655761719,1.0,0.9634268283843994,1,-3.006103515625,0.6154962778091431,14.995800018310547,20.21356773376465,16.470600128173828,25.681129455566406,1.0,0.6686447858810425,1,0.5831003189086914,-0.10582853853702545
935,multi_disease,0.0,0.052953679114580154,0.0,0.06411276757717133,0.0,0.1932605504989624,0,0.0,-0.22374653816223145,78.3833999633789,22.24874496459961,71.68329620361328,19.933439254760742,1.0,0.9451760649681091,1,-2.55780029296875,-0.5126480460166931,25.587400436401367,12.603263854980469,10.31190013885498,7.51785135269165,1.0,0.7760531902313232,1,-54.36119842529297,1.4963017702102661,20.1018009185791,40.82848358154297,9.55720043182373,41.163726806640625,1.0,0.7832494974136353,1,-3.0390987396240234,-0.2816566824913025,74.2842025756836,50.91258239746094,76.30049896240234,67.66596984863281,1.0,0.8869588375091553,1,2.2787017822265625,0.47811898589134216
1377,single_disease,3.6377999782562256,13.61184310913086,15.421799659729004,14.332188606262207,1.0,0.519585371017456,1,1.6377999782562256,0.5631167888641357,0.0,0.09395364671945572,0.0,0.11553084850311279,0.0,0.2048138976097107,0,0.0,-0.11911018937826157,0.0,0.01758749783039093,0.0,0.004246379714459181,0.0,0.19655661284923553,0,0.0,-0.1306171715259552,0.0,0.09595713764429092,0.0,0.03486910089850426,0.0,0.23242780566215515,0,0.0,0.16079041361808777,0.0,0.004281352274119854,0.0,0.005658517125993967,0.0,0.13965030014514923,0,0.0,-0.1938353180885315
2073,multi_disease,72.12470245361328,64.24931335449219,78.53579711914062,55.586063385009766,1.0,0.9639137983322144,1,2.8799057006835938,0.09020810574293137,0.0,2.9613049030303955,0.0,3.7160136699676514,0.0,0.35623669624328613,0,0.0,-0.19047456979751587,0.0,0.0592610202729702,0.0,0.016690455377101898,0.0,0.20624561607837677,0,0.0,-0.15091414749622345,75.70960235595703,64.53144836425781,76.14790344238281,68.04625701904297,1.0,0.9581006169319153,1,3.675201416015625,0.4408925473690033,14.477100372314453,12.127824783325195,14.114399909973145,11.624354362487793,1.0,0.5095880031585693,1,-0.35759925842285156,0.20028571784496307
2489,multi_disease,0.0,0.05251909792423248,0.0,0.06667669117450714,0.0,0.19996380805969238,0,0.0,-0.2533760666847229,0.0,1.600726842880249,0.0,2.2028212547302246,0.0,0.35298171639442444,0,0.0,-0.04620392620563507,12.175700187683105,12.676888465881348,3.353300094604492,6.461554050445557,1.0,0.7753127217292786,1,-8.56659984588623,1.3676761388778687,80.08429718017578,59.129024505615234,72.02619934082031,60.51453399658203,1.0,0.9140657186508179,1,4.149299621582031,0.1527264416217804,0.0,14.201582908630371,0.0,13.654563903808594,0.0,0.5259637832641602,1,0.0,0.13733042776584625
2093,multi_disease,75.52159881591797,64.07229614257812,79.97530364990234,55.249237060546875,1.0,0.9657679796218872,1,2.079498291015625,0.12444023787975311,0.0,1.521409034729004,0.0,1.9314576387405396,0.0,0.31943026185035706,0,0.0,-0.1765487641096115,0.0,0.0687757134437561,0.0,0.020597007125616074,0.0,0.23029832541942596,0,0.0,-0.13800166547298431,79.93350219726562,65.52195739746094,77.63069915771484,67.9337387084961,1.0,0.9573662281036377,1,3.5206985473632812,0.5034958124160767,15.232799530029297,12.750432968139648,15.583200454711914,12.12285041809082,1.0,0.49607452750205994,0,1.70989990234375,0.14172697067260742
1824,single_disease,79.18219757080078,65.6063232421875,78.62000274658203,57.699180603027344,1.0,0.9736561179161072,1,2.7678985595703125,0.13055886328220367,0.0,0.33626723289489746,0.0,0.48577356338500977,0.0,0.2460603266954422,0,0.0,-0.13045601546764374,0.0,0.05437711998820305,0.0,0.013708196580410004,0.0,0.1956392526626587,0,0.0,0.06061067059636116,0.0,7.409182071685791,0.0,6.397039413452148,0.0,0.44565078616142273,0,0.0,0.03917860612273216,0.0,0.13091088831424713,0.0,0.1662541627883911,0.0,0.24305064976215363,0,0.0,-0.07200921326875687
567,multi_disease,14.791899681091309,13.968938827514648,4.679299831390381,15.89977741241455,1.0,0.5001428127288818,1,-0.756500244140625,0.11530159413814545,6.361499786376953,20.695270538330078,9.219900131225586,17.51412010192871,1.0,0.913184404373169,1,1.2632999420166016,-0.4361972212791443,15.328100204467773,11.320239067077637,10.73069953918457,5.929963111877441,1.0,0.7712917327880859,1,2.1514997482299805,1.1174907684326172,0.0,0.6628371477127075,0.0,0.2833835184574127,0.0,0.3267665207386017,0,0.0,-0.02643631398677826,79.14099884033203,55.99777603149414,76.29930114746094,72.25416564941406,1.0,0.9134857058525085,1,1.8069000244140625,0.9560909271240234
1744,single_disease,73.28040313720703,67.36097717285156,79.52649688720703,58.504791259765625,1.0,0.9710914492607117,1,-5.2686004638671875,0.15486383438110352,0.0,0.17994582653045654,0.0,0.24058757722377777,0.0,0.21949893236160278,0,0.0,-0.13120371103286743,0.0,0.03356495127081871,0.0,0.008601630106568336,0.0,0.19065257906913757,0,0.0,0.1399850994348526,0.0,3.856811285018921,0.0,2.9744834899902344,0.0,0.4139665961265564,0,0.0,0.10125920176506042,0.0,0.05947471782565117,0.0,0.07535744458436966,0.0,0.20978400111198425,0,0.0,-0.1174897775053978
231,single_disease,0.0,5.420600891113281,0.7785000205039978,6.891757965087891,0.0,0.35130012035369873,0,0.0,0.3152197301387787,0.0,0.04824308678507805,0.0,0.0656401664018631,0.0,0.1767084151506424,0,0.0,-0.07407815754413605,0.8999999761581421,2.3140432834625244,1.2410000562667847,1.3849202394485474,1.0,0.31816428899765015,0,0.27769994735717773,-0.19022484123706818,0.0,0.04873361438512802,0.0,0.014115458354353905,0.0,0.21340487897396088,0,0.0,-0.23237794637680054,0.0,0.0058965859934687614,0.0,0.007711977232247591,0.0,0.14985357224941254,0,0.0,-0.08111225813627243
504,multi_disease,12.54259967803955,37.29130554199219,15.720999717712402,39.09891128540039,1.0,0.8435865044593811,1,-3.423100471496582,0.31878671050071716,2.861299991607666,21.63434600830078,4.631199836730957,19.42258644104004,1.0,0.9249923229217529,1,-0.24559998512268066,-0.14294946193695068,9.574600219726562,10.882662773132324,10.575400352478027,6.7959489822387695,1.0,0.7142951488494873,1,0.18920040130615234,0.4586808383464813,0.0,0.7174884676933289,0.0,0.3876166045665741,0.0,0.3307468295097351,0,0.0,-0.14391577243804932,80.41020202636719,54.02252197265625,71.08460235595703,70.55915069580078,1.0,0.9116319417953491,1,12.995903015136719,0.5651550889015198
631,multi_disease,1.8158999681472778,0.29015377163887024,0.0,0.32900506258010864,1.0,0.240579292178154,0,-1.3539999723434448,0.07497838139533997,8.704099655151367,22.009031295776367,8.546500205993652,18.83074951171875,1.0,0.9465430974960327,1,0.012599945068359375,-0.49729982018470764,12.452500343322754,12.205670356750488,12.333200454711914,7.901305198669434,1.0,0.7244356870651245,1,0.3805999755859375,0.6408017873764038,1.131500005722046,10.796767234802246,2.41510009765625,8.677603721618652,1.0,0.46602892875671387,0,0.3655000329017639,0.021154839545488358,77.91089630126953,53.944183349609375,77.26699829101562,69.6328125,1.0,0.9027332067489624,1,1.096893310546875,0.8056493401527405
1518,single_disease,69.08049774169922,66.49653625488281,80.69709777832031,58.247100830078125,1.0,0.973183810710907,1,-0.5791015625,0.09235016256570816,0.0,0.06743466854095459,0.0,0.09412281215190887,0.0,0.18626552820205688,0,0.0,-0.022058388218283653,0.0,0.050398606806993484,0.0,0.014248264953494072,0.0,0.20655278861522675,0,0.0,0.23705963790416718,0.0,2.8576743602752686,0.0,2.1887125968933105,0.0,0.4223177433013916,0,0.0,0.03678573668003082,0.0,0.016035092994570732,0.0,0.020568471401929855,0.0,0.17064473032951355,0,0.0,-0.17561009526252747
830,multi_disease,0.0,0.10017624497413635,0.0,0.11425022780895233,0.0,0.2177264243364334,0,0.0,-0.08215012401342392,43.1614990234375,21.53641700744629,67.1249008178711,18.956052780151367,1.0,0.9425279498100281,1,20.114198684692383,-0.47960683703422546,46.222999572753906,12.164515495300293,66.95149993896484,7.465857982635498,1.0,0.7906715869903564,1,15.979398727416992,1.614431381225586,19.845199584960938,39.273136138916016,19.047199249267578,38.01433181762695,1.0,0.7529991865158081,1,-0.49049949645996094,-0.29720965027809143,77.27770233154297,52.38349533081055,76.9209976196289,69.19175720214844,1.0,0.8961911201477051,1,-1.6717987060546875,0.6634185910224915
791,multi_disease,0.0,0.17525824904441833,0.0,0.20575672388076782,0.0,0.22631774842739105,0,0.0,-0.08674631267786026,17.09939956665039,21.76603889465332,31.499399185180664,18.750680923461914,1.0,0.9477235078811646,1,2.6292991638183594,-0.2894514203071594,23.41659927368164,13.26724624633789,39.05630111694336,7.929123401641846,1.0,0.7685302495956421,1,-1.5079002380371094,1.1633726358413696,19.353700637817383,42.01318359375,20.908599853515625,42.085723876953125,1.0,0.7653229832649231,1,-1.182199478149414,-0.13113971054553986,78.193603515625,54.90242385864258,76.36430358886719,70.79583740234375,1.0,0.9062879085540771,1,3.3546066284179688,0.90665203332901
2271,multi_disease,1.2307000160217285,8.62088680267334,0.9333000183105469,10.053730964660645,1.0,0.413307249546051,0,-2.8382997512817383,0.4315592348575592,0.0,1.4172066450119019,0.0,1.7136415243148804,0.0,0.31548944115638733,0,0.0,-0.18603317439556122,1.7028000354766846,9.47899055480957,5.950900077819824,4.655055522918701,1.0,0.5327433347702026,1,0.305899977684021,0.08226191997528076,80.34120178222656,67.17908477783203,87.93270111083984,67.52620697021484,1.0,0.9508625268936157,1,-4.6114959716796875,0.16460034251213074,8.065699577331543,35.17640686035156,1.2538000345230103,51.5676155090332,1.0,0.8150525093078613,1,-9.033600807189941,-0.07985419034957886
755,multi_disease,0.0,0.13963550329208374,0.0,0.1659574806690216,0.0,0.2177278697490692,0,0.0,-0.08461413532495499,11.921199798583984,21.87650489807129,15.746199607849121,18.449138641357422,1.0,0.9457269906997681,1,0.01739978790283203,-0.5478168725967407,26.596200942993164,12.334251403808594,20.461999893188477,6.748746871948242,1.0,0.7324790954589844,1,8.408201217651367,0.7602383494377136,22.483400344848633,36.87733459472656,18.654199600219727,36.472965240478516,1.0,0.7427178025245667,1,3.819000244140625,-0.23343299329280853,61.344200134277344,54.5099983215332,75.64230346679688,70.95484161376953,1.0,0.9062352776527405,1,-12.037002563476562,0.8170105218887329
1765,single_disease,71.80729675292969,65.1342544555664,64.72740173339844,56.3821907043457,1.0,0.9682310223579407,1,-1.79150390625,0.06617830693721771,0.0,0.23802387714385986,0.0,0.32665348052978516,0.0,0.2283479869365692,0,0.0,-0.13168080151081085,0.0,0.06671615689992905,0.0,0.02011372148990631,0.0,0.22145278751850128,0,0.0,-0.13653342425823212,0.0,7.545064926147461,0.0,6.09341287612915,0.0,0.4465911090373993,0,0.0,-0.08737745136022568,0.0,0.05965166538953781,0.0,0.07587948441505432,0.0,0.21363914012908936,0,0.0,-0.1087510883808136
47,healthy,0.0,5.368953704833984,0.0,6.224536418914795,0.0,0.3624522387981415,0,0.0,0.27232953906059265,0.0,0.12707388401031494,0.0,0.18057017028331757,0.0,0.20743106305599213,0,0.0,-0.222245991230011,0.0,0.09464889019727707,0.0,0.03189444541931152,0.0,0.23525404930114746,0,0.0,-0.19754882156848907,0.0,0.05854176729917526,0.0,0.01683812215924263,0.0,0.21888521313667297,0,0.0,-0.17508985102176666,0.0,0.006459281779825687,0.0,0.008107751607894897,0.0,0.14693674445152283,0,0.0,-0.12523142993450165
875,multi_disease,0.0,0.055398616939783096,0.0,0.06429609656333923,0.0,0.1998068243265152,0,0.0,-0.21634157001972198,65.69319915771484,21.00311279296875,72.0905990600586,17.994888305664062,1.0,0.9437225461006165,1,-3.677703857421875,-0.6353051066398621,69.03079986572266,12.102285385131836,74.21520233154297,6.791500568389893,1.0,0.7898788452148438,1,5.585300445556641,1.487436056137085,18.867599487304688,20.724559783935547,18.98040008544922,18.01076889038086,1.0,0.6056466698646545,1,-0.7431011199951172,-0.22134287655353546,72.82530212402344,48.2462043762207,70.78079986572266,65.34796142578125,1.0,0.876309335231781,1,-3.22869873046875,0.37858328223228455
1150,multi_disease,0.0,0.046818770468235016,0.0,0.060583289712667465,0.0,0.18548353016376495,0,0.0,-0.2601298391819,67.61019897460938,23.520273208618164,37.36360168457031,22.484195709228516,1.0,0.9496355652809143,1,-11.156204223632812,-0.34328246116638184,0.0,0.20380264520645142,0.0,0.0719500482082367,0.0,0.23869982361793518,0,0.0,-0.2978331744670868,0.0,0.07255403697490692,0.0,0.018210215494036674,0.0,0.22901804745197296,0,0.0,-0.108282171189785,7.380099773406982,49.28893280029297,2.4268999099731445,66.5577163696289,1.0,0.8825253844261169,1,-33.45240020751953,0.3519446551799774
2147,multi_disease,79.43699645996094,64.23828887939453,69.46299743652344,55.35038757324219,1.0,0.9704796075820923,1,-1.00390625,0.10385841131210327,0.0,0.6704875826835632,0.0,0.857311487197876,0.0,0.27825742959976196,0,0.0,-0.15672510862350464,0.0,0.16023848950862885,0.3831000030040741,0.06090318039059639,0.0,0.2514532208442688,0,0.0,-0.17821092903614044,68.55359649658203,68.85054779052734,86.04129791259766,71.37275695800781,1.0,0.9690364003181458,1,-11.734703063964844,0.5586888194084167,16.03179931640625,30.846860885620117,16.604700088500977,42.45824432373047,1.0,0.7947742342948914,1,0.4078989028930664,0.29019805788993835
2650,single_disease,0.0,0.04439366236329079,,0.056799501180648804,0.0,0.1951797902584076,0,0.0,-0.23124736547470093,0.0,0.09002484381198883,,0.11529986560344696,0.0,0.20054583251476288,0,0.0,-0.13209666311740875,0.0,0.06682348251342773,,0.023822691291570663,0.0,0.21173015236854553,0,0.0,-0.29392707347869873,78.26119995117188,64.8495101928711,,65.93487548828125,1.0,0.9438385963439941,1,-10.4884033203125,0.5847074389457703,0.0,6.660322666168213,,6.70908784866333,0.0,0.42972755432128906,0,0.0,0.00820193812251091
2075,multi_disease,71.20369720458984,64.64937591552734,79.73320007324219,55.73418045043945,1.0,0.9645701050758362,1,2.4516983032226562,0.06426218897104263,0.0,3.667819023132324,0.0,4.615988731384277,0.0,0.3689867854118347,0,0.0,-0.19764935970306396,0.0,0.11416830867528915,0.0,0.03786160796880722,0.0,0.22086291015148163,0,0.0,-0.23882697522640228,72.7865982055664,64.51414489746094,74.35639953613281,68.55508422851562,1.0,0.9610586166381836,1,-4.38909912109375,0.5499041080474854,13.365900039672852,9.000826835632324,14.193699836730957,8.64280891418457,1.0,0.4640960693359375,0,-1.7505998611450195,0.33032360672950745
1963,multi_disease,74.99549865722656,66.00070190429688,73.17479705810547,57.17033004760742,1.0,0.9703336358070374,1,6.434196472167969,0.10260824859142303,0.0,0.3487507998943329,0.0,0.4583326280117035,0.0,0.2458103597164154,0,0.0,-0.15407361090183258,0.0,0.03672594577074051,0.0,0.009195925667881966,0.0,0.1793821156024933,0,0.0,0.24333223700523376,19.784099578857422,13.441512107849121,28.912500381469727,10.97599983215332,1.0,0.4840017259120941,0,11.997699737548828,-0.12722612917423248,1.0835000276565552,0.0627845972776413,2.3397998809814453,0.08356835693120956,1.0,0.21871574223041534,0,1.0835000276565552,-0.07793913781642914
1578,single_disease,83.99569702148438,67.23848724365234,80.6364974975586,58.41817855834961,1.0,0.9725062847137451,1,4.9214935302734375,0.14292770624160767,0.0,0.2953079044818878,0.0,0.42433860898017883,0.0,0.24007107317447662,0,0.0,-0.21069838106632233,0.0,0.08239303529262543,0.0,0.02339751459658146,0.0,0.20888333022594452,0,0.0,0.17268715798854828,0.0,6.139413833618164,0.0,4.960956573486328,0.0,0.4355456531047821,0,0.0,-0.039239004254341125,0.0,0.03664049133658409,0.0,0.04879671335220337,0.0,0.200773224234581,0,0.0,-0.1428273320198059
232,single_disease,0.0,4.0872087478637695,0.8252999782562256,5.18126916885376,0.0,0.34458300471305847,0,0.0,0.32289278507232666,0.0,0.04751499369740486,0.0,0.06585007160902023,0.0,0.17738497257232666,0,0.0,-0.0794139876961708,0.9431999921798706,2.341395616531372,1.412500023841858,1.4083739519119263,1.0,0.31857892870903015,0,0.2337999939918518,-0.19510455429553986,0.0,0.04945049807429314,0.0,0.014433415606617928,0.0,0.2140132337808609,0,0.0,-0.22169549763202667,0.0,0.005860349629074335,0.0,0.007690694648772478,0.0,0.15230920910835266,0,0.0,-0.058892667293548584
2269,multi_disease,1.19159996509552,14.005311965942383,0.9243000149726868,16.203338623046875,1.0,0.4984988272190094,0,-3.2411999702453613,0.15309467911720276,0.0,0.6763120889663696,0.0,0.817794919013977,0.0,0.27999934554100037,0,0.0,-0.16119906306266785,1.8036999702453613,7.088568210601807,5.450099945068359,4.3596367835998535,1.0,0.40529653429985046,0,0.4537999629974365,-0.13609912991523743,82.431396484375,68.26008605957031,85.8031997680664,69.02880859375,1.0,0.9551832675933838,1,-4.0052032470703125,0.303434818983078,8.97029972076416,34.5293083190918,1.329200029373169,50.81112289428711,1.0,0.8155226111412048,1,-8.359099388122559,-0.050696101039648056
1652,single_disease,80.18280029296875,66.16487121582031,76.27050018310547,58.33155059814453,1.0,0.9733173847198486,1,1.5207977294921875,0.10113746672868729,0.0,0.13216586410999298,0.0,0.18278193473815918,0.0,0.20893682539463043,0,0.0,-0.142577663064003,0.0,0.028920523822307587,0.0,0.0064681461080908775,0.0,0.17295703291893005,0,0.0,0.16674594581127167,0.0,6.041042327880859,0.0,5.143210411071777,0.0,0.4369061291217804,0,0.0,-0.017365779727697372,0.0,0.252331405878067,0.0,0.3007569909095764,0.0,0.2619515061378479,0,0.0,-0.0787704735994339
1500,single_disease,67.24960327148438,66.98741912841797,72.04850006103516,58.81525802612305,1.0,0.9755135774612427,1,-13.392593383789062,0.14895153045654297,0.0,0.09205350279808044,0.0,0.1261371523141861,0.0,0.1961188167333603,0,0.0,-0.01695076748728752,0.0,0.07967397570610046,0.0,0.02423497475683689,0.0,0.23394809663295746,0,0.0,-0.14657732844352722,0.0,0.5299014449119568,0.0,0.23645691573619843,0.0,0.3192315697669983,0,0.0,-0.12004855275154114,0.0,0.013392028398811817,0.0,0.017187446355819702,0.0,0.16257740557193756,0,0.0,-0.14255641400814056
2468,multi_disease,0.0,0.0556371696293354,0.0,0.06835723668336868,0.0,0.2024623155593872,0,0.0,-0.244621142745018,0.0,0.6981201171875,0.0,0.8554069995880127,0.0,0.27593401074409485,0,0.0,-0.17876526713371277,20.13159942626953,13.999366760253906,10.076199531555176,6.873480319976807,1.0,0.7507287859916687,1,3.252300262451172,0.848382830619812,74.43329620361328,60.104034423828125,80.87809753417969,61.27532196044922,1.0,0.9222385883331299,1,-11.455307006835938,0.23857831954956055,0.0,14.1282958984375,0.0,13.509085655212402,0.0,0.5125926733016968,1,0.0,0.18593169748783112
1770,single_disease,77.63860321044922,66.89484405517578,71.11060333251953,57.875179290771484,1.0,0.9700671434402466,1,5.2593994140625,0.1069851890206337,0.0,0.23403871059417725,0.0,0.30329954624176025,0.0,0.23050761222839355,0,0.0,-0.14991819858551025,0.0,0.04677404463291168,0.0,0.012645106762647629,0.0,0.20297972857952118,0,0.0,-0.048465050756931305,0.0,9.059062957763672,0.0,7.578409671783447,0.0,0.45427021384239197,0,0.0,-0.09672414511442184,0.0,0.06364960223436356,0.0,0.08293243497610092,0.0,0.21669049561023712,0,0.0,-0.09909149259328842
2559,multi_disease,0.0,0.03356954827904701,0.0,0.04356899484992027,0.0,0.18740695714950562,0,0.0,-0.16901767253875732,0.0,0.11517022550106049,0.0,0.14280949532985687,0.0,0.20864318311214447,0,0.0,-0.13902893662452698,0.0,1.1096041202545166,0.0,0.5035203695297241,0.0,0.2631610929965973,0,-0.8123000264167786,-0.18845424056053162,80.46929931640625,61.24279022216797,90.0082015991211,62.35554885864258,1.0,0.9314728379249573,1,3.1674957275390625,0.6900033950805664,0.0,5.815720081329346,0.0,5.925833225250244,0.0,0.4212454855442047,0,0.0,0.0013586850836873055
385,multi_disease,13.856100082397461,17.659400939941406,14.074199676513672,17.932424545288086,1.0,0.5771445035934448,1,2.199000358581543,0.6472895741462708,1.6102999448776245,0.026081359013915062,1.4566999673843384,0.03464857116341591,1.0,0.15937985479831696,0,1.6102999448776245,0.011311021633446217,6.251299858093262,1.2207144498825073,9.122400283813477,0.7023561000823975,1.0,0.2929750680923462,0,2.279099941253662,-0.20178449153900146,0.0,0.010445598512887955,0.0,0.002319247694686055,0.0,0.16181935369968414,0,0.0,-0.1801697015762329,15.522100448608398,0.032419320195913315,33.82820129394531,0.03635566681623459,1.0,0.18710632622241974,0,9.986000061035156,-0.0567677840590477
2486,multi_disease,0.0,0.051387470215559006,0.0,0.06566181778907776,0.0,0.20112018287181854,0,0.0,-0.2458915114402771,0.0,0.4394524395465851,0.0,0.5638812184333801,0.0,0.2574329972267151,0,0.0,-0.1638389527797699,14.115799903869629,13.060630798339844,3.964099884033203,5.841176509857178,1.0,0.7768799066543579,1,-6.240700721740723,1.377516508102417,74.19670104980469,60.63897705078125,78.11830139160156,61.8931884765625,1.0,0.9208934307098389,1,-4.36529541015625,0.15195471048355103,0.0,14.10802173614502,0.0,13.476699829101562,0.0,0.5095493793487549,1,0.0,0.17638641595840454
512,multi_disease,15.032600402832031,19.165451049804688,14.661499977111816,22.254526138305664,1.0,0.6859390139579773,1,0.5368003845214844,0.34153079986572266,3.378000020980835,19.997364044189453,4.542399883270264,16.656023025512695,1.0,0.9131244421005249,1,0.287600040435791,-0.41787657141685486,10.543600082397461,11.975932121276855,12.428500175476074,6.581412315368652,1.0,0.7273450493812561,1,0.6932001113891602,0.3372538685798645,0.0,0.3739072382450104,0.0,0.170872762799263,0.0,0.29387569427490234,0,0.0,0.017381377518177032,77.52999877929688,52.74697494506836,74.58110046386719,69.47785949707031,1.0,0.9052670001983643,1,9.133201599121094,0.7829247117042542
717,multi_disease,0.0,0.14135722815990448,0.0,0.16476033627986908,0.0,0.22201018035411835,0,0.0,-0.1098485141992569,11.087800025939941,21.962114334106445,12.56820011138916,19.217235565185547,1.0,0.9443798661231995,1,1.451700210571289,-0.4099849462509155,19.1914005279541,12.97335147857666,22.24180030822754,7.649017333984375,1.0,0.7635275721549988,1,2.4909000396728516,1.0328270196914673,18.421600341796875,17.57383918762207,21.311599731445312,14.862900733947754,1.0,0.5738509893417358,1,7.113600730895996,-0.04232735186815262,72.7344970703125,54.903377532958984,68.24109649658203,71.30596923828125,1.0,0.9078744649887085,1,4.4904937744140625,0.8704379796981812
956,multi_disease,0.0,0.049372028559446335,0.0,0.06004900857806206,0.0,0.19622044265270233,0,0.0,-0.18622277677059174,74.4032974243164,22.192981719970703,81.81800079345703,20.207731246948242,1.0,0.9432603716850281,1,-2.215301513671875,-0.34338805079460144,10.555000305175781,14.120594024658203,7.646299839019775,9.632858276367188,1.0,0.7592772841453552,1,-17.23710060119629,0.9161157608032227,11.38860034942627,41.61573028564453,7.2565999031066895,41.65028381347656,1.0,0.7840485572814941,1,-8.98960018157959,-0.31300151348114014,73.85289764404297,55.14655685424805,88.05359649658203,70.60018920898438,1.0,0.9011474251747131,1,-2.0714035034179688,0.8882117867469788
2501,multi_disease,0.0,0.038412392139434814,0.0,0.04636266827583313,0.0,0.1911647617816925,0,0.0,-0.27282261848449707,0.0,0.15048491954803467,0.0,0.16980333626270294,0.0,0.2375510185956955,0,0.0,-0.14531046152114868,6.289100170135498,13.502654075622559,1.6331000328063965,5.96796178817749,1.0,0.7105991840362549,1,-10.308599472045898,-0.01896483637392521,78.47540283203125,55.35191345214844,85.51920318603516,56.80381774902344,1.0,0.8986464142799377,1,3.8722000122070312,0.36105161905288696,0.0,6.131722927093506,0.0,6.275959491729736,0.0,0.4297759234905243,0,0.0,0.006968374364078045
1030,multi_disease,0.0,0.023242296651005745,0.0,0.02803761139512062,0.0,0.173995241522789,0,0.0,-0.2626904845237732,74.3135986328125,23.69723892211914,75.21389770507812,22.842464447021484,1.0,0.9508054852485657,1,2.3442001342773438,-0.20262351632118225,2.5922000408172607,7.359472751617432,1.4773999452590942,4.832276821136475,1.0,0.6327070593833923,1,-2.099799871444702,0.4072228670120239,2.5088000297546387,5.218432903289795,0.9412999749183655,3.036283254623413,1.0,0.42037516832351685,0,-3.210400104522705,-0.009516368620097637,73.24530029296875,51.26325988769531,66.19439697265625,67.2419204711914,1.0,0.8853467702865601,1,-5.3571014404296875,0.6880372762680054
1005,multi_disease,0.0,0.052492693066596985,0.0,0.06528567522764206,0.0,0.1902378350496292,0,0.0,-0.21984471380710602,73.29759979248047,23.800867080688477,73.72570037841797,22.759765625,1.0,0.9525570869445801,1,-7.197700500488281,-0.3256104588508606,4.814000129699707,7.981235504150391,2.79229998588562,4.78795862197876,1.0,0.6577179431915283,1,-2.6479997634887695,0.1932298094034195,5.642600059509277,7.320276737213135,2.4946999549865723,4.56760311126709,1.0,0.4419832229614258,0,-1.4874000549316406,0.09298989176750183,78.33809661865234,51.51085662841797,75.90450286865234,68.20358276367188,1.0,0.8899682760238647,1,-7.258705139160156,0.43359169363975525
349,multi_disease,9.662799835205078,1.2733473777770996,12.419300079345703,1.5174896717071533,1.0,0.2988564670085907,0,4.941099643707275,0.18557778000831604,0.0,0.026175275444984436,1.5,0.03138827160000801,0.0,0.1712222695350647,0,0.0,0.05799708142876625,4.633999824523926,1.9454678297042847,4.536600112915039,1.2324862480163574,1.0,0.3135347366333008,0,1.0672998428344727,-0.14742933213710785,0.0,0.0099797947332263,0.0,0.0021639042533934116,0.0,0.16065046191215515,0,0.0,-0.17497943341732025,3.463099956512451,0.019499415531754494,8.114800453186035,0.022729115560650826,1.0,0.17909257113933563,0,1.6347999572753906,-0.12849494814872742
36,healthy,0.0,2.67726469039917,0.0,3.3946409225463867,0.0,0.32706204056739807,0,0.0,0.33081650733947754,0.0,0.04814426973462105,0.0,0.062221989035606384,0.0,0.17487655580043793,0,0.0,-0.12094562500715256,0.0,0.07546109706163406,0.0,0.0277984831482172,0.0,0.21896246075630188,0,0.0,-0.21927542984485626,0.0,0.022681336849927902,0.0,0.004883514251559973,0.0,0.1871527135372162,0,0.0,-0.3771474063396454,0.0,0.007228783331811428,0.0,0.008934874087572098,0.0,0.15084438025951385,0,0.0,-0.15301157534122467
1419,single_disease,30.232200622558594,24.368297576904297,54.762901306152344,21.720104217529297,1.0,0.6760583519935608,1,21.072601318359375,0.7990554571151733,0.0,0.03538807854056358,0.0,0.04872353374958038,0.0,0.16926802694797516,0,0.0,-0.06962113827466965,0.0,0.02461126632988453,0.0,0.006341342814266682,0.0,0.20137418806552887,0,0.0,-0.16113482415676117,0.0,0.02416246011853218,0.0,0.0065396628342568874,0.0,0.18779721856117249,0,0.0,-0.10096894949674606,0.0,0.011441309005022049,0.0,0.014321301132440567,0.0,0.16255870461463928,0,0.0,-0.075160451233387
1574,single_disease,80.68409729003906,66.2435531616211,89.22370147705078,57.472564697265625,1.0,0.9704055190086365,1,7.985694885253906,0.06688437610864639,0.0,0.21890000998973846,0.0,0.3235516846179962,0.0,0.22822383046150208,0,0.0,-0.16620314121246338,0.0,0.08378671854734421,0.0,0.02526215650141239,0.0,0.2223980575799942,0,0.0,-0.0771058201789856,0.0,5.28292989730835,0.0,4.220636367797852,0.0,0.4293416142463684,0,0.0,-0.07130232453346252,0.0,0.02865055948495865,0.0,0.0376301072537899,0.0,0.19208656251430511,0,0.0,-0.1605847328901291
398,multi_disease,15.440299987792969,11.856045722961426,13.46090030670166,13.248568534851074,1.0,0.43966904282569885,0,2.5218000411987305,0.3188932240009308,1.2690999507904053,0.09532175213098526,1.8597999811172485,0.1155550628900528,1.0,0.2049005627632141,0,-0.20950007438659668,-0.08033383637666702,7.688300132751465,0.8805251717567444,9.219400405883789,0.5236039757728577,1.0,0.28418418765068054,0,2.787100315093994,-0.08059433102607727,0.0,0.0064226011745631695,0.0,0.001254187780432403,0.0,0.14795762300491333,0,0.0,-0.21974913775920868,27.82740020751953,0.1337837427854538,39.0276985168457,0.14135144650936127,1.0,0.23513957858085632,0,19.31879997253418,-0.014603468589484692
2140,multi_disease,78.03790283203125,63.977073669433594,73.1063003540039,56.179203033447266,1.0,0.9705039858818054,1,1.0129013061523438,0.1302865892648697,0.0,0.6188871264457703,0.0,0.8321954607963562,0.0,0.2718271017074585,0,0.0,-0.1725841909646988,0.0,0.1911672055721283,0.5425000190734863,0.07335589826107025,0.0,0.2534048557281494,0,0.0,-0.15432551503181458,70.0863037109375,68.69271087646484,85.18160247802734,69.65328979492188,1.0,0.9590364098548889,1,-7.484092712402344,0.3976985216140747,16.011899948120117,25.99923324584961,16.68239974975586,35.73842239379883,1.0,0.7490171194076538,1,0.40919971466064453,-0.1923421323299408
1593,single_disease,86.7145004272461,66.94942474365234,73.90489959716797,58.50938415527344,1.0,0.9698741436004639,1,6.2689971923828125,0.06554076820611954,0.0,0.25981688499450684,0.0,0.39307764172554016,0.0,0.23780903220176697,0,0.0,-0.10313018411397934,0.0,0.0702446848154068,0.0,0.020257145166397095,0.0,0.23000481724739075,0,0.0,-0.09123766422271729,0.0,9.57796859741211,0.0,7.9001145362854,0.0,0.4575265347957611,0,0.0,-0.11023265868425369,0.0,0.042905524373054504,0.0,0.05648566409945488,0.0,0.20398564636707306,0,0.0,-0.09686237573623657
437,multi_disease,15.097999572753906,2.305448532104492,17.19540023803711,2.5132663249969482,1.0,0.3234303593635559,0,0.7789993286132812,0.3140866756439209,2.009399890899658,13.672131538391113,2.3675999641418457,11.75726318359375,1.0,0.7782930135726929,1,0.1296999454498291,-0.5498030185699463,7.701399803161621,12.086545944213867,9.35990047454834,6.670255184173584,1.0,0.6842156648635864,1,-1.22760009765625,0.3715008497238159,0.0,0.08814217895269394,0.0,0.029540399089455605,0.0,0.23286211490631104,0,0.0,-0.076582171022892,52.40019989013672,39.577537536621094,74.2510986328125,55.45884323120117,1.0,0.8693313598632812,1,16.65570068359375,-0.3620174825191498
2042,multi_disease,74.32730102539062,65.00579071044922,73.07679748535156,55.86067581176758,1.0,0.9647559523582458,1,-0.399200439453125,0.12830574810504913,0.0,2.5209875106811523,0.0,3.1719584465026855,0.0,0.348234623670578,0,0.0,-0.18152116239070892,0.0,0.0903174877166748,0.0,0.025355638936161995,0.0,0.2160933017730713,0,0.0,-0.15773484110832214,81.22750091552734,64.50031280517578,75.61830139160156,67.77303314208984,1.0,0.957511305809021,1,25.388599395751953,0.6021546125411987,15.652299880981445,13.855628967285156,14.514900207519531,14.326199531555176,1.0,0.5713866949081421,1,1.5518999099731445,0.13424356281757355
1017,multi_disease,0.0,0.02394278720021248,0.0,0.029309382662177086,0.0,0.17601072788238525,0,0.0,-0.27494096755981445,75.2437973022461,23.647428512573242,78.77330017089844,22.35183334350586,1.0,0.9511824250221252,1,-4.70159912109375,-0.3546026051044464,3.5146000385284424,8.957275390625,1.7063000202178955,4.543698310852051,1.0,0.6748895645141602,1,-2.603100061416626,0.25538161396980286,4.421999931335449,8.323246955871582,1.8970999717712402,5.5125298500061035,1.0,0.461887925863266,0,-2.366000175476074,-0.08866874128580093,83.70490264892578,48.0799674987793,69.22779846191406,64.80680847167969,1.0,0.8741821050643921,1,10.999000549316406,0.4184584617614746
1841,single_disease,77.14520263671875,68.16020965576172,67.74459838867188,58.46162414550781,1.0,0.9708602428436279,1,6.7798004150390625,0.14928275346755981,0.0,0.408910870552063,0.0,0.5376864075660706,0.0,0.2543337047100067,0,0.0,-0.20829515159130096,0.0,0.029986754059791565,0.0,0.007570834830403328,0.0,0.18071582913398743,0,0.0,0.23460730910301208,0.0,5.46750020980835,2.001199960708618,4.316904544830322,0.0,0.4278920590877533,0,0.0,0.07599012553691864,0.0,0.04448029026389122,0.0,0.05884059891104698,0.0,0.20388081669807434,0,0.0,-0.11001735925674438
2104,multi_disease,83.42829895019531,66.15772247314453,78.61540222167969,57.27081298828125,1.0,0.970279335975647,1,11.936698913574219,0.09494803100824356,0.0,0.9421573877334595,0.0,1.2340121269226074,0.0,0.29476654529571533,0,0.0,-0.15422728657722473,0.0,0.06686148047447205,0.0,0.01951959729194641,0.0,0.2107957899570465,0,0.0,-0.17027465999126434,76.07640075683594,65.36575317382812,81.56890106201172,69.14604949951172,1.0,0.9632418155670166,1,2.2986984252929688,0.6478849649429321,13.707099914550781,6.942159652709961,16.631999969482422,6.4356489181518555,1.0,0.4423885941505432,0,-1.3219003677368164,0.3812014162540436
372,multi_disease,12.473199844360352,10.076818466186523,15.494600296020508,10.82288932800293,1.0,0.46513813734054565,0,2.6006994247436523,0.3772766888141632,0.0,0.029982291162014008,1.3314000368118286,0.036781758069992065,0.0,0.17200028896331787,0,0.0,0.045533426105976105,4.734799861907959,2.1207895278930664,7.779799938201904,1.2876402139663696,1.0,0.3176221549510956,0,0.3193998336791992,-0.10796380788087845,0.0,0.007812690921127796,0.0,0.0015307310968637466,0.0,0.15218624472618103,0,0.0,-0.19975639879703522,7.890999794006348,0.01693335734307766,25.570199966430664,0.0201653391122818,1.0,0.1772754043340683,0,4.557699680328369,-0.09297012537717819
1107,multi_disease,0.0,0.021701529622077942,0.0,0.026229530572891235,0.0,0.17680147290229797,0,0.0,-0.22799250483512878,72.54029846191406,23.746639251708984,84.32209777832031,22.823158264160156,1.0,0.9512783885002136,1,0.9861984252929688,-0.23209795355796814,0.0,0.049216143786907196,0.0,0.01604745164513588,0.0,0.2097804695367813,0,0.0,-0.11518849432468414,0.0,0.0693235695362091,0.0,0.01759922504425049,0.0,0.22467628121376038,0,0.0,-0.049733154475688934,72.939697265625,39.704689025878906,31.665800094604492,54.50423812866211,1.0,0.8294504880905151,1,-10.975799560546875,0.19407910108566284
905,multi_disease,0.0,0.04572790488600731,0.0,0.055119838565588,0.0,0.18719694018363953,0,0.0,-0.2178855985403061,74.55799865722656,21.863616943359375,75.1404037475586,20.489238739013672,1.0,0.943615198135376,1,5.161994934082031,-0.4182910621166229,79.01180267333984,12.896416664123535,31.066699981689453,8.356213569641113,1.0,0.7932577133178711,1,4.266105651855469,1.369491457939148,19.098600387573242,19.790586471557617,20.518600463867188,17.25713539123535,1.0,0.5993720889091492,1,-0.22169876098632812,-0.26158371567726135,66.48799896240234,50.69007873535156,76.74109649658203,67.0942153930664,1.0,0.8860544562339783,1,-8.082199096679688,0.6914416551589966
71,healthy,0.0,3.426478862762451,0.0,4.088559150695801,0.0,0.34915781021118164,0,0.0,0.29214513301849365,0.0,0.2698468565940857,0.0,0.39047619700431824,0.0,0.24469681084156036,0,0.0,-0.22419553995132446,0.0,0.08322395384311676,0.0,0.027802936732769012,0.0,0.22827987372875214,0,0.0,-0.10287533700466156,0.0,0.12600483000278473,0.0,0.047811947762966156,0.0,0.24953128397464752,0,0.0,-0.10296734422445297,0.0,0.008881104178726673,0.0,0.011116460897028446,0.0,0.15938204526901245,0,0.0,-0.041500985622406006
183,single_disease,0.0,1.6466121673583984,0.0,2.0095179080963135,0.0,0.3178326487541199,0,0.0,0.2950204610824585,0.0,0.03890515863895416,0.0,0.05343754217028618,0.0,0.1701037585735321,0,0.0,-0.0518985278904438,1.051800012588501,1.2335472106933594,0.6223000288009644,0.7329516410827637,1.0,0.29495900869369507,0,-0.4358999729156494,-0.16265328228473663,0.0,0.0183561984449625,0.0,0.0039555104449391365,0.0,0.17942067980766296,0,0.0,-0.25892746448516846,0.0,0.006675178185105324,0.0,0.008243377320468426,0.0,0.15017497539520264,0,0.0,-0.0955411046743393
711,multi_disease,0.0,0.16780218482017517,0.0,0.19972659647464752,0.0,0.22838841378688812,0,0.0,-0.0984797403216362,9.750800132751465,21.394041061401367,11.859700202941895,18.57522964477539,1.0,0.9426343441009521,1,0.45709991455078125,-0.44736847281455994,18.624799728393555,11.32430648803711,19.08060073852539,5.960991382598877,1.0,0.75238037109375,1,1.1683006286621094,1.0631569623947144,17.51409912109375,9.969488143920898,19.65220069885254,7.046093940734863,1.0,0.4833694100379944,0,8.719799041748047,0.032867275178432465,83.41200256347656,56.54436492919922,74.47760009765625,72.15498352050781,1.0,0.9132709503173828,1,11.419303894042969,1.12128746509552
1399,single_disease,12.39900016784668,1.3284038305282593,32.19060134887695,1.5786547660827637,1.0,0.3236943781375885,0,9.065099716186523,0.34828537702560425,0.0,0.047795023769140244,0.0,0.061823807656764984,0.0,0.18058158457279205,0,0.0,-0.113029845058918,0.0,0.02493644505739212,0.0,0.006962566636502743,0.0,0.19877763092517853,0,0.0,-0.22008489072322845,0.0,0.02015099860727787,0.0,0.005271215923130512,0.0,0.18103444576263428,0,0.0,-0.062432657927274704,0.0,0.016290301457047462,0.0,0.019764583557844162,0.0,0.17202816903591156,0,0.0,-0.02886487916111946
1307,single_disease,0.0,1.951985239982605,0.0,2.4111111164093018,0.0,0.3143393099308014,0,0.0,0.32758989930152893,0.7577999830245972,0.10382480919361115,1.0666999816894531,0.12964582443237305,1.0,0.2084314078092575,0,0.19129997491836548,-0.12069887667894363,0.0,0.07962950319051743,0.0,0.028627267107367516,0.0,0.22282205522060394,0,0.0,-0.2661965489387512,0.0,0.02680613286793232,0.0,0.006484778132289648,0.0,0.19395563006401062,0,0.0,-0.37361735105514526,0.0,0.008510950952768326,0.0,0.010737658478319645,0.0,0.15713216364383698,0,0.0,-0.18403974175453186
825,multi_disease,0.0,0.05542978644371033,0.0,0.061272747814655304,0.0,0.20992912352085114,0,0.0,-0.030672777444124222,41.610801696777344,20.20332908630371,66.08380126953125,16.776430130004883,1.0,0.9390872716903687,1,20.7489013671875,-0.43048396706581116,44.70199966430664,11.146984100341797,66.94529724121094,7.180623531341553,1.0,0.7592811584472656,1,18.27120018005371,1.8257580995559692,19.832000732421875,25.432903289794922,18.81559944152832,22.833236694335938,1.0,0.6473997831344604,1,0.6842002868652344,-0.26575958728790283,80.43779754638672,45.52674102783203,76.51419830322266,62.65903854370117,1.0,0.8655921220779419,1,-0.6518020629882812,0.30386167764663696
361,multi_disease,11.657099723815918,14.05081558227539,13.856100082397461,15.709259986877441,1.0,0.5228208303451538,1,4.282299518585205,0.6234837174415588,0.0,0.021664109081029892,1.6102999448776245,0.025354215875267982,0.0,0.16586576402187347,0,0.0,0.09114100784063339,3.9721999168395996,0.7054262757301331,6.251299858093262,0.38185131549835205,1.0,0.2758064866065979,0,0.17330002784729004,-0.20673489570617676,0.0,0.01224009320139885,0.0,0.0025117467157542706,0.0,0.16330257058143616,0,0.0,-0.13718979060649872,5.536099910736084,0.0438542366027832,15.522100448608398,0.050402216613292694,1.0,0.20490315556526184,0,3.0356998443603516,-0.0072671882808208466
2353,multi_disease,0.0,0.03732919320464134,0.0,0.04819420352578163,0.0,0.18740670382976532,0,0.0,-0.20539337396621704,0.0,0.11283168196678162,0.0,0.12829047441482544,0.0,0.22111766040325165,0,0.0,-0.1293412297964096,18.532699584960938,10.13051700592041,17.844100952148438,4.329538345336914,1.0,0.6756983995437622,1,4.3694000244140625,-0.06912340968847275,79.69229888916016,60.52006530761719,82.35990142822266,61.7030143737793,1.0,0.9285007119178772,1,1.6244964599609375,0.5120875239372253,0.0,6.969697952270508,0.0,7.1015400886535645,0.0,0.43591052293777466,0,0.0,0.0023298868909478188
115,healthy,0.0,4.781747817993164,0.0,5.642058849334717,0.0,0.3596503436565399,0,0.0,0.4012698829174042,0.0,0.04174661636352539,0.0,0.051400747150182724,0.0,0.17815625667572021,0,0.0,-0.05706024169921875,0.0,0.01736096665263176,0.0,0.0046432847157120705,0.0,0.19269253313541412,0,0.0,-0.11180364340543747,0.0,0.009512284770607948,0.0,0.0019034163560718298,0.0,0.1571059376001358,0,0.0,-0.17432153224945068,0.0,0.008662783540785313,0.0,0.010478190146386623,0.0,0.15533560514450073,0,0.0,-0.06375445425510406
2050,multi_disease,69.68370056152344,65.73979949951172,70.28260040283203,56.85116195678711,1.0,0.968306303024292,1,-12.937599182128906,0.06732819229364395,0.0,4.166408538818359,0.0,5.3565826416015625,0.0,0.38044482469558716,0,0.0,-0.1885680854320526,0.0,0.13023944199085236,0.0,0.04259203001856804,0.0,0.22502025961875916,0,0.0,-0.1468394249677658,75.07589721679688,63.67375946044922,74.47319793701172,67.68451690673828,1.0,0.9579288363456726,1,11.500297546386719,0.5454141497612,14.849599838256836,12.158729553222656,13.706600189208984,12.642891883850098,1.0,0.5585653185844421,1,0.26849937438964844,0.216941237449646
1138,multi_disease,0.0,0.036925069987773895,0.0,0.0448165200650692,0.0,0.1840403825044632,0,0.0,-0.22307223081588745,70.40149688720703,23.526199340820312,67.52310180664062,22.32100486755371,1.0,0.9480794072151184,1,1.5952987670898438,-0.34179404377937317,0.0,0.20501767098903656,0.0,0.06779032200574875,0.0,0.23395098745822906,0,0.0,-0.38760340213775635,0.0,0.10599605739116669,0.0,0.02538004145026207,0.0,0.23940834403038025,0,0.0,-0.15283095836639404,16.000900268554688,44.168251037597656,4.079400062561035,60.778968811035156,1.0,0.8556125164031982,1,-43.55870056152344,0.26649972796440125
658,multi_disease,0.0,0.1732843965291977,0.0,0.20081105828285217,0.0,0.22242775559425354,0,-1.364300012588501,-0.06542196124792099,8.28320026397705,22.046430587768555,9.318599700927734,18.641687393188477,1.0,0.943722128868103,1,-0.04419994354248047,-0.4984615445137024,13.01099967956543,12.36088752746582,16.048200607299805,6.80213737487793,1.0,0.7152827978134155,1,1.6343994140625,0.222383514046669,2.813499927520752,2.4243130683898926,8.575699806213379,1.316295862197876,1.0,0.3827780485153198,0,1.3959999084472656,0.1206725686788559,75.37590026855469,49.49129104614258,72.83190155029297,65.64765930175781,1.0,0.8894294500350952,1,0.1551971435546875,0.5058297514915466
803,multi_disease,0.0,0.12506252527236938,0.0,0.14710195362567902,0.0,0.2224888950586319,0,0.0,-0.04850143939256668,22.067899703979492,21.422527313232422,43.2057991027832,17.911117553710938,1.0,0.9501391053199768,1,6.321700096130371,-0.5194658637046814,27.761899948120117,11.780515670776367,46.10609817504883,7.24662971496582,1.0,0.7228084802627563,1,7.299900054931641,0.9979172945022583,19.340200424194336,39.335906982421875,20.356000900268555,39.47050857543945,1.0,0.7622884511947632,1,0.6860008239746094,-0.2447361946105957,81.94999694824219,55.334651947021484,76.21499633789062,71.32354736328125,1.0,0.9076911807060242,1,6.3076934814453125,0.9469282031059265
2428,multi_disease,0.0,0.042208414524793625,0.0,0.05038607120513916,0.0,0.19798795878887177,0,0.0,-0.1667487472295761,0.0,1.2639216184616089,0.0,1.492864727973938,0.0,0.3136403262615204,0,0.0,-0.18755386769771576,16.975799560546875,10.946739196777344,16.859100341796875,5.234039306640625,1.0,0.7165147066116333,1,-0.04199981689453125,0.8922793865203857,81.75900268554688,61.049442291259766,83.27269744873047,62.439918518066406,1.0,0.9279659986495972,1,0.8369064331054688,0.22410757839679718,0.0,14.10802173614502,0.0,13.476699829101562,0.0,0.5095493793487549,1,0.0,0.17638641595840454
136,healthy,0.0,3.585874319076538,0.0,4.560154914855957,0.0,0.33545780181884766,0,0.0,0.32980960607528687,0.0,0.04620128497481346,0.0,0.05692979320883751,0.0,0.17804282903671265,0,0.0,-0.09302601218223572,0.0,0.023738550022244453,1.4071999788284302,0.007478187792003155,0.0,0.19176125526428223,0,0.0,-0.17771366238594055,0.0,0.012471744790673256,0.0,0.00259074242785573,0.0,0.17028604447841644,0,0.0,-0.4268103837966919,0.0,0.005669265519827604,0.0,0.007155753672122955,0.0,0.1462559849023819,0,0.0,-0.13593760132789612
2493,multi_disease,0.0,0.0500132218003273,0.0,0.061933115124702454,0.0,0.19855257868766785,0,0.0,-0.2609170377254486,0.0,0.45522743463516235,0.0,0.5616472363471985,0.0,0.26184388995170593,0,0.0,-0.158850759267807,9.502699851989746,12.62375259399414,2.7047998905181885,5.547238826751709,1.0,0.7486820220947266,1,-11.584099769592285,0.913030207157135,78.2155990600586,59.346866607666016,79.67739868164062,60.83443069458008,1.0,0.9201773405075073,1,2.6214981079101562,0.3528437316417694,0.0,14.10802173614502,0.0,13.476699829101562,0.0,0.5095493793487549,1,0.0,0.17638641595840454
2223,multi_disease,10.59220027923584,61.06369400024414,4.068999767303467,53.00636291503906,1.0,0.9626984000205994,1,-21.603199005126953,0.1351574808359146,0.0,0.08953528851270676,0.0,0.11891394108533859,0.0,0.1964418590068817,0,0.0,0.05023780092597008,0.5648999810218811,3.952928304672241,1.3969000577926636,2.6173739433288574,1.0,0.34043407440185547,0,0.10329997539520264,-0.1250205934047699,85.61640167236328,67.11833190917969,84.95269775390625,69.31143951416016,1.0,0.9628894329071045,1,3.4428024291992188,0.40443098545074463,15.32129955291748,25.306774139404297,17.099300384521484,34.90314483642578,1.0,0.7476403713226318,1,0.46449947357177734,-0.1362249106168747
2490,multi_disease,0.0,0.06492702662944794,0.0,0.08214296400547028,0.0,0.2050946056842804,0,0.0,-0.21865440905094147,0.0,0.9993058443069458,0.0,1.2315573692321777,0.0,0.2958691418170929,0,0.0,-0.17898930609226227,11.652400016784668,13.220657348632812,3.1161000728607178,6.70169734954834,1.0,0.7602877616882324,1,-9.007000923156738,1.1902652978897095,81.81279754638672,59.9172248840332,73.83180236816406,61.30282974243164,1.0,0.9180452823638916,1,6.449798583984375,0.2547071576118469,0.0,14.138545036315918,0.0,13.525469779968262,0.0,0.514378547668457,1,0.0,0.18449437618255615
2040,multi_disease,74.56620025634766,66.3995361328125,77.97309875488281,57.64545822143555,1.0,0.9700635671615601,1,-1.7489013671875,0.12112793326377869,0.0,2.385035276412964,0.0,3.0984110832214355,0.0,0.34638410806655884,0,0.0,-0.1776040643453598,0.0,0.06596360355615616,0.0,0.017301011830568314,0.0,0.19906720519065857,0,0.0,-0.04939744994044304,77.5593032836914,63.082481384277344,78.568603515625,67.40457916259766,1.0,0.9580714702606201,1,19.669803619384766,0.693060576915741,16.273700714111328,9.665323257446289,15.102299690246582,9.844537734985352,1.0,0.522297739982605,1,2.3225011825561523,0.27062150835990906
674,multi_disease,0.0,0.07938625663518906,0.0,0.08902878314256668,0.0,0.21474812924861908,0,0.0,-0.08856898546218872,8.697799682617188,22.599655151367188,9.88949966430664,20.40627670288086,1.0,0.9433684349060059,1,-0.2146005630493164,-0.2295626699924469,15.966899871826172,13.399384498596191,16.093900680541992,8.7215576171875,1.0,0.7120989561080933,1,4.3513994216918945,0.8002746105194092,5.607399940490723,0.37038516998291016,13.519499778747559,0.14260351657867432,1.0,0.2970402240753174,0,3.250999927520752,-0.048883046954870224,73.94560241699219,50.55604553222656,78.43309783935547,66.2568588256836,1.0,0.8933156728744507,1,0.8711013793945312,0.2783244550228119
1184,multi_disease,0.0,0.016721243038773537,0.0,0.02097722515463829,0.0,0.16459855437278748,0,0.0,-0.2996924817562103,17.502899169921875,23.51673126220703,9.076700210571289,22.863903045654297,1.0,0.9444266557693481,1,-49.68330383300781,-0.29819756746292114,0.0,0.20056959986686707,0.0,0.0597502738237381,0.0,0.21731311082839966,0,0.0,-0.392555832862854,0.0,0.022305982187390327,0.0,0.004364533815532923,0.0,0.18611831963062286,0,0.0,-0.30927518010139465,2.4045000076293945,14.114518165588379,2.1956000328063965,13.487858772277832,1.0,0.511999785900116,1,-1.971099853515625,0.17832674086093903
1772,single_disease,74.78150177001953,66.63687896728516,70.37889862060547,57.88896179199219,1.0,0.9711512327194214,1,1.589202880859375,0.09616203606128693,0.0,0.22709308564662933,0.0,0.31132128834724426,0.0,0.22767436504364014,0,0.0,-0.16006186604499817,0.0,0.05700301378965378,0.0,0.015291307121515274,0.0,0.20551465451717377,0,0.0,-0.01618894562125206,0.0,8.87267780303955,0.0,7.380924224853516,0.0,0.45502910017967224,0,0.0,-0.1017703115940094,0.0,0.08444435149431229,0.0,0.10893920809030533,0.0,0.2265135496854782,0,0.0,-0.08605106920003891
1111,multi_disease,0.0,0.020606789737939835,0.0,0.025552626699209213,0.0,0.17210440337657928,0,0.0,-0.2611302137374878,76.83869934082031,23.600738525390625,76.61540222167969,22.694808959960938,1.0,0.9505468606948853,1,7.963798522949219,-0.302114874124527,0.0,0.15867209434509277,0.0,0.058316420763731,0.0,0.24023523926734924,0,0.0,-0.2783423364162445,0.0,0.06788212805986404,0.0,0.01771710440516472,0.0,0.22162654995918274,0,0.0,0.0027251876890659332,68.31770324707031,43.27129364013672,22.46430015563965,58.80426025390625,1.0,0.8473868370056152,1,-8.566200256347656,0.4011034071445465
94,healthy,0.0,4.427216053009033,0.0,5.173384189605713,0.0,0.35950523614883423,0,0.0,0.3787989020347595,0.0,0.08951207995414734,0.0,0.13035368919372559,0.0,0.19969771802425385,0,0.0,-0.15784916281700134,0.0,0.05071254074573517,0.0,0.015496746636927128,0.0,0.21923740208148956,0,0.0,-0.14847972989082336,0.0,0.02723928727209568,0.0,0.007137291599065065,0.0,0.1894662231206894,0,0.0,-0.08747920393943787,0.0,0.0066849044524133205,0.0,0.008165144361555576,0.0,0.14768855273723602,0,0.0,-0.09426283091306686
1985,multi_disease,73.4188003540039,65.97650146484375,72.46299743652344,56.916202545166016,1.0,0.9672671556472778,1,-1.2885971069335938,0.08506417274475098,0.0,0.9075648784637451,0.0,1.1556735038757324,0.0,0.30085423588752747,0,0.0,-0.16231408715248108,0.0,0.04241872951388359,0.0,0.01088286004960537,0.0,0.17993046343326569,0,0.0,0.20248033106327057,30.445899963378906,42.95882797241211,47.94820022583008,49.552181243896484,1.0,0.8685311079025269,1,10.780000686645508,0.485252320766449,1.9350999593734741,0.2248247116804123,11.250499725341797,0.2888382077217102,1.0,0.2711997926235199,0,0.9108999967575073,0.3167480230331421
1353,single_disease,2.0,0.9855667352676392,3.6377999782562256,1.2232128381729126,1.0,0.29496467113494873,0,2.0,0.33141180872917175,0.0,0.1472114622592926,0.0,0.1940322369337082,0.0,0.21173422038555145,0,-0.8626000285148621,-0.12308677285909653,0.0,0.02864324115216732,0.0,0.008316809311509132,0.0,0.2026064246892929,0,0.0,-0.2180735021829605,0.0,0.0131232226267457,0.0,0.0030100340954959393,0.0,0.16718803346157074,0,0.0,-0.10922747105360031,0.0,0.006454369053244591,0.0,0.008216045796871185,0.0,0.14976555109024048,0,0.0,-0.17005197703838348
1664,single_disease,78.61319732666016,65.30655670166016,78.50029754638672,56.817989349365234,1.0,0.9707483649253845,1,7.8137969970703125,0.08132811635732651,0.0,0.16251921653747559,0.0,0.23374652862548828,0.0,0.21849800646305084,0,0.0,-0.11848997324705124,0.0,0.036385416984558105,0.0,0.010175054892897606,0.0,0.19976331293582916,0,0.0,0.22367320954799652,0.0,7.393381118774414,0.0,6.166010856628418,0.0,0.4430508017539978,0,0.0,0.08048798888921738,0.0,0.03800194710493088,0.0,0.0478847399353981,0.0,0.19801893830299377,0,0.0,-0.12750324606895447
2619,single_disease,0.0,0.05574265867471695,0.0,0.06930512934923172,0.0,0.20498913526535034,0,0.0,-0.1788056641817093,0.0,0.36651918292045593,0.0,0.44905537366867065,0.0,0.2471202313899994,0,0.0,-0.1559136062860489,0.0,0.1727919727563858,0.0,0.06666060537099838,0.0,0.24236157536506653,0,0.0,-0.263238787651062,87.88520050048828,66.24618530273438,80.66449737548828,66.54742431640625,1.0,0.9503208994865417,1,6.9846038818359375,0.5442770719528198,0.0,1.7977830171585083,0.0,1.9544552564620972,0.0,0.3323688507080078,0,0.0,0.123099684715271
253,single_disease,0.800000011920929,4.315920829772949,0.9990000128746033,5.0320305824279785,1.0,0.3559007942676544,0,0.800000011920929,0.39695796370506287,0.0,0.03370010107755661,0.0,0.042539745569229126,0.0,0.17139112949371338,0,0.0,-0.03296070545911789,1.2316999435424805,2.1174428462982178,1.9040000438690186,1.2768487930297852,1.0,0.3158760964870453,0,0.3131999373435974,-0.1508951187133789,0.0,0.02646036446094513,0.0,0.00632858369499445,0.0,0.1919003427028656,0,0.0,-0.2608911395072937,0.0,0.00873094704002142,0.0,0.010733605362474918,0.0,0.15491540729999542,0,0.0,-0.17868581414222717
459,multi_disease,17.644500732421875,19.527673721313477,14.974900245666504,22.009870529174805,1.0,0.6916803121566772,1,2.862600326538086,0.47585898637771606,2.56469988822937,21.21363067626953,2.9793999195098877,18.515243530273438,1.0,0.9230731129646301,1,0.6382999420166016,-0.15038374066352844,9.316699981689453,12.379379272460938,10.291199684143066,7.584755897521973,1.0,0.6736445426940918,1,1.598100185394287,0.35694554448127747,0.0,0.3757294714450836,0.0,0.16546760499477386,0.0,0.2942538559436798,0,0.0,-0.10459519177675247,68.70110321044922,52.5421142578125,70.29789733886719,68.9237289428711,1.0,0.9019477367401123,1,18.588104248046875,0.5072544813156128
610,multi_disease,2.798099994659424,22.97271728515625,1.364300012588501,28.216535568237305,1.0,0.7495059967041016,1,-2.9147000312805176,0.4537504017353058,8.693300247192383,22.704082489013672,8.327400207519531,19.810571670532227,1.0,0.9545044302940369,1,-0.350799560546875,-0.39363300800323486,12.519700050354004,12.36295223236084,11.37660026550293,7.002512454986572,1.0,0.7289944291114807,1,0.9503002166748047,0.4422662854194641,0.7728999853134155,0.5840634107589722,1.4175000190734863,0.28107479214668274,1.0,0.32198089361190796,0,0.7728999853134155,-0.044562626630067825,74.08689880371094,54.410491943359375,75.220703125,70.36892700195312,1.0,0.9077649116516113,1,-5.6566009521484375,0.9091835021972656
1194,multi_disease,0.0,0.029582539573311806,0.0,0.03731314837932587,0.0,0.17743563652038574,0,0.0,-0.22341333329677582,13.637299537658691,24.089744567871094,7.306399822235107,23.418092727661133,1.0,0.9545959830284119,1,-33.4286003112793,-0.3078029155731201,0.0,0.4375777542591095,0.0,0.20078131556510925,0.0,0.2673787474632263,0,0.0,-0.2211807370185852,0.0,0.032016824930906296,0.0,0.006988169625401497,0.0,0.20076300203800201,0,0.0,-0.3499548137187958,2.4382998943328857,19.227174758911133,1.3944000005722046,22.96053695678711,1.0,0.6521720886230469,1,-0.04240012168884277,-0.16056232154369354
2451,multi_disease,0.0,0.04531165957450867,0.0,0.054931703954935074,0.0,0.19809430837631226,0,0.0,-0.18245282769203186,0.0,0.4715571105480194,0.0,0.5303701162338257,0.0,0.2833450138568878,0,0.0,-0.16303230822086334,17.246599197387695,13.286684036254883,16.837400436401367,5.367123126983643,1.0,0.7422933578491211,1,-0.3006000518798828,0.9141592383384705,83.47019958496094,60.012786865234375,72.52210235595703,61.37693405151367,1.0,0.9232900738716125,1,4.2332000732421875,0.34619495272636414,0.0,11.492035865783691,0.0,11.327472686767578,0.0,0.48763972520828247,0,0.0,0.1395004540681839
1311,single_disease,0.0,1.9804428815841675,0.0,2.4316976070404053,0.0,0.31414705514907837,0,0.0,0.24626073241233826,1.1220999956130981,0.18133464455604553,0.0,0.22435295581817627,1.0,0.22699040174484253,0,0.3061000108718872,-0.1264248937368393,0.0,0.04436500370502472,0.0,0.014512685127556324,0.0,0.20854119956493378,0,0.0,-0.20355816185474396,0.0,0.02337040565907955,0.0,0.006148925516754389,0.0,0.19108547270298004,0,0.0,-0.31436723470687866,0.0,0.006770733278244734,0.0,0.008687733672559261,0.0,0.15289585292339325,0,0.0,-0.15943515300750732
2587,single_disease,0.0,0.039130788296461105,0.0,0.051184963434934616,0.0,0.19655832648277283,0,0.0,-0.14278459548950195,0.0,0.6028100252151489,0.0,0.7058783173561096,0.0,0.27876147627830505,0,0.0,-0.16397851705551147,0.0,0.07622533291578293,0.0,0.023494983091950417,0.0,0.22083160281181335,0,0.0,-0.2849019467830658,84.03700256347656,63.28047561645508,79.66739654541016,64.45884704589844,1.0,0.9371742606163025,1,6.2964019775390625,0.5799955725669861,0.0,0.5909374356269836,0.0,0.6696865558624268,0.0,0.3028123676776886,0,0.0,0.07082429528236389
1560,single_disease,79.80709838867188,65.26799011230469,89.80940246582031,57.3955078125,1.0,0.9733544588088989,1,0.3415985107421875,0.18221686780452728,0.0,0.19389820098876953,0.0,0.2893502116203308,0.0,0.22729811072349548,0,0.0,-0.11957847326993942,0.0,0.06611219793558121,0.0,0.018136033788323402,0.0,0.21405953168869019,0,0.0,0.0006676986813545227,0.0,3.3633687496185303,0.0,2.790358066558838,0.0,0.418316513299942,0,0.0,0.08153592050075531,0.0,0.024811675772070885,0.0,0.03326553851366043,0.0,0.18685147166252136,0,0.0,-0.1603502780199051
1975,multi_disease,74.17449951171875,64.426025390625,70.6365966796875,55.6223030090332,1.0,0.9643326997756958,1,8.444900512695312,0.0876372754573822,0.0,0.5690524578094482,0.0,0.7588271498680115,0.0,0.26601794362068176,0,0.0,-0.15485823154449463,0.0,0.038623351603746414,0.0,0.0101682273671031,0.0,0.2093314230442047,0,0.0,-0.025804918259382248,23.955799102783203,43.8822021484375,39.009300231933594,50.292362213134766,1.0,0.8724517822265625,1,8.226999282836914,0.4590393006801605,1.0528000593185425,0.07303391396999359,4.698699951171875,0.09559869021177292,1.0,0.22367949783802032,0,1.0528000593185425,-0.09358882158994675
355,multi_disease,10.664299964904785,6.854512691497803,13.94950008392334,8.125720024108887,1.0,0.37756311893463135,0,4.820799827575684,0.2638488709926605,0.0,0.021898766979575157,1.6399999856948853,0.02494652569293976,0.0,0.1704884171485901,0,0.0,0.11437266319990158,3.8046000003814697,3.085728883743286,4.994500160217285,1.99032461643219,1.0,0.3320959210395813,0,0.04360008239746094,-0.14007289707660675,0.0,0.007752199657261372,0.0,0.001580987242050469,0.0,0.15264448523521423,0,0.0,-0.16037426888942719,4.257999897003174,0.04501722380518913,11.829999923706055,0.052117057144641876,1.0,0.20484228432178497,0,2.262199878692627,-0.029170583933591843
2514,multi_disease,0.0,0.04009373486042023,0.0,0.04991297423839569,0.0,0.19369353353977203,0,0.0,-0.2642861604690552,0.0,0.2374441772699356,0.0,0.28863653540611267,0.0,0.23806734383106232,0,0.0,-0.16379883885383606,3.1161000728607178,14.657751083374023,0.6651999950408936,6.869598388671875,1.0,0.7342085838317871,1,-8.536299705505371,0.40707868337631226,73.83180236816406,63.6708869934082,74.86250305175781,64.82188415527344,1.0,0.9381076097488403,1,-7.980995178222656,0.3112228214740753,0.0,10.579158782958984,0.0,10.422725677490234,0.0,0.47785061597824097,0,0.0,0.05884818360209465
2294,multi_disease,0.8072999715805054,0.07982122153043747,0.0,0.09791631996631622,1.0,0.2153414785861969,0,-0.5226000547409058,-0.05912555381655693,0.0,0.2611555755138397,0.0,0.32605472207069397,0.0,0.23423059284687042,0,0.0,-0.1425732523202896,5.616300106048584,2.2825028896331787,14.474800109863281,1.2533637285232544,1.0,0.29470568895339966,0,3.83840012550354,-0.08821405470371246,85.59320068359375,63.691001892089844,80.95819854736328,64.79637908935547,1.0,0.9396613240242004,1,7.301200866699219,0.4333604872226715,1.3447999954223633,36.29521942138672,0.0,52.14174270629883,1.0,0.8206868767738342,1,-7.086899757385254,0.11260253190994263
368,multi_disease,13.033100128173828,10.898380279541016,14.685999870300293,12.298264503479004,1.0,0.502183198928833,1,3.4800004959106445,0.67135089635849,0.0,0.02636844292283058,1.3209999799728394,0.03151330351829529,0.0,0.16907337307929993,0,0.0,0.030039172619581223,4.645299911499023,2.3125569820404053,7.57420015335083,1.4282550811767578,1.0,0.33403995633125305,0,0.6399998664855957,-0.11869500577449799,0.0,0.008626232855021954,0.0,0.0016671201447024941,0.0,0.15433581173419952,0,0.0,-0.20067639648914337,6.007800102233887,0.037278201431035995,20.211999893188477,0.042483679950237274,1.0,0.20218917727470398,0,2.9595000743865967,-0.02823827788233757
768,multi_disease,0.0,0.11006145179271698,0.0,0.1221621185541153,0.0,0.2187819480895996,0,0.0,-0.11692725867033005,15.1697998046875,21.35679054260254,17.43120002746582,18.228492736816406,1.0,0.9450364708900452,1,1.0886993408203125,-0.27229252457618713,24.98040008544922,13.33623218536377,23.685400009155273,8.292052268981934,1.0,0.7824395895004272,1,2.1606006622314453,1.4119396209716797,19.774999618530273,48.766693115234375,19.31369972229004,50.461936950683594,1.0,0.8044209480285645,1,-1.4071006774902344,-0.15826353430747986,77.49099731445312,52.98293685913086,81.01799774169922,68.88540649414062,1.0,0.9025532007217407,1,14.582496643066406,0.63634192943573
620,multi_disease,2.279599905014038,11.943682670593262,0.0,14.171701431274414,1.0,0.38997653126716614,0,-1.9543001651763916,0.18796297907829285,8.953900337219238,22.698726654052734,9.144399642944336,20.59526824951172,1.0,0.9519477486610413,1,-0.37669944763183594,-0.27893686294555664,14.010199546813965,9.440068244934082,10.72130012512207,5.8407816886901855,1.0,0.6650446653366089,1,3.3548994064331055,0.15234321355819702,1.131500005722046,0.40772223472595215,1.8361999988555908,0.18613694608211517,1.0,0.307030588388443,0,1.131500005722046,-0.14636799693107605,72.03140258789062,54.4407844543457,70.55229949951172,70.89308166503906,1.0,0.906538724899292,1,-6.836700439453125,0.821577250957489
788,multi_disease,0.0,0.17240625619888306,0.0,0.20793689787387848,0.0,0.22219103574752808,0,0.0,-0.04694739729166031,17.14299964904785,21.137739181518555,28.92620086669922,17.971805572509766,1.0,0.9463292360305786,1,3.6132993698120117,-0.4309222996234894,21.914100646972656,12.389289855957031,34.742000579833984,7.271324157714844,1.0,0.779900074005127,1,-5.215000152587891,1.3260449171066284,18.808300018310547,29.264509201049805,19.910200119018555,27.268198013305664,1.0,0.6870894432067871,1,-1.4164009094238281,-0.18930752575397491,78.86750030517578,55.440521240234375,76.36519622802734,71.6596450805664,1.0,0.908649742603302,1,9.717300415039062,0.9130510091781616
2129,multi_disease,77.61840057373047,64.9098892211914,81.27999877929688,57.334930419921875,1.0,0.9736179709434509,1,-5.692901611328125,0.11380882561206818,0.0,0.2558809816837311,0.0,0.3474431037902832,0.0,0.24004749953746796,0,0.0,-0.21099527180194855,0.0,0.07672101259231567,0.699999988079071,0.02215428650379181,0.0,0.2137744277715683,0,0.0,-0.15154147148132324,82.73529815673828,66.6655502319336,80.05680084228516,69.88385009765625,1.0,0.9641073942184448,1,6.498199462890625,0.49020442366600037,16.127599716186523,10.721412658691406,15.614899635314941,10.172782897949219,1.0,0.48004069924354553,0,2.1110000610351562,0.20869190990924835
151,healthy,0.0,4.270442485809326,0.0,4.988211631774902,0.0,0.35206836462020874,0,0.0,0.42435410618782043,0.0,0.04500649496912956,0.0,0.05884154886007309,0.0,0.18698906898498535,0,0.0,-0.029287096112966537,0.0,0.031134014949202538,1.2661000490188599,0.010484205558896065,0.0,0.1986820250749588,0,0.0,-0.2153906524181366,0.0,0.07033407688140869,0.0,0.02176664210855961,0.0,0.22053338587284088,0,0.0,0.015178472734987736,0.0,0.004352479707449675,0.0,0.005598509684205055,0.0,0.14209075272083282,0,0.0,-0.07174301147460938
417,multi_disease,14.693699836730957,1.092985987663269,14.730899810791016,1.206778883934021,1.0,0.2933695912361145,0,-0.06299972534179688,0.15780211985111237,1.8359999656677246,0.1687474250793457,2.1991000175476074,0.20769470930099487,1.0,0.2257879674434662,0,0.5133999586105347,-0.1555304080247879,9.00510025024414,11.850817680358887,8.354299545288086,5.607765197753906,1.0,0.7360963821411133,1,1.581200122833252,0.6131525039672852,0.0,0.011294805444777012,0.0,0.002413081005215645,0.0,0.1657608449459076,0,0.0,-0.3085037171840668,39.63859939575195,24.525127410888672,56.28329849243164,31.680723190307617,1.0,0.7262845039367676,1,18.892799377441406,-0.23250402510166168
1407,single_disease,18.308399200439453,10.460304260253906,43.26129913330078,12.460546493530273,1.0,0.3829174339771271,0,14.320399284362793,0.35192233324050903,0.0,0.05233333259820938,0.0,0.06352569907903671,0.0,0.18595777451992035,0,0.0,-0.10749831050634384,0.0,0.01762218028306961,0.0,0.004281715489923954,0.0,0.19597020745277405,0,0.0,-0.21422569453716278,0.0,0.011114468798041344,0.0,0.0024153185077011585,0.0,0.16310769319534302,0,0.0,-0.18174387514591217,0.0,0.005500774830579758,0.0,0.00711416732519865,0.0,0.1440744698047638,0,0.0,-0.16433794796466827
1563,single_disease,81.5906982421875,66.51316833496094,88.32569885253906,57.63233947753906,1.0,0.9691987037658691,1,3.3191986083984375,0.13166043162345886,0.0,0.21296516060829163,0.0,0.33243101835250854,0.0,0.2298431396484375,0,0.0,-0.15185102820396423,0.0,0.0774647668004036,0.0,0.020800840109586716,0.0,0.22232462465763092,0,0.0,-0.07403461635112762,0.0,8.43793773651123,0.0,7.058680057525635,0.0,0.4526830315589905,0,0.0,-0.09494166076183319,0.0,0.028236985206604004,0.0,0.038037776947021484,0.0,0.1907966434955597,0,0.0,-0.15122400224208832
2566,single_disease,0.0,0.0480227917432785,0.0,0.05935809016227722,0.0,0.1971575766801834,0,0.0,-0.19496405124664307,0.0,0.09275387227535248,0.0,0.11361721158027649,0.0,0.2072603702545166,0,0.0,-0.13097093999385834,0.0,0.24975687265396118,0.0,0.1071867048740387,0.0,0.2533397972583771,0,0.0,-0.24960342049598694,86.11000061035156,63.8775634765625,84.63500213623047,64.86729431152344,1.0,0.9437956809997559,1,8.257598876953125,0.7482120394706726,0.0,2.511308193206787,0.0,2.6014115810394287,0.0,0.37001997232437134,0,0.0,0.1253417730331421
1098,multi_disease,0.0,0.0374639518558979,0.0,0.04751386120915413,0.0,0.18226437270641327,0,0.0,-0.22518450021743774,75.61990356445312,24.094745635986328,74.36080169677734,23.872055053710938,1.0,0.9547454118728638,1,5.959403991699219,-0.23399780690670013,0.0,1.6679141521453857,0.0,0.8749266266822815,0.0,0.30352944135665894,0,-1.3128000497817993,-0.23823830485343933,0.0,0.09003685414791107,0.0,0.02351699024438858,0.0,0.23790055513381958,0,0.0,-0.13628041744232178,67.75080108642578,49.72325134277344,55.23619842529297,66.52033233642578,1.0,0.8832151889801025,1,-2.9098968505859375,0.5073884725570679
948,multi_disease,0.0,0.07889945060014725,0.0,0.09164001792669296,0.0,0.2119593322277069,0,0.0,-0.1672779619693756,75.30339813232422,21.674907684326172,74.19989776611328,18.72968101501465,1.0,0.9477240443229675,1,1.2073974609375,-0.541977047920227,13.897299766540527,13.871513366699219,8.779199600219727,8.340508460998535,1.0,0.7520292401313782,1,-29.883899688720703,0.6262630224227905,15.23009967803955,51.51683044433594,7.448200225830078,53.48432159423828,1.0,0.8446648716926575,1,-5.121899604797363,0.030880164355039597,73.70390319824219,50.4223518371582,77.55130004882812,67.27633666992188,1.0,0.8857941627502441,1,0.31620025634765625,0.5220804810523987
1185,multi_disease,0.0,0.01706140860915184,0.0,0.021407483145594597,0.0,0.16441857814788818,0,0.0,-0.2892417311668396,17.309099197387695,23.620769500732422,9.234700202941895,23.08684539794922,1.0,0.9472141265869141,1,-50.90050506591797,-0.27661415934562683,0.0,0.17047157883644104,0.0,0.05005435645580292,0.0,0.21818573772907257,0,0.0,-0.3657131791114807,0.0,0.023469548672437668,0.0,0.004531794227659702,0.0,0.18707427382469177,0,0.0,-0.29625651240348816,2.3013999462127686,14.10802173614502,2.1826999187469482,13.476699829101562,1.0,0.5095493793487549,1,-2.041400194168091,0.17638641595840454
962,multi_disease,0.0,0.03885843977332115,0.0,0.04603172838687897,0.0,0.1876215934753418,0,0.0,-0.253207266330719,71.956298828125,22.240236282348633,79.32360076904297,20.19113540649414,1.0,0.943915605545044,1,-2.4370040893554688,-0.3507583737373352,9.915499687194824,13.416963577270508,7.64169979095459,8.57812213897705,1.0,0.7580419778823853,1,-11.478499412536621,0.8356091976165771,8.747400283813477,37.84638214111328,7.140100002288818,37.400482177734375,1.0,0.7571902275085449,1,-9.503700256347656,-0.34257039427757263,76.57969665527344,51.23322677612305,81.91290283203125,67.61508178710938,1.0,0.8874989748001099,1,0.8881988525390625,0.6457154154777527
819,multi_disease,0.0,0.07632569968700409,0.0,0.08526754379272461,0.0,0.20685936510562897,0,0.0,-0.10945073515176773,39.374298095703125,21.443845748901367,56.86259841918945,17.959911346435547,1.0,0.9492150545120239,1,20.527498245239258,-0.31842854619026184,42.28739929199219,12.15615463256836,67.46959686279297,7.799454212188721,1.0,0.76789790391922,1,19.085100173950195,1.242579460144043,20.505699157714844,22.036535263061523,18.807100296020508,19.733787536621094,1.0,0.6200095415115356,1,0.9064998626708984,-0.30288127064704895,75.38020324707031,51.85974884033203,80.06269836425781,68.21568298339844,1.0,0.8942132592201233,1,-3.7759933471679688,0.7020134925842285
1015,multi_disease,0.0,0.01995488628745079,0.0,0.024663252755999565,0.0,0.17151190340518951,0,0.0,-0.28780847787857056,76.15570068359375,23.479928970336914,72.57240295410156,22.55886459350586,1.0,0.9484239220619202,1,-7.284202575683594,-0.34102582931518555,4.035299777984619,10.135929107666016,1.9076999425888062,6.196566104888916,1.0,0.5825566053390503,1,-2.4189000129699707,0.033055197447538376,4.889100074768066,7.97215461730957,2.089600086212158,5.161020755767822,1.0,0.4442189633846283,0,-2.0476999282836914,0.12675181031227112,80.64409637451172,48.17351531982422,70.25289916992188,64.60445404052734,1.0,0.8734449744224548,1,7.131294250488281,0.4736552834510803
2132,multi_disease,77.89790344238281,63.18489456176758,82.98660278320312,56.8955192565918,1.0,0.9729082584381104,1,-8.762496948242188,0.16211563348770142,0.0,0.3692046105861664,0.0,0.5180131196975708,0.0,0.2726968824863434,0,0.0,-0.21186360716819763,0.0,0.12546920776367188,0.6572999954223633,0.03759029507637024,0.0,0.20590455830097198,0,0.0,-0.1568787395954132,83.37789916992188,66.90084075927734,86.12539672851562,68.86972045898438,1.0,0.9594560861587524,1,4.930702209472656,0.2699197828769684,16.194400787353516,14.32336139678955,15.770299911499023,14.74886703491211,1.0,0.558138370513916,1,1.0760011672973633,0.024501211941242218
2427,multi_disease,0.0,0.03965216875076294,0.0,0.04660346359014511,0.0,0.19196391105651855,0,0.0,-0.23853562772274017,0.0,0.8763759136199951,0.0,1.0548757314682007,0.0,0.296394020318985,0,0.0,-0.18297697603702545,17.547199249267578,10.85827350616455,17.246599197387695,5.125726222991943,1.0,0.7259715795516968,1,0.11439895629882812,0.8650621771812439,79.23699951171875,61.67911911010742,83.47019958496094,63.133750915527344,1.0,0.9322924613952637,1,-1.9919967651367188,0.47934621572494507,0.0,13.876718521118164,0.0,13.28880500793457,0.0,0.5081496834754944,1,0.0,0.17969349026679993
1845,single_disease,77.37830352783203,67.93770599365234,70.05020141601562,59.199134826660156,1.0,0.9744617342948914,1,-0.3282928466796875,0.17644084990024567,0.0,0.37294289469718933,0.0,0.5390207171440125,0.0,0.24934569001197815,0,0.0,-0.1919390857219696,0.0,0.05030187964439392,0.0,0.013646767474710941,0.0,0.192532479763031,0,0.0,0.31587180495262146,0.0,7.583097457885742,2.045799970626831,6.30959415435791,0.0,0.44879353046417236,0,0.0,-0.09869753569364548,0.0,0.0529647059738636,0.0,0.07027953118085861,0.0,0.21251320838928223,0,0.0,-0.09715349227190018
1931,multi_disease,59.750999450683594,66.32803344726562,73.85160064697266,57.21224594116211,1.0,0.9689839482307434,1,-9.353599548339844,0.060559261590242386,0.0,0.2750107944011688,0.0,0.37303927540779114,0.0,0.23354904353618622,0,0.0,-0.1506301909685135,0.0,0.05300773307681084,0.0,0.015252134762704372,0.0,0.20975640416145325,0,0.0,-0.034664131700992584,6.102200031280518,13.441512107849121,16.75510025024414,10.97599983215332,1.0,0.4840017259120941,0,1.9576001167297363,-0.12722612917423248,0.0,0.050696369260549545,0.7084000110626221,0.06763258576393127,0.0,0.21262378990650177,0,0.0,-0.08780765533447266
1527,single_disease,71.33200073242188,66.02045440673828,73.21649932861328,57.90682601928711,1.0,0.9734376668930054,1,1.95660400390625,0.12419499456882477,0.0,0.1003231406211853,0.0,0.14000128209590912,0.0,0.2003442496061325,0,0.0,-0.06554914265871048,0.0,0.05118403211236,0.0,0.014787567779421806,0.0,0.21313762664794922,0,0.0,0.07145589590072632,0.0,0.9218737483024597,0.0,0.5204433798789978,0.0,0.3533378541469574,0,0.0,-0.06227689981460571,0.0,0.013303026556968689,0.0,0.017723726108670235,0.0,0.16968905925750732,0,0.0,-0.173725426197052
1456,single_disease,69.69660186767578,64.35839080810547,79.19159698486328,56.65876770019531,1.0,0.9678846597671509,1,27.95840072631836,0.20442458987236023,0.0,0.05741170793771744,0.0,0.0779714435338974,0.0,0.18689551949501038,0,0.0,0.07959568500518799,0.0,0.022414222359657288,0.0,0.004659181460738182,0.0,0.20200814306735992,0,0.0,-0.15628543496131897,0.0,0.13940033316612244,0.0,0.055551692843437195,0.0,0.2623074948787689,0,0.0,0.006837107241153717,0.0,0.018224285915493965,0.0,0.022902142256498337,0.0,0.17354923486709595,0,0.0,-0.17010894417762756
1844,single_disease,78.28700256347656,67.89628601074219,67.49659729003906,59.039710998535156,1.0,0.9737498760223389,1,0.7111053466796875,0.1699548363685608,0.0,0.3912912607192993,0.0,0.5498958230018616,0.0,0.25031664967536926,0,0.0,-0.20921088755130768,0.0,0.044244322925806046,0.0,0.011727732606232166,0.0,0.19076456129550934,0,0.0,0.2824759781360626,0.0,6.836464881896973,2.010999917984009,5.672017574310303,0.0,0.44371408224105835,0,0.0,-0.08561022579669952,0.0,0.05050558224320412,0.0,0.06690555810928345,0.0,0.21013689041137695,0,0.0,-0.10275932401418686
347,multi_disease,10.163999557495117,1.324533224105835,12.326299667358398,1.6361041069030762,1.0,0.3036012053489685,0,5.197499752044678,0.2110673487186432,0.0,0.02586514689028263,0.0,0.03185020014643669,0.0,0.16859744489192963,0,0.0,0.040992237627506256,4.16349983215332,3.0804314613342285,4.603099822998047,1.9222278594970703,1.0,0.34247514605522156,0,1.0476999282836914,-0.1283581703901291,0.0,0.011408506892621517,0.0,0.002365704858675599,0.0,0.1636553406715393,0,0.0,-0.22805942595005035,3.4867000579833984,0.019042257219552994,7.303500175476074,0.022298945114016533,1.0,0.18104881048202515,0,1.676300048828125,-0.12022531032562256
392,multi_disease,14.685999870300293,16.413837432861328,15.08489990234375,17.22333526611328,1.0,0.5567085146903992,1,1.6528997421264648,0.6289446949958801,1.3209999799728394,0.029296334832906723,1.8236000537872314,0.037002913653850555,1.0,0.16747267544269562,0,1.3209999799728394,3.2804906368255615e-05,7.57420015335083,3.0449745655059814,9.007599830627441,1.8789360523223877,1.0,0.3330908417701721,0,2.9289002418518066,-0.1723262518644333,0.0,0.009257743135094643,0.0,0.0019904272630810738,0.0,0.15747104585170746,0,0.0,-0.14819374680519104,20.211999893188477,0.03310582786798477,38.2327995300293,0.037580959498882294,1.0,0.19856932759284973,0,14.20419979095459,-0.038951124995946884
654,multi_disease,0.0,0.19123809039592743,0.0,0.21636083722114563,0.0,0.22810418903827667,0,-1.7436000108718872,-0.042707353830337524,8.837599754333496,22.102590560913086,8.833399772644043,18.844070434570312,1.0,0.947073757648468,1,0.1323995590209961,-0.5071867108345032,11.956100463867188,12.707643508911133,16.01420021057129,7.843969821929932,1.0,0.73277747631073,1,-0.8286991119384766,0.6855055093765259,2.3120999336242676,2.265322208404541,6.886499881744385,1.2469472885131836,1.0,0.3780331611633301,0,1.202299952507019,-0.013555622659623623,80.01329803466797,48.974815368652344,73.39140319824219,65.67505645751953,1.0,0.8853095173835754,1,3.63909912109375,0.32417258620262146
994,multi_disease,0.0,0.026201462373137474,0.0,0.03139631822705269,0.0,0.17273232340812683,0,0.0,-0.2752053439617157,83.29660034179688,23.367387771606445,75.3740005493164,22.058767318725586,1.0,0.9487031102180481,1,6.065299987792969,-0.3100198805332184,5.770199775695801,10.700368881225586,3.601300001144409,6.795652389526367,1.0,0.6893889307975769,1,-3.283599853515625,0.037082865834236145,6.66349983215332,14.657807350158691,4.492700099945068,11.73446273803711,1.0,0.5760354995727539,1,-0.8649001121520996,-0.0697573721408844,74.8936996459961,44.038936614990234,88.0302963256836,60.62983322143555,1.0,0.8559103012084961,1,-5.6284027099609375,0.26611942052841187
1609,single_disease,76.75679779052734,65.49542999267578,72.33329772949219,57.03394317626953,1.0,0.9722447991371155,1,-12.047103881835938,0.1391981840133667,0.0,0.4369671940803528,0.0,0.6869978904724121,0.0,0.26497331261634827,0,0.0,-0.14136457443237305,0.0,0.09374820441007614,0.0,0.025911329314112663,0.0,0.2200172394514084,0,0.0,0.08611255884170532,0.0,7.902957439422607,0.0,6.660223007202148,0.0,0.44964271783828735,0,0.0,-0.08043981343507767,0.0,0.056280236691236496,0.0,0.07427375763654709,0.0,0.2158849835395813,0,0.0,-0.1001090332865715
242,single_disease,0.0,3.508143186569214,0.84170001745224,4.194664001464844,0.0,0.34405845403671265,0,0.0,0.30974656343460083,0.0,0.05279023200273514,0.0,0.06912144273519516,0.0,0.18197056651115417,0,0.0,-0.04957262799143791,1.320199966430664,2.7359395027160645,1.5324000120162964,1.6052839756011963,1.0,0.32483014464378357,0,0.6767999529838562,-0.1837138682603836,0.0,0.1261727213859558,0.0,0.0454394556581974,0.0,0.24806837737560272,0,0.0,-0.11226330697536469,0.0,0.0071070753037929535,0.0,0.009149540215730667,0.0,0.15502242743968964,0,0.0,-0.07109985500574112
1354,single_disease,2.0522000789642334,1.438429594039917,3.752500057220459,1.8079698085784912,1.0,0.30336523056030273,0,2.0522000789642334,0.34591296315193176,0.0,0.16628210246562958,0.0,0.21744404733181,0.0,0.214788556098938,0,-0.9297999739646912,-0.12306489050388336,0.0,0.03339613601565361,0.0,0.010002718307077885,0.0,0.20530332624912262,0,0.0,-0.2225968837738037,0.0,0.014529328793287277,0.0,0.003221447579562664,0.0,0.17130836844444275,0,0.0,-0.21844704449176788,0.0,0.005968023557215929,0.0,0.007637817412614822,0.0,0.1485874354839325,0,0.0,-0.17353777587413788
2141,multi_disease,80.71019744873047,64.99959564208984,72.91829681396484,56.80078887939453,1.0,0.9696875214576721,1,0.734893798828125,0.11449362337589264,0.0,0.4722047448158264,0.0,0.6381562352180481,0.0,0.2585439682006836,0,0.0,-0.16468511521816254,0.0,0.18598215281963348,0.5131999850273132,0.0717797502875328,0.0,0.2504616379737854,0,0.0,-0.17102862894535065,68.91510009765625,68.75428771972656,85.69850158691406,69.95063018798828,1.0,0.9601306319236755,1,-8.715599060058594,0.4191436767578125,16.708900451660156,26.984760284423828,15.890299797058105,38.34237289428711,1.0,0.7627785205841064,1,1.1256999969482422,-0.15718209743499756
280,multi_disease,1.0894999504089355,10.075907707214355,3.1744000911712646,11.900983810424805,1.0,0.4076926112174988,0,0.26419997215270996,0.44070401787757874,0.0,0.02867482602596283,0.0,0.03729064017534256,0.0,0.16351430118083954,0,0.0,0.010242882184684277,1.9882999658584595,0.29630953073501587,2.265000104904175,0.13587477803230286,1.0,0.2519858777523041,0,0.5757999420166016,-0.18566636741161346,0.0,0.009207806549966335,0.0,0.0018716371851041913,0.0,0.15560704469680786,0,0.0,-0.11460106074810028,0.0,0.0067777931690216064,1.9428999423980713,0.008437077514827251,0.0,0.15119270980358124,0,0.0,-0.13980674743652344
777,multi_disease,0.0,0.1083219051361084,0.0,0.12560419738292694,0.0,0.21534353494644165,0,0.0,-0.056621428579092026,16.606000900268555,21.09437370300293,20.861900329589844,17.620281219482422,1.0,0.9445037245750427,1,3.9056005477905273,-0.5569233894348145,21.4773006439209,12.42477035522461,26.43079948425293,7.395741939544678,1.0,0.7616793513298035,1,-3.917499542236328,1.3417788743972778,19.20240020751953,42.04007339477539,19.14780044555664,42.7740364074707,1.0,0.7759398221969604,1,-3.208200454711914,-0.21776442229747772,77.35549926757812,53.65775680541992,81.089599609375,69.7032241821289,1.0,0.902372419834137,1,16.666400909423828,0.7721746563911438
1045,multi_disease,0.0,0.03743981570005417,0.0,0.04704558849334717,0.0,0.17847178876399994,0,0.0,-0.2071128785610199,80.65450286865234,23.910724639892578,76.36470031738281,23.646821975708008,1.0,0.951897144317627,1,5.31170654296875,-0.27323469519615173,1.5606000423431396,6.5461578369140625,1.107800006866455,3.7639498710632324,1.0,0.3120467960834503,0,-1.8578999042510986,-0.0313594713807106,1.385200023651123,1.5380116701126099,0.0,0.6509852409362793,1.0,0.35847482085227966,0,-2.7175002098083496,0.0853404626250267,68.75650024414062,47.914432525634766,70.63739776611328,64.81399536132812,1.0,0.8746399879455566,1,-18.294296264648438,0.4345882833003998
644,multi_disease,0.0,0.35821521282196045,0.0,0.4378175437450409,0.0,0.2436947524547577,0,-2.279599905014038,-0.043429069221019745,9.144399642944336,22.418712615966797,8.150500297546387,19.855195999145508,1.0,0.9495110511779785,1,0.19049930572509766,-0.32861611247062683,10.72130012512207,10.292521476745605,13.175399780273438,6.156799793243408,1.0,0.702229380607605,1,-3.2888994216918945,0.42650559544563293,1.8361999988555908,3.6497068405151367,4.094099998474121,2.2472565174102783,1.0,0.40748631954193115,0,0.7046999931335449,0.01724056527018547,70.55229949951172,54.04936218261719,76.31179809570312,70.72518920898438,1.0,0.9053361415863037,1,-1.4791030883789062,0.757017195224762
1694,single_disease,82.51899719238281,66.43196868896484,76.58779907226562,57.87223434448242,1.0,0.9715515971183777,1,8.252998352050781,0.09372415393590927,0.0,0.1845087707042694,0.0,0.2573363780975342,0.0,0.22178733348846436,0,0.0,-0.12851756811141968,0.0,0.050355181097984314,0.0,0.013873808085918427,0.0,0.19962312281131744,0,0.0,0.0785314291715622,0.0,3.750016927719116,0.0,2.744204044342041,0.0,0.41202592849731445,0,0.0,-0.01612255722284317,0.0,0.041254572570323944,0.0,0.05224740132689476,0.0,0.20056255161762238,0,0.0,-0.12718142569065094
1696,single_disease,85.50700378417969,66.9936752319336,78.54900360107422,58.32632827758789,1.0,0.9722263216972351,1,8.757904052734375,0.1385674774646759,0.0,0.19493797421455383,0.0,0.2626350522041321,0.0,0.22336895763874054,0,0.0,-0.16321493685245514,0.0,0.036298904567956924,0.0,0.009172139689326286,0.0,0.18488317728042603,0,0.0,0.15125787258148193,0.0,4.001226425170898,0.0,2.955472946166992,0.0,0.4148683547973633,0,0.0,0.05727401748299599,0.0,0.046342916786670685,0.0,0.060053203254938126,0.0,0.2057218998670578,0,0.0,-0.11490132659673691
2272,multi_disease,1.1339000463485718,4.3883891105651855,0.8960999846458435,5.125521659851074,1.0,0.38113340735435486,0,-2.7726001739501953,0.5261096954345703,0.0,1.791488528251648,0.0,2.158144235610962,0.0,0.3266575038433075,0,0.0,-0.1964361071586609,1.749899983406067,8.810087203979492,6.502299785614014,4.080326080322266,1.0,0.5391422510147095,1,0.37029993534088135,0.09543938934803009,81.58149719238281,66.16584014892578,85.47840118408203,66.49556732177734,1.0,0.9457477331161499,1,-5.8744049072265625,0.1935095191001892,6.921199798583984,36.703285217285156,1.3244999647140503,53.61759567260742,1.0,0.824211835861206,1,-9.366701126098633,-0.072867751121521
1383,single_disease,3.98799991607666,4.933709621429443,18.308399200439453,6.096215724945068,1.0,0.3540198802947998,0,1.9117999076843262,0.37433019280433655,0.0,0.11925958096981049,0.0,0.14775632321834564,0.0,0.20835302770137787,0,0.0,-0.11686573177576065,0.0,0.015255289152264595,0.0,0.003437742358073592,0.0,0.19378145039081573,0,0.0,-0.12274698168039322,0.0,0.01536044292151928,0.0,0.0036726538091897964,0.0,0.17305655777454376,0,0.0,-0.15023157000541687,0.0,0.005512884818017483,0.0,0.007195563986897469,0.0,0.1452305167913437,0,0.0,-0.17085467278957367
1837,single_disease,78.17140197753906,66.7028579711914,73.04290008544922,58.06608200073242,1.0,0.9723306894302368,1,2.529205322265625,0.10510538518428802,0.0,0.29426366090774536,0.0,0.4131683111190796,0.0,0.23751918971538544,0,0.0,-0.1494046300649643,0.0,0.0686725452542305,0.0,0.019428465515375137,0.0,0.20775240659713745,0,0.0,-0.010306505486369133,0.0,5.656042098999023,2.011699914932251,4.431359767913818,0.0,0.43165016174316406,0,0.0,-0.05035001039505005,0.0,0.039378851652145386,0.0,0.0516791008412838,0.0,0.20100490748882294,0,0.0,-0.12411725521087646
852,multi_disease,0.0,0.08466317504644394,0.0,0.09710467606782913,0.0,0.21174661815166473,0,0.0,-0.18586769700050354,67.87789916992188,20.21422576904297,67.12580108642578,17.11052894592285,1.0,0.9379655718803406,1,25.066600799560547,-0.6452994346618652,67.06590270996094,12.148582458496094,70.1156997680664,6.511211395263672,1.0,0.7967079281806946,1,19.557804107666016,1.3501391410827637,19.21179962158203,21.176593780517578,18.3341007232666,18.4777774810791,1.0,0.6057830452919006,1,-1.0810012817382812,-0.16286368668079376,76.60310363769531,47.98596954345703,74.8125,65.05042266845703,1.0,0.8752065896987915,1,-1.4460983276367188,0.36947566270828247
2287,multi_disease,1.1353000402450562,0.09325525164604187,0.0,0.1129399836063385,1.0,0.2216636687517166,0,-0.5282999277114868,-0.05429704859852791,0.0,0.22657518088817596,0.0,0.2887103855609894,0.0,0.22664839029312134,0,0.0,-0.13660351932048798,4.235300064086914,0.9349333047866821,13.087400436401367,0.5623120665550232,1.0,0.2865816652774811,0,2.046300172805786,-0.08326619863510132,77.49929809570312,66.51301574707031,87.1438980102539,66.9763412475586,1.0,0.9505565762519836,1,-9.152503967285156,0.6143972873687744,2.173099994659424,23.077049255371094,0.0,29.997297286987305,1.0,0.7003600001335144,1,-10.611700057983398,-0.20862510800361633
1730,single_disease,74.81809997558594,65.64924621582031,76.3009033203125,57.28266143798828,1.0,0.9691924452781677,1,-1.2119979858398438,0.05142734944820404,0.0,0.164468914270401,0.0,0.24084751307964325,0.0,0.220042422413826,0,0.0,-0.11709895730018616,0.0,0.06827260553836823,0.0,0.019260287284851074,0.0,0.24191676080226898,0,0.0,-0.22866791486740112,0.0,7.824970722198486,0.0,6.698209762573242,0.0,0.44743725657463074,0,0.0,0.024510733783245087,0.0,0.03317422792315483,0.0,0.04364144057035446,0.0,0.1954432874917984,0,0.0,-0.1253906637430191
975,multi_disease,0.0,0.043757420033216476,0.0,0.05160801112651825,0.0,0.19108712673187256,0,0.0,-0.2127000242471695,78.23280334472656,22.8841609954834,82.04080200195312,21.30808448791504,1.0,0.9501401782035828,1,2.3924026489257812,-0.47680869698524475,8.140899658203125,13.198867797851562,5.696899890899658,8.401092529296875,1.0,0.7378653287887573,1,-3.1212005615234375,0.6074309349060059,7.125899791717529,46.95804977416992,6.643499851226807,48.691017150878906,1.0,0.8221084475517273,1,-6.188000202178955,-0.17084315419197083,76.87539672851562,53.029327392578125,71.9365005493164,69.31510925292969,1.0,0.8952808380126953,1,-0.06800079345703125,0.6768254637718201
1519,single_disease,70.54109954833984,66.45032501220703,77.62419891357422,58.05673599243164,1.0,0.9724500179290771,1,3.205902099609375,0.07036623358726501,0.0,0.06866093724966049,0.0,0.09517962485551834,0.0,0.18706779181957245,0,0.0,-0.029599182307720184,0.0,0.047592759132385254,0.0,0.013764596544206142,0.0,0.20425771176815033,0,0.0,0.2821536362171173,0.0,2.6166205406188965,0.0,1.9737038612365723,0.0,0.41014575958251953,0,0.0,0.10663633048534393,0.0,0.016528548672795296,0.0,0.021214107051491737,0.0,0.1723177582025528,0,0.0,-0.1552361249923706
1896,multi_disease,76.36820220947266,66.07305145263672,71.98629760742188,57.540679931640625,1.0,0.9733614921569824,1,4.467803955078125,0.1746499389410019,0.0,0.36605995893478394,0.0,0.5243408679962158,0.0,0.247643381357193,0,0.0,-0.14241279661655426,0.0,0.04800054430961609,0.0,0.013163791969418526,0.0,0.19332709908485413,0,0.0,0.36468443274497986,2.8617000579833984,13.441512107849121,4.495200157165527,10.97599983215332,1.0,0.4840017259120941,0,0.9971001148223877,-0.12722612917423248,0.0,0.07476015388965607,0.0,0.09819673001766205,0.0,0.2231629341840744,0,0.0,-0.10759998857975006
1426,single_disease,36.76559829711914,47.72362518310547,65.79180145263672,43.89449691772461,1.0,0.9161217212677002,1,20.02859878540039,0.34275367856025696,0.0,0.03311782330274582,0.0,0.043809711933135986,0.0,0.16525836288928986,0,0.0,-0.09267684817314148,0.0,0.040196966379880905,0.0,0.012414731085300446,0.0,0.21147824823856354,0,0.0,-0.2595181465148926,0.0,0.027824627235531807,0.0,0.0077521768398582935,0.0,0.19438810646533966,0,0.0,-0.15536072850227356,0.0,0.011145459488034248,0.0,0.013610250316560268,0.0,0.16016952693462372,0,0.0,-0.1368768960237503
594,multi_disease,4.477200031280518,14.56270980834961,2.5071001052856445,16.421619415283203,1.0,0.5472289323806763,1,-10.731000900268555,0.22644111514091492,9.655599594116211,22.696348190307617,8.973299980163574,20.231422424316406,1.0,0.9496548771858215,1,2.8894996643066406,-0.338986337184906,10.913299560546875,10.726543426513672,12.97659969329834,5.914261817932129,1.0,0.7603991627693176,1,-3.3292007446289062,0.898709237575531,0.0,0.11961328238248825,1.139299988746643,0.03853616490960121,0.0,0.25542792677879333,0,0.0,-0.20463033020496368,75.91850280761719,55.750083923339844,68.80010223388672,71.94317626953125,1.0,0.9111185669898987,1,-2.7287979125976562,0.954533576965332
207,single_disease,0.0,2.3415398597717285,0.0,2.8538668155670166,0.0,0.31748008728027344,0,0.0,0.21684840321540833,0.0,0.02719896472990513,0.0,0.03513649106025696,0.0,0.16536158323287964,0,0.0,0.05329696461558342,0.6223000288009644,0.49927225708961487,0.8999999761581421,0.24481965601444244,1.0,0.27101069688796997,0,-0.4294999837875366,-0.18760864436626434,0.0,0.017140068113803864,0.0,0.003932724706828594,0.0,0.1814645379781723,0,0.0,-0.41376131772994995,0.0,0.004548436962068081,0.0,0.0059137954376637936,0.0,0.13820235431194305,0,0.0,-0.20268948376178741
101,healthy,0.0,4.406881332397461,0.0,5.121160507202148,0.0,0.3584578037261963,0,0.0,0.3667033314704895,0.0,0.0342460535466671,0.0,0.04264950007200241,0.0,0.18195472657680511,0,0.0,0.0033928100019693375,0.0,0.0640944093465805,0.0,0.023874355480074883,0.0,0.21513333916664124,0,0.0,-0.2118857055902481,0.0,0.07005812227725983,0.0,0.020935501903295517,0.0,0.21968433260917664,0,0.0,-0.00483649643138051,0.0,0.0049956864677369595,0.0,0.006326538976281881,0.0,0.14560268819332123,0,0.0,-0.0621991902589798
1046,multi_disease,0.0,0.03807138651609421,0.0,0.047767601907253265,0.0,0.1776147484779358,0,0.0,-0.1946755051612854,79.85130310058594,23.847888946533203,77.85260009765625,23.737077713012695,1.0,0.9527655839920044,1,2.366302490234375,-0.2994474172592163,1.513100028038025,6.256002426147461,1.054900050163269,3.5750129222869873,1.0,0.3101845383644104,0,-1.6385999917984009,-0.04162014275789261,1.4320000410079956,2.329059600830078,0.0,1.0700607299804688,1.0,0.3800363838672638,0,-2.586099624633789,0.14226213097572327,66.18109893798828,48.218719482421875,70.1707992553711,65.13775634765625,1.0,0.8759322166442871,1,-15.628700256347656,0.40477290749549866
1721,single_disease,80.08280181884766,66.68175506591797,73.58489990234375,58.36353302001953,1.0,0.9733490347862244,1,-7.23809814453125,0.13218766450881958,0.0,0.15020079910755157,0.0,0.19766974449157715,0.0,0.21872356534004211,0,0.0,-0.1387982964515686,0.0,0.05474604666233063,0.0,0.015221073292195797,0.0,0.1984805166721344,0,0.0,0.1584368497133255,0.0,4.789314270019531,0.0,3.7823829650878906,0.0,0.421307235956192,0,0.0,0.0826215147972107,0.0,0.06399275362491608,0.0,0.08248478919267654,0.0,0.21673139929771423,0,0.0,-0.11933372169733047
428,multi_disease,14.269399642944336,0.5315847396850586,16.71980094909668,0.6149165034294128,1.0,0.2637581527233124,0,-0.8408002853393555,0.12815433740615845,1.7632999420166016,3.501068115234375,2.2167000770568848,4.3705668449401855,1.0,0.3699018657207489,0,0.4528999328613281,-0.19019895792007446,8.657899856567383,10.026450157165527,9.201199531555176,6.107329845428467,1.0,0.7257896661758423,1,-0.2934999465942383,0.8969030976295471,0.0,0.01583617739379406,0.0,0.003831316716969013,0.0,0.1769222617149353,0,0.0,-0.27808889746665955,43.60580062866211,39.30280303955078,66.45700073242188,55.24230194091797,1.0,0.8630669713020325,1,11.28750228881836,0.31766223907470703
1453,single_disease,67.41320037841797,65.94961547851562,82.256103515625,57.566749572753906,1.0,0.9697835445404053,1,26.828800201416016,0.14025750756263733,0.0,0.05150336027145386,0.0,0.07015861570835114,0.0,0.1788225919008255,0,0.0,0.0646432489156723,0.0,0.06742895394563675,0.0,0.01932349242269993,0.0,0.22789649665355682,0,0.0,-0.195800319314003,0.0,0.12703031301498413,0.0,0.04389157518744469,0.0,0.252005398273468,0,0.0,-0.2059112936258316,0.0,0.019896788522601128,0.0,0.024315472692251205,0.0,0.17617730796337128,0,0.0,-0.16620667278766632
2326,multi_disease,0.0,0.04426936060190201,0.0,0.0556582473218441,0.0,0.19054901599884033,0,-0.840499997138977,-0.27250322699546814,0.0,0.1625904142856598,0.0,0.18696756660938263,0.0,0.23390497267246246,0,0.0,-0.13255491852760315,13.886799812316895,1.9348101615905762,17.632099151611328,1.2671198844909668,1.0,0.37868204712867737,0,4.6402997970581055,-0.12571917474269867,79.69770050048828,61.42110061645508,75.19339752197266,62.66573715209961,1.0,0.9337124228477478,1,-1.3206024169921875,0.5956900715827942,0.0,12.949299812316895,0.0,12.531530380249023,0.0,0.5011199712753296,1,-1.281999945640564,0.17828185856342316
1047,multi_disease,0.0,0.030743222683668137,0.0,0.039048101752996445,0.0,0.17063374817371368,0,0.0,-0.22614672780036926,79.74459838867188,23.822437286376953,74.73629760742188,23.803529739379883,1.0,0.9533646702766418,1,2.112396240234375,-0.30950814485549927,1.4337999820709229,7.025285720825195,1.1344000101089478,4.029704570770264,1.0,0.31337499618530273,0,-1.680299997329712,0.013232127763330936,1.3451000452041626,2.653649091720581,0.0,1.2833716869354248,1.0,0.38969340920448303,0,-2.4127001762390137,0.1261175274848938,70.09539794921875,49.055667877197266,69.7759017944336,65.84888458251953,1.0,0.8790809512138367,1,-11.576805114746094,0.4362868070602417
514,multi_disease,14.739100456237793,18.91000747680664,15.778599739074707,22.208452224731445,1.0,0.6789602041244507,1,0.5569000244140625,0.262343168258667,3.588599920272827,20.62384033203125,4.406599998474121,17.67707633972168,1.0,0.9152427911758423,1,0.7084000110626221,-0.38468873500823975,9.92609977722168,10.817103385925293,12.128999710083008,5.40779972076416,1.0,0.7236260175704956,1,0.12360000610351562,0.454596608877182,0.0,0.438058465719223,0.0,0.18836206197738647,0.0,0.30791884660720825,0,0.0,-0.049244511872529984,75.24710083007812,52.04970932006836,73.39759826660156,69.14047241210938,1.0,0.9025017619132996,1,4.287803649902344,0.655436098575592
1202,multi_disease,0.0,0.021960843354463577,0.0,0.027736613526940346,0.0,0.17207293212413788,0,0.0,-0.22600999474525452,11.243599891662598,23.524526596069336,5.292300224304199,21.339649200439453,1.0,0.9545268416404724,1,-13.962599754333496,-0.35760828852653503,0.0,0.054978225380182266,0.0,0.018522292375564575,0.0,0.2114606499671936,0,0.0,-0.06902579218149185,0.0,0.024287458509206772,0.0,0.004910173825919628,0.0,0.18927708268165588,0,0.0,-0.20087064802646637,2.6122000217437744,8.816560745239258,1.2965999841690063,8.572305679321289,1.0,0.4557327926158905,0,0.24740004539489746,0.07822901010513306
2622,single_disease,0.0,0.05662376061081886,0.0,0.069234199821949,0.0,0.2045125663280487,0,0.0,-0.19820766150951385,0.0,0.31582412123680115,0.0,0.3786414563655853,0.0,0.24439799785614014,0,0.0,-0.15818479657173157,0.0,0.2163432240486145,0.0,0.08920098096132278,0.0,0.24871501326560974,0,0.0,-0.22729118168354034,86.93720245361328,66.80889892578125,71.21099853515625,67.59391784667969,1.0,0.9504350423812866,1,6.592903137207031,0.6038985848426819,0.0,4.152755260467529,0.0,4.343221187591553,0.0,0.37946850061416626,0,0.0,-0.02983931079506874
2165,multi_disease,72.91829681396484,65.47943115234375,38.776798248291016,57.6779899597168,1.0,0.9692028164863586,1,-7.791900634765625,0.19516125321388245,0.0,0.26286420226097107,0.0,0.37520578503608704,0.0,0.2472900003194809,0,0.0,-0.20655998587608337,0.5131999850273132,0.4291417598724365,0.8737000226974487,0.1908007264137268,1.0,0.28455668687820435,0,0.5131999850273132,-0.0614142119884491,85.69850158691406,68.93104553222656,99.42160034179688,70.55180358886719,1.0,0.9638472199440002,1,16.783401489257812,0.5608850717544556,15.890299797058105,25.081613540649414,15.371500015258789,35.61142349243164,1.0,0.7353294491767883,1,-0.8186006546020508,-0.04779818654060364
172,healthy,0.0,2.6760141849517822,0.0,3.1558632850646973,0.0,0.3355753421783447,0,0.0,0.4052409827709198,0.0,0.03735196217894554,0.0,0.04842248931527138,0.0,0.1752907782793045,0,0.0,0.010886500589549541,1.277899980545044,0.06904003024101257,0.9412999749183655,0.027101736515760422,1.0,0.21427956223487854,0,1.277899980545044,-0.2123183161020279,0.0,0.030325978994369507,0.0,0.00823988113552332,0.0,0.19173358380794525,0,0.0,-0.00033371057361364365,0.0,0.0062027545645833015,0.0,0.007844238542020321,0.0,0.1503395289182663,0,0.0,-0.023647252470254898
2436,multi_disease,0.0,0.06539991497993469,0.0,0.08179011940956116,0.0,0.20694832503795624,0,0.0,-0.24423794448375702,0.0,1.1731082201004028,0.0,1.5734769105911255,0.0,0.32909655570983887,0,0.0,-0.06667828559875488,17.433399200439453,12.938297271728516,19.484100341796875,5.919246196746826,1.0,0.7745434045791626,1,0.019098281860351562,1.129133939743042,84.48149871826172,62.21330261230469,78.87259674072266,63.461936950683594,1.0,0.9263740181922913,1,9.384796142578125,0.1894812434911728,0.0,14.17120361328125,0.0,13.577714920043945,0.0,0.5200176239013672,1,0.0,0.1455298662185669
546,multi_disease,15.48009967803955,12.833150863647461,15.208200454711914,14.952436447143555,1.0,0.4542264938354492,0,1.3842992782592773,0.23426662385463715,4.923399925231934,21.982242584228516,6.76609992980957,19.357616424560547,1.0,0.9441241025924683,1,0.8194999694824219,-0.34866857528686523,12.847399711608887,7.714465141296387,14.242500305175781,3.9949140548706055,1.0,0.6377936005592346,1,2.2802000045776367,0.35179218649864197,0.0,0.7683749198913574,0.0,0.35910746455192566,0.0,0.3405178189277649,0,0.0,-0.0158337764441967,77.09729766845703,55.96820068359375,78.64730072021484,72.32911682128906,1.0,0.9130154252052307,1,2.2667999267578125,0.9097344279289246
2340,multi_disease,0.0,0.05288190394639969,0.0,0.0649193525314331,0.0,0.20488813519477844,0,0.0,-0.2237507849931717,0.0,0.36290091276168823,0.0,0.4591251611709595,0.0,0.24713067710399628,0,0.0,-0.16749343276023865,15.897000312805176,12.010852813720703,17.493499755859375,4.851536273956299,1.0,0.7618074417114258,1,1.657400131225586,1.151826024055481,81.1404037475586,62.73151779174805,80.20500183105469,63.878761291503906,1.0,0.9306545257568359,1,-5.199493408203125,0.28365668654441833,0.0,14.10802173614502,0.0,13.476699829101562,0.0,0.5095493793487549,1,0.0,0.17638641595840454
1548,single_disease,75.33039855957031,66.90779113769531,79.99919891357422,58.509159088134766,1.0,0.9731268286705017,1,3.2818984985351562,0.12752249836921692,0.0,0.11522333323955536,0.0,0.15766975283622742,0.0,0.2047632336616516,0,0.0,-0.09694576263427734,0.0,0.08095070719718933,0.0,0.02732684649527073,0.0,0.23388400673866272,0,0.0,-0.10150323808193207,0.0,0.9087119102478027,0.0,0.4638984203338623,0.0,0.34680429100990295,0,0.0,-0.10474741458892822,0.0,0.012604225426912308,0.0,0.016657065600156784,0.0,0.16819898784160614,0,0.0,-0.1539592295885086
1835,single_disease,72.37229919433594,66.68457794189453,70.18340301513672,57.783138275146484,1.0,0.9699715971946716,1,-0.69830322265625,0.07061800360679626,0.0,0.2640151083469391,0.0,0.3717309236526489,0.0,0.23313282430171967,0,0.0,-0.12374011427164078,0.0,0.06414671987295151,0.0,0.018748987466096878,0.0,0.21124185621738434,0,0.0,-0.05529962480068207,0.0,7.573387622833252,2.030900001525879,6.0593085289001465,0.0,0.44532015919685364,0,0.0,-0.06482889503240585,0.0,0.051272764801979065,0.0,0.0672198086977005,0.0,0.21225610375404358,0,0.0,-0.0897325798869133
1798,single_disease,70.50440216064453,66.11978912353516,78.5696029663086,58.08597946166992,1.0,0.973147451877594,1,-3.9563980102539062,0.0723443478345871,0.0,0.18975774943828583,0.0,0.2646242678165436,0.0,0.22299246490001678,0,0.0,-0.10452985763549805,0.0,0.04481467977166176,0.0,0.011491584591567516,0.0,0.19673995673656464,0,0.0,0.1032622754573822,0.0,8.70788288116455,0.0,7.383457660675049,0.0,0.4509579837322235,0,0.0,-0.03006468340754509,0.0,0.2833777368068695,0.0,0.34719833731651306,0.0,0.26958614587783813,0,0.0,-0.05036228895187378
212,single_disease,0.0,1.8868423700332642,0.0,2.3576693534851074,0.0,0.3123778700828552,0,0.0,0.31210342049598694,0.0,0.03724583238363266,0.0,0.04922756925225258,0.0,0.16783270239830017,0,0.0,-0.06061108410358429,0.5946999788284302,0.8502039909362793,1.0576000213623047,0.4628440737724304,1.0,0.2805779278278351,0,-0.3086000084877014,-0.2052842080593109,0.0,0.020273976027965546,0.0,0.004936475306749344,0.0,0.18824860453605652,0,0.0,-0.4055274724960327,0.0,0.004353359807282686,0.0,0.005713673308491707,0.0,0.13503456115722656,0,0.0,-0.20555736124515533
2321,multi_disease,0.0,0.0604463629424572,0.0,0.07655039429664612,0.0,0.20462781190872192,0,-1.0394999980926514,-0.24408935010433197,0.0,1.5671312808990479,0.0,1.9778631925582886,0.0,0.33699360489845276,0,0.0,-0.10505986213684082,14.755000114440918,10.234030723571777,16.653499603271484,4.502038478851318,1.0,0.6232373118400574,1,7.731100082397461,0.06697409600019455,77.18840026855469,63.69106674194336,72.4031982421875,64.8360366821289,1.0,0.9366154074668884,1,-5.283203125,0.284542977809906,0.0,23.741893768310547,0.0,32.084407806396484,0.0,0.709570050239563,1,-1.1578999757766724,-0.17536520957946777
427,multi_disease,14.451399803161621,0.5342425107955933,16.074600219726562,0.6316704154014587,1.0,0.2665517032146454,0,-1.5730009078979492,0.14959202706813812,1.7024999856948853,1.405016541481018,2.0987000465393066,1.6474084854125977,1.0,0.31711623072624207,0,0.35159993171691895,-0.1727299690246582,8.973199844360352,8.706558227539062,9.286299705505371,5.079186916351318,1.0,0.7022779583930969,1,0.19569969177246094,0.8399518132209778,0.0,0.014371737837791443,0.0,0.0035533674526959658,0.0,0.17597132921218872,0,0.0,-0.31425294280052185,42.174198150634766,36.809993743896484,67.75830078125,53.11766815185547,1.0,0.8430772423744202,1,9.120498657226562,0.21738839149475098
204,single_disease,0.0,1.8708387613296509,0.0,2.3770055770874023,0.0,0.315714567899704,0,0.0,0.24988532066345215,0.0,0.03011108562350273,0.0,0.04263453930616379,0.0,0.16503991186618805,0,0.0,-0.026225198060274124,0.8810999989509583,0.6781431436538696,0.9559999704360962,0.32921966910362244,1.0,0.2841779887676239,0,-0.2549000382423401,-0.17128318548202515,0.0,0.019902819767594337,0.0,0.004206028766930103,0.0,0.1869114637374878,0,0.0,-0.4791269302368164,0.0,0.005544877611100674,0.0,0.0068455105647444725,0.0,0.13996148109436035,0,0.0,-0.20495399832725525
2261,multi_disease,1.722000002861023,31.301361083984375,1.1004999876022339,32.64179611206055,1.0,0.8113030791282654,1,-4.267199993133545,0.33837348222732544,0.0,0.7570925951004028,0.0,0.9595667123794556,0.0,0.28121331334114075,0,0.0,-0.1843590885400772,2.016900062561035,8.265946388244629,3.8631999492645264,5.494824409484863,1.0,0.3578048050403595,0,0.7858000993728638,-0.14787335693836212,85.25550079345703,67.42068481445312,83.94930267333984,68.30836486816406,1.0,0.9538140296936035,1,-2.6999969482421875,0.4716099798679352,14.559200286865234,25.9407958984375,2.745800018310547,37.46577453613281,1.0,0.7423387765884399,1,-0.4322996139526367,-0.06542401015758514
436,multi_disease,14.855299949645996,1.6861060857772827,17.51219940185547,1.8866578340530396,1.0,0.3167324662208557,0,0.5032997131347656,0.3256562352180481,2.02839994430542,12.146214485168457,2.4595999717712402,11.391886711120605,1.0,0.7023001909255981,1,0.2490999698638916,-0.5719537138938904,7.689700126647949,12.341184616088867,9.668899536132812,6.817569732666016,1.0,0.6883487701416016,1,-1.3998994827270508,0.4031327962875366,0.0,0.09229326248168945,0.0,0.031473878771066666,0.0,0.23595596849918365,0,0.0,-0.11406178772449493,50.98360061645508,41.30887985229492,71.07969665527344,57.59611129760742,1.0,0.8740476369857788,1,16.529701232910156,-0.2513826787471771
440,multi_disease,14.85789966583252,3.904731273651123,16.423900604248047,4.348787307739258,1.0,0.34876251220703125,0,-0.22700023651123047,0.3080610930919647,2.2112998962402344,17.262083053588867,2.338200092315674,13.708684921264648,1.0,0.8628144264221191,1,0.38769984245300293,-0.5432652235031128,8.782400131225586,12.156771659851074,9.563899993896484,6.814889430999756,1.0,0.6966648101806641,1,-0.22519969940185547,0.14761844277381897,0.0,0.11728189140558243,0.0,0.04352762550115585,0.0,0.24518516659736633,0,0.0,-0.06795268505811691,58.794498443603516,42.42578125,74.03780364990234,58.50175476074219,1.0,0.876218855381012,1,20.56169891357422,0.07633790373802185
508,multi_disease,13.695199966430664,19.54985237121582,16.482500076293945,22.62335777282715,1.0,0.6962593793869019,1,-1.4014997482299805,0.4182928800582886,3.08240008354187,21.275394439697266,4.400199890136719,18.62579345703125,1.0,0.9259759783744812,1,0.006600141525268555,-0.2909819185733795,11.001099586486816,12.230131149291992,10.462900161743164,7.614779472351074,1.0,0.7340458631515503,1,0.987299919128418,0.6234762072563171,0.0,0.8549695611000061,0.0,0.4540210962295532,0.0,0.33129847049713135,0,0.0,-0.005592436529695988,81.45469665527344,54.747737884521484,73.9791030883789,71.55896759033203,1.0,0.9093883633613586,1,13.449600219726562,0.7361113429069519
453,multi_disease,16.983400344848633,26.604969024658203,14.388799667358398,29.2164363861084,1.0,0.7757371664047241,1,2.96090030670166,0.4926668107509613,2.3808000087738037,20.932876586914062,2.9626998901367188,18.607873916625977,1.0,0.9169914126396179,1,0.5729000568389893,-0.09597835689783096,8.803400039672852,10.588919639587402,8.852999687194824,6.965806484222412,1.0,0.6153523921966553,1,0.533599853515625,0.27339303493499756,0.0,0.1344754695892334,0.0,0.05474596470594406,0.0,0.25659891963005066,0,0.0,-0.18619710206985474,69.74720001220703,51.661468505859375,73.1050033569336,69.01490783691406,1.0,0.9035084247589111,1,24.586700439453125,0.4096015691757202
2553,multi_disease,0.0,0.03238474950194359,0.0,0.04127494618296623,0.0,0.18711140751838684,0,0.0,-0.207183837890625,0.0,0.06967557221651077,0.0,0.08470070362091064,0.0,0.19733276963233948,0,0.0,-0.126076340675354,0.0,5.394186973571777,0.0,3.269862651824951,0.0,0.34934207797050476,0,-1.1832000017166138,-0.18977925181388855,77.46040344238281,61.99537658691406,90.42130279541016,63.25221252441406,1.0,0.9346548318862915,1,-3.9216995239257812,0.6837747693061829,0.0,6.378732681274414,0.0,6.475939750671387,0.0,0.4270956218242645,0,0.0,0.004493363201618195
1420,single_disease,31.515499114990234,25.507810592651367,57.28960037231445,23.17391014099121,1.0,0.6900532841682434,1,22.112699508666992,0.7822043299674988,0.0,0.03457965329289436,0.0,0.047209061682224274,0.0,0.16892772912979126,0,0.0,-0.07502808421850204,0.0,0.022647259756922722,0.0,0.005549903493374586,0.0,0.19943450391292572,0,0.0,-0.12576709687709808,0.0,0.023188110440969467,0.0,0.006178084760904312,0.0,0.18646451830863953,0,0.0,-0.11116022616624832,0.0,0.012111359275877476,0.0,0.015080650337040424,0.0,0.16358506679534912,0,0.0,-0.04357815906405449
85,healthy,0.0,1.264528751373291,0.0,1.596369743347168,0.0,0.2947573661804199,0,0.0,0.24247345328330994,0.0,0.18705299496650696,0.0,0.2631123661994934,0.0,0.2235722690820694,0,0.0,-0.15011845529079437,0.0,0.24532662332057953,0.0,0.11190908402204514,0.0,0.24821922183036804,0,0.0,-0.21782079339027405,0.0,0.06383802741765976,0.0,0.017538132146000862,0.0,0.22655978798866272,0,0.0,-0.2808069884777069,0.0,0.00787857361137867,0.0,0.009844659827649593,0.0,0.15203030407428741,0,0.0,-0.19531066715717316
210,single_disease,0.0,1.974967122077942,0.0,2.3661386966705322,0.0,0.3142126798629761,0,0.0,0.25663816928863525,0.0,0.02889169752597809,0.0,0.03704173490405083,0.0,0.16705761849880219,0,0.0,0.020712777972221375,0.7208999991416931,0.44617050886154175,1.0189000368118286,0.23213164508342743,1.0,0.260389506816864,0,-0.30230003595352173,-0.19347336888313293,0.0,0.013995079323649406,0.0,0.003249645931646228,0.0,0.1758769005537033,0,0.0,-0.40766891837120056,0.0,0.003658716334030032,0.0,0.004826543852686882,0.0,0.1319519579410553,0,0.0,-0.13121803104877472
1513,single_disease,74.89859771728516,65.23375701904297,79.6229019165039,57.608367919921875,1.0,0.975555419921875,1,3.1104965209960938,0.20606675744056702,0.0,0.11370356380939484,0.0,0.17129094898700714,0.0,0.20592708885669708,0,0.0,-0.07703916728496552,0.0,0.08853480219841003,0.0,0.026367362588644028,0.0,0.2296992540359497,0,0.0,0.0100724371150136,0.0,2.1774168014526367,0.0,1.5426899194717407,0.0,0.39570945501327515,0,0.0,0.030178844928741455,0.0,0.015000536106526852,0.0,0.01918027549982071,0.0,0.16800183057785034,0,0.0,-0.2013949602842331
735,multi_disease,0.0,0.18176274001598358,0.0,0.21882213652133942,0.0,0.22916129231452942,0,0.0,-0.10250767320394516,11.859700202941895,21.359970092773438,13.592100143432617,18.268295288085938,1.0,0.9431660175323486,1,2.1089000701904297,-0.46961691975593567,19.08060073852539,10.858206748962402,25.411500930786133,5.655652046203613,1.0,0.7324144840240479,1,0.45580101013183594,1.0083363056182861,19.65220069885254,42.41028594970703,20.585800170898438,42.855255126953125,1.0,0.778674840927124,1,2.138101577758789,-0.14691026508808136,74.47760009765625,56.27432632446289,70.18090057373047,72.00457000732422,1.0,0.9121665358543396,1,-8.934402465820312,1.0453506708145142
1741,single_disease,73.59880065917969,66.69054412841797,71.80729675292969,58.09996032714844,1.0,0.9704140424728394,1,-2.1279983520507812,0.09309937804937363,0.0,0.1666656881570816,0.0,0.22599783539772034,0.0,0.21930137276649475,0,0.0,-0.12794338166713715,0.0,0.06111416220664978,0.0,0.018013499677181244,0.0,0.22710663080215454,0,0.0,-0.07944193482398987,0.0,2.605410575866699,0.0,1.781557321548462,0.0,0.39511993527412415,0,0.0,0.05957635119557381,0.0,0.06997575610876083,0.0,0.08609359711408615,0.0,0.2137765884399414,0,0.0,-0.10249099880456924
706,multi_disease,0.0,0.11824189126491547,0.0,0.14070770144462585,0.0,0.21185991168022156,0,0.0,-0.10702501237392426,9.395600318908691,21.94751739501953,11.854100227355957,18.678739547729492,1.0,0.9418680667877197,1,0.07700061798095703,-0.49608278274536133,18.66010093688965,13.628289222717285,19.576900482177734,7.713197231292725,1.0,0.7615763545036316,1,2.6119003295898438,1.0047447681427002,18.315200805664062,11.77194595336914,18.484800338745117,8.991527557373047,1.0,0.487868070602417,0,9.739500999450684,-0.07512049376964569,78.71219635009766,53.92621612548828,74.91829681396484,70.14527893066406,1.0,0.9041538238525391,1,5.8802947998046875,0.8268858790397644
1936,multi_disease,62.27830123901367,66.83615112304688,73.05220031738281,57.225311279296875,1.0,0.9670966863632202,1,-11.04079818725586,0.10585916042327881,0.0,0.33108577132225037,0.0,0.4309651553630829,0.0,0.2449091523885727,0,0.0,-0.14653022587299347,0.0,0.03135315701365471,0.0,0.008154965937137604,0.0,0.18113897740840912,0,0.0,0.2259637862443924,7.266900062561035,9.538992881774902,18.752599716186523,7.926286697387695,1.0,0.4584881663322449,0,3.076700210571289,-0.10414773970842361,0.0,0.04236546903848648,0.968999981880188,0.05652161315083504,0.0,0.20499368011951447,0,0.0,-0.09649696201086044
291,multi_disease,1.9404000043869019,7.451759338378906,3.7339000701904297,8.615736961364746,1.0,0.4088018536567688,0,1.0324000120162964,0.48550665378570557,0.0,0.027233757078647614,0.0,0.03559426963329315,0.0,0.16457653045654297,0,0.0,0.04926113039255142,1.9807000160217285,0.4602838158607483,3.1257998943328857,0.2194424569606781,1.0,0.26526740193367004,0,0.4127000570297241,-0.1188042089343071,0.0,0.0231894813477993,0.0,0.006144372280687094,0.0,0.1842391937971115,0,0.0,-0.032941900193691254,0.0,0.010149288922548294,1.9736000299453735,0.012560670264065266,0.0,0.16195310652256012,0,0.0,-0.07863122224807739
578,multi_disease,9.317299842834473,14.736787796020508,3.4219000339508057,16.887542724609375,1.0,0.5692977905273438,1,-5.280300140380859,0.17390793561935425,9.07759952545166,21.02626609802246,9.399999618530273,18.187416076660156,1.0,0.9288944005966187,1,3.81149959564209,-0.434408575296402,14.034500122070312,13.137319564819336,11.004199981689453,7.867158889770508,1.0,0.7837278842926025,1,0.3710002899169922,1.3769326210021973,0.0,0.18570998311042786,0.0,0.07348572462797165,0.0,0.2674669027328491,0,0.0,-0.1010226234793663,80.14749908447266,54.268882751464844,77.96269989013672,70.89353942871094,1.0,0.9080621004104614,1,5.234001159667969,0.769506573677063
1227,multi_disease,0.0,0.032476115971803665,0.0,0.04134957864880562,0.0,0.18790173530578613,0,0.0,-0.15023954212665558,4.947199821472168,23.237586975097656,2.1503000259399414,22.449979782104492,1.0,0.9348005056381226,1,-5.669600486755371,-0.23693375289440155,0.0,0.0890786275267601,0.0,0.0314069502055645,0.0,0.22348341345787048,0,0.0,-0.1971650868654251,0.0,0.028497565537691116,0.0,0.005927713587880135,0.0,0.19366183876991272,0,0.0,-0.18731895089149475,1.156000018119812,5.685765266418457,0.0,5.944977283477783,1.0,0.4194657504558563,0,-1.3604000806808472,0.12538163363933563
