epoch,act_24h_early_blight_accuracy,act_24h_early_blight_loss,act_24h_late_blight_accuracy,act_24h_late_blight_loss,act_24h_leaf_mold_accuracy,act_24h_leaf_mold_loss,act_24h_powdery_mildew_accuracy,act_24h_powdery_mildew_loss,act_24h_spider_mites_accuracy,act_24h_spider_mites_loss,act_48h_early_blight_accuracy,act_48h_early_blight_loss,act_48h_late_blight_accuracy,act_48h_late_blight_loss,act_48h_leaf_mold_accuracy,act_48h_leaf_mold_loss,act_48h_powdery_mildew_accuracy,act_48h_powdery_mildew_loss,act_48h_spider_mites_accuracy,act_48h_spider_mites_loss,dlt_24h_early_blight_loss,dlt_24h_early_blight_mae,dlt_24h_late_blight_loss,dlt_24h_late_blight_mae,dlt_24h_leaf_mold_loss,dlt_24h_leaf_mold_mae,dlt_24h_powdery_mildew_loss,dlt_24h_powdery_mildew_mae,dlt_24h_spider_mites_loss,dlt_24h_spider_mites_mae,dlt_48h_early_blight_loss,dlt_48h_early_blight_mae,dlt_48h_late_blight_loss,dlt_48h_late_blight_mae,dlt_48h_leaf_mold_loss,dlt_48h_leaf_mold_mae,dlt_48h_powdery_mildew_loss,dlt_48h_powdery_mildew_mae,dlt_48h_spider_mites_loss,dlt_48h_spider_mites_mae,inf_24h_early_blight_loss,inf_24h_early_blight_mae,inf_24h_late_blight_loss,inf_24h_late_blight_mae,inf_24h_leaf_mold_loss,inf_24h_leaf_mold_mae,inf_24h_powdery_mildew_loss,inf_24h_powdery_mildew_mae,inf_24h_spider_mites_loss,inf_24h_spider_mites_mae,inf_48h_early_blight_loss,inf_48h_early_blight_mae,inf_48h_late_blight_loss,inf_48h_late_blight_mae,inf_48h_leaf_mold_loss,inf_48h_leaf_mold_mae,inf_48h_powdery_mildew_loss,inf_48h_powdery_mildew_mae,inf_48h_spider_mites_loss,inf_48h_spider_mites_mae,learning_rate,loss,val_act_24h_early_blight_accuracy,val_act_24h_early_blight_loss,val_act_24h_late_blight_accuracy,val_act_24h_late_blight_loss,val_act_24h_leaf_mold_accuracy,val_act_24h_leaf_mold_loss,val_act_24h_powdery_mildew_accuracy,val_act_24h_powdery_mildew_loss,val_act_24h_spider_mites_accuracy,val_act_24h_spider_mites_loss,val_act_48h_early_blight_accuracy,val_act_48h_early_blight_loss,val_act_48h_late_blight_accuracy,val_act_48h_late_blight_loss,val_act_48h_leaf_mold_accuracy,val_act_48h_leaf_mold_loss,val_act_48h_powdery_mildew_accuracy,val_act_48h_powdery_mildew_loss,val_act_48h_spider_mites_accuracy,val_act_48h_spider_mites_loss,val_dlt_24h_early_blight_loss,val_dlt_24h_early_blight_mae,val_dlt_24h_late_blight_loss,val_dlt_24h_late_blight_mae,val_dlt_24h_leaf_mold_loss,val_dlt_24h_leaf_mold_mae,val_dlt_24h_powdery_mildew_loss,val_dlt_24h_powdery_mildew_mae,val_dlt_24h_spider_mites_loss,val_dlt_24h_spider_mites_mae,val_dlt_48h_early_blight_loss,val_dlt_48h_early_blight_mae,val_dlt_48h_late_blight_loss,val_dlt_48h_late_blight_mae,val_dlt_48h_leaf_mold_loss,val_dlt_48h_leaf_mold_mae,val_dlt_48h_powdery_mildew_loss,val_dlt_48h_powdery_mildew_mae,val_dlt_48h_spider_mites_loss,val_dlt_48h_spider_mites_mae,val_inf_24h_early_blight_loss,val_inf_24h_early_blight_mae,val_inf_24h_late_blight_loss,val_inf_24h_late_blight_mae,val_inf_24h_leaf_mold_loss,val_inf_24h_leaf_mold_mae,val_inf_24h_powdery_mildew_loss,val_inf_24h_powdery_mildew_mae,val_inf_24h_spider_mites_loss,val_inf_24h_spider_mites_mae,val_inf_48h_early_blight_loss,val_inf_48h_early_blight_mae,val_inf_48h_late_blight_loss,val_inf_48h_late_blight_mae,val_inf_48h_leaf_mold_loss,val_inf_48h_leaf_mold_mae,val_inf_48h_powdery_mildew_loss,val_inf_48h_powdery_mildew_mae,val_inf_48h_spider_mites_loss,val_inf_48h_spider_mites_mae,val_loss
0,0.5036536455154419,0.8584084510803223,0.5981001257896423,0.6851450800895691,0.40920716524124146,1.0763230323791504,0.5937157273292542,0.7397022247314453,0.5560833215713501,0.7008576393127441,0.5515162348747253,0.7358980774879456,0.4862988591194153,0.837498664855957,0.5537084341049194,0.8543455600738525,0.5458531379699707,0.7213885188102722,0.5473145842552185,0.8185627460479736,1.7516505718231201,0.7626056671142578,0.8857495784759521,0.5671621561050415,1.2459982633590698,0.6263603568077087,3.298811674118042,1.205792784690857,1.6321492195129395,0.716788113117218,4.314357280731201,1.142542839050293,1.5271174907684326,0.7294957637786865,3.0588860511779785,0.9695249795913696,4.006048679351807,1.0853285789489746,4.687150478363037,1.1977421045303345,0.11812920868396759,0.2878299951553345,0.07774176448583603,0.23308530449867249,0.09649795293807983,0.2618904411792755,0.23810379207134247,0.45031458139419556,0.21506576240062714,0.4280721843242645,0.1855921894311905,0.3920566737651825,0.10750006884336472,0.27935919165611267,0.06047634035348892,0.19179558753967285,0.16140133142471313,0.36424198746681213,0.18413832783699036,0.39240819215774536,0.0005000000237487257,120.41975402832031,0.7959892153739929,0.6330806612968445,0.6509833931922913,0.6662271022796631,0.5295025110244751,0.6927863359451294,0.7204011082649231,0.6468214392662048,0.7851908802986145,0.6012164354324341,0.7254145741462708,0.6757864952087402,0.6424990296363831,0.679083526134491,0.6764365434646606,0.6318508386611938,0.4454300105571747,0.7075865864753723,0.6864635348320007,0.6614777445793152,0.27810385823249817,0.20529015362262726,0.6184986233711243,0.2957371175289154,0.37975504994392395,0.25701797008514404,1.076413869857788,0.39747482538223267,0.4445822834968567,0.23882780969142914,0.893959105014801,0.3621591627597809,1.5589008331298828,0.5411694049835205,1.0496561527252197,0.42116183042526245,2.4004547595977783,0.5914806723594666,1.2914226055145264,0.5262946486473083,0.11364443600177765,0.31702128052711487,0.04990047216415405,0.2135622650384903,0.09677662700414658,0.29082849621772766,0.15868239104747772,0.3761436939239502,0.16949011385440826,0.3912939429283142,0.1531108021736145,0.3727826178073883,0.07105809450149536,0.24964410066604614,0.07976839691400528,0.26057180762290955,0.13701914250850677,0.34744754433631897,0.16513259708881378,0.3853752613067627,57.93527603149414
1,0.6081476211547852,0.6812217235565186,0.6465107798576355,0.6623315215110779,0.6149068474769592,0.7189298868179321,0.5805626511573792,0.6898480653762817,0.603763222694397,0.6799173951148987,0.594629168510437,0.6932873725891113,0.6024844646453857,0.6926164031028748,0.6905370950698853,0.6456788778305054,0.5904274582862854,0.6848246455192566,0.5759956240653992,0.7247214317321777,1.368239402770996,0.559878408908844,0.5359843969345093,0.37919244170188904,0.8834373354911804,0.41334429383277893,1.452290654182434,0.6691510677337646,1.3560184240341187,0.5729196071624756,3.598395824432373,0.8796508312225342,1.1836384534835815,0.5538728833198547,2.374528408050537,0.6840998530387878,3.4103710651397705,0.8537114858627319,3.775355339050293,0.9330030679702759,0.11535031348466873,0.29134538769721985,0.05927516520023346,0.19519609212875366,0.07981903105974197,0.24124784767627716,0.16329869627952576,0.37670809030532837,0.15015213191509247,0.35638007521629333,0.13750997185707092,0.3404710590839386,0.06859298050403595,0.21569666266441345,0.06208322197198868,0.20163865387439728,0.13538813591003418,0.3370820879936218,0.14473648369312286,0.3489972949028015,0.0005000000237487257,93.43690490722656,0.7956035733222961,0.6095713376998901,0.6517547369003296,0.6609964966773987,0.746625542640686,0.6168010234832764,0.7026610374450684,0.6550451517105103,0.7909756898880005,0.6089620590209961,0.7932896018028259,0.6455850005149841,0.6517547369003296,0.6638513207435608,0.7743926048278809,0.5817594528198242,0.7304280996322632,0.669329047203064,0.7389124631881714,0.6429802179336548,0.27326294779777527,0.19340288639068604,0.6178386211395264,0.28358253836631775,0.37191900610923767,0.25298428535461426,1.1397252082824707,0.4631914496421814,0.4372349977493286,0.22883537411689758,0.8774896860122681,0.3303113281726837,1.5537467002868652,0.5197306871414185,1.058893084526062,0.41650164127349854,2.254157066345215,0.5506131649017334,1.2776126861572266,0.49830642342567444,0.08348430693149567,0.2702384293079376,0.034763023257255554,0.18098419904708862,0.07840250432491302,0.2615927457809448,0.10533787310123444,0.3046865165233612,0.14361540973186493,0.35779616236686707,0.12539249658584595,0.3337348997592926,0.04108954593539238,0.19604381918907166,0.06985203176736832,0.24538418650627136,0.1064143106341362,0.30664458870887756,0.13450360298156738,0.34516075253486633,56.108192443847656
2,0.6258677244186401,0.6616822481155396,0.658933162689209,0.6508013606071472,0.6976616978645325,0.6412016749382019,0.6180124282836914,0.6716335415840149,0.6260504126548767,0.6592339873313904,0.6108878254890442,0.6783071160316467,0.6300694346427917,0.6663750410079956,0.7349287271499634,0.6116403937339783,0.6198392510414124,0.6734292507171631,0.6061381101608276,0.6852147579193115,1.324550747871399,0.5131306648254395,0.48857423663139343,0.32481569051742554,0.830198347568512,0.34740814566612244,1.3277840614318848,0.584147036075592,1.2971384525299072,0.5231936573982239,3.5568978786468506,0.8210203051567078,1.1332449913024902,0.49609455466270447,2.2637338638305664,0.6011887788772583,3.2640275955200195,0.7834887504577637,3.665722608566284,0.8564466238021851,0.10211855173110962,0.26924896240234375,0.050773076713085175,0.17637798190116882,0.0664534941315651,0.21833115816116333,0.13416451215744019,0.3364473581314087,0.13014811277389526,0.32446327805519104,0.11897223442792892,0.31226611137390137,0.05382339656352997,0.1854688972234726,0.051900751888751984,0.18616946041584015,0.12261242419481277,0.31504184007644653,0.1328810751438141,0.3282758593559265,0.0005000000237487257,89.46968841552734,0.7956035733222961,0.5952744483947754,0.6517547369003296,0.6559581160545349,0.7682221531867981,0.5921412706375122,0.7211723923683167,0.6503729224205017,0.7909756898880005,0.6005507111549377,0.7956035733222961,0.6226116418838501,0.6517547369003296,0.6550434827804565,0.7682221531867981,0.5676522254943848,0.7304280996322632,0.6419896483421326,0.7832626104354858,0.6251711249351501,0.27392908930778503,0.19692730903625488,0.6201392412185669,0.2803058624267578,0.37044796347618103,0.24134957790374756,1.1283599138259888,0.45843958854675293,0.4373500943183899,0.22335974872112274,0.8734243512153625,0.3166354298591614,1.551571011543274,0.5097134709358215,1.0620635747909546,0.41809746623039246,2.2462289333343506,0.5374534726142883,1.2655839920043945,0.47198864817619324,0.053016889840364456,0.21876384317874908,0.022904839366674423,0.14133253693580627,0.06357748806476593,0.23818597197532654,0.07576481997966766,0.25943392515182495,0.11572502553462982,0.3199196457862854,0.0967283844947815,0.2908830940723419,0.024201465770602226,0.14757265150547028,0.05566290393471718,0.2230738252401352,0.08239341527223587,0.27118900418281555,0.10972069948911667,0.31066304445266724,55.00674819946289
3,0.637194037437439,0.6548357009887695,0.6642308831214905,0.6429737210273743,0.7340153455734253,0.6003772616386414,0.6276945471763611,0.6734722852706909,0.6302521228790283,0.6654336452484131,0.6198392510414124,0.6717157363891602,0.657654345035553,0.6468905210494995,0.7557544708251953,0.5817310214042664,0.6308001279830933,0.6628732681274414,0.6194738745689392,0.6758854389190674,1.3147821426391602,0.49906450510025024,0.4695587754249573,0.3018700182437897,0.8130565881729126,0.3202204406261444,1.2340632677078247,0.5368170738220215,1.2764840126037598,0.500544548034668,3.527109384536743,0.7892651557922363,1.1108474731445312,0.46225568652153015,2.224518060684204,0.5592818260192871,3.265402317047119,0.7579525709152222,3.606206178665161,0.822252094745636,0.09515376389026642,0.25185033679008484,0.03936834633350372,0.1496157944202423,0.05131734907627106,0.18832962214946747,0.11934978514909744,0.3099720776081085,0.1185431107878685,0.30195650458335876,0.10852398723363876,0.2924913763999939,0.040333326905965805,0.15446260571479797,0.03855428844690323,0.15756861865520477,0.11249309033155441,0.293761670589447,0.12415467202663422,0.3109661638736725,0.0005000000237487257,87.73788452148438,0.7956035733222961,0.5784586071968079,0.6517547369003296,0.6513704061508179,0.7682221531867981,0.5671921968460083,0.7211723923683167,0.6417586803436279,0.7909756898880005,0.5842899680137634,0.7956035733222961,0.5998764634132385,0.6517547369003296,0.648277997970581,0.7682221531867981,0.547946572303772,0.7304280996322632,0.6302148103713989,0.7909756898880005,0.6039360165596008,0.27383947372436523,0.19376733899116516,0.6219332218170166,0.2782920002937317,0.3739621937274933,0.2340860366821289,1.1140855550765991,0.4397994577884674,0.4351961612701416,0.22526130080223083,0.8722150921821594,0.3138098120689392,1.5438034534454346,0.4842143654823303,1.0686558485031128,0.4130876660346985,2.238898754119873,0.5391526818275452,1.2627243995666504,0.4762476980686188,0.031671617180109024,0.17208144068717957,0.018617378547787666,0.11603035032749176,0.043929267674684525,0.20152094960212708,0.057224124670028687,0.22655348479747772,0.0891781747341156,0.2823322117328644,0.06796495616436005,0.24653753638267517,0.01888757012784481,0.1199226900935173,0.03781547397375107,0.18752187490463257,0.06181569769978523,0.23695509135723114,0.08860112726688385,0.2807261347770691,54.0072135925293
4,0.6434051990509033,0.6435016393661499,0.664413571357727,0.6305904984474182,0.7605041861534119,0.5751872658729553,0.6276945471763611,0.6606995463371277,0.628607988357544,0.6583104729652405,0.6256850361824036,0.6596887707710266,0.6677018404006958,0.6296231746673584,0.7687248587608337,0.5707681179046631,0.6289733052253723,0.6578115820884705,0.6360979080200195,0.6627853512763977,1.3135346174240112,0.4866315722465515,0.46654465794563293,0.2903372645378113,0.8055764436721802,0.3033151626586914,1.2360717058181763,0.5174471139907837,1.2597670555114746,0.48600709438323975,3.499709129333496,0.7681123614311218,1.0998889207839966,0.44527241587638855,2.1868278980255127,0.5323648452758789,3.2255918979644775,0.7490875124931335,3.582930088043213,0.7994845509529114,0.08937260508537292,0.23528771102428436,0.030082572251558304,0.12671887874603271,0.04000137373805046,0.16144737601280212,0.10938993096351624,0.29074257612228394,0.11196234077215195,0.2871559262275696,0.09940410405397415,0.2750086784362793,0.030272843316197395,0.129458948969841,0.028855791315436363,0.13144253194332123,0.1048612892627716,0.2769717276096344,0.11740242689847946,0.296568363904953,0.0005000000237487257,86.55448913574219,0.7956035733222961,0.5584491491317749,0.6517547369003296,0.6453173160552979,0.7682221531867981,0.5546098947525024,0.7211723923683167,0.628268837928772,0.7909756898880005,0.5776168704032898,0.7956035733222961,0.5775970220565796,0.6517547369003296,0.6418406367301941,0.7682221531867981,0.5421327352523804,0.7304280996322632,0.6168427467346191,0.7909756898880005,0.5910681486129761,0.2750260531902313,0.19117282330989838,0.6225146651268005,0.2761835753917694,0.3723949193954468,0.2226635068655014,1.1005688905715942,0.43435344099998474,0.43522128462791443,0.2232947051525116,0.8716002106666565,0.30777695775032043,1.5425711870193481,0.48207831382751465,1.0657988786697388,0.40025830268859863,2.2344539165496826,0.5250891447067261,1.2585488557815552,0.4639335572719574,0.022260133177042007,0.14360564947128296,0.017541131004691124,0.09894876927137375,0.03381254896521568,0.17801892757415771,0.041693609207868576,0.19413121044635773,0.0690787062048912,0.2518671452999115,0.05068408325314522,0.21529504656791687,0.017545778304338455,0.10361107438802719,0.02735229767858982,0.1590188443660736,0.04462207108736038,0.20318862795829773,0.07326915115118027,0.2576195001602173,53.26017761230469
5,0.6673365235328674,0.616940438747406,0.6649616360664368,0.6247714757919312,0.7679941654205322,0.5545174479484558,0.6276945471763611,0.6561882495880127,0.6329923272132874,0.6494541764259338,0.6280599236488342,0.6568315625190735,0.6751918196678162,0.6160832643508911,0.7703689932823181,0.5523996353149414,0.6302521228790283,0.6544328331947327,0.6404823064804077,0.6513786315917969,1.3014607429504395,0.48207956552505493,0.4577849507331848,0.2801613211631775,0.8066365122795105,0.28771713376045227,1.212235927581787,0.5046476721763611,1.2602462768554688,0.48211485147476196,3.4430806636810303,0.7590020895004272,1.0949046611785889,0.43988534808158875,2.1683480739593506,0.5086408257484436,3.252772808074951,0.7454712390899658,3.5631465911865234,0.7888282537460327,0.08735322207212448,0.22600698471069336,0.02504369243979454,0.1135518029332161,0.03185804560780525,0.1393125206232071,0.10035201907157898,0.27016565203666687,0.10390955209732056,0.27084094285964966,0.09264861792325974,0.26095840334892273,0.024599352851510048,0.11476726830005646,0.023165175691246986,0.11121499538421631,0.09690321236848831,0.2581496238708496,0.11122843623161316,0.282898873090744,0.0005000000237487257,85.62989807128906,0.7956035733222961,0.5341809988021851,0.6517547369003296,0.6382851004600525,0.7682221531867981,0.5421103239059448,0.7211723923683167,0.6172980070114136,0.7909756898880005,0.5710235834121704,0.7956035733222961,0.5569243431091309,0.6517547369003296,0.6372102499008179,0.7682221531867981,0.5331441760063171,0.7304280996322632,0.6082468032836914,0.7909756898880005,0.5800285935401917,0.2745012044906616,0.17829816043376923,0.6236093640327454,0.2755604386329651,0.3718687891960144,0.21681709587574005,1.089569330215454,0.41618812084198,0.4383813738822937,0.22434908151626587,0.8751328587532043,0.3157581686973572,1.5405882596969604,0.4698972702026367,1.0661150217056274,0.3949773609638214,2.232469081878662,0.526907742023468,1.2567044496536255,0.45446810126304626,0.01701805740594864,0.12160418182611465,0.017697937786579132,0.08727113157510757,0.027207523584365845,0.15922418236732483,0.03161059319972992,0.17021077871322632,0.05592551454901695,0.22904227674007416,0.03707338497042656,0.1859579086303711,0.017400439828634262,0.09225855022668839,0.021614275872707367,0.13644710183143616,0.03349485620856285,0.17732340097427368,0.06325012445449829,0.24129317700862885,52.6860466003418
6,0.6921812295913696,0.5967950224876404,0.6713554859161377,0.6010502576828003,0.7701863646507263,0.5455313324928284,0.6282426118850708,0.6494402289390564,0.6466934680938721,0.6410426497459412,0.6346364617347717,0.6453653573989868,0.6828644275665283,0.5922388434410095,0.7709170579910278,0.543073832988739,0.6311655044555664,0.6491444706916809,0.653087317943573,0.6414853930473328,1.2952020168304443,0.4828573167324066,0.4577685296535492,0.2750159800052643,0.7881577610969543,0.27829238772392273,1.2130348682403564,0.4967150390148163,1.2483553886413574,0.4800143241882324,3.3913729190826416,0.7708389163017273,1.0926926136016846,0.43119969964027405,2.1639010906219482,0.5002222657203674,3.23655104637146,0.7381256818771362,3.505234718322754,0.7831341624259949,0.08480431139469147,0.21679580211639404,0.020707370713353157,0.1005089208483696,0.02711690217256546,0.12559102475643158,0.09464152902364731,0.2559972107410431,0.09992149472236633,0.259029746055603,0.08753731101751328,0.24695007503032684,0.020276373252272606,0.10106158256530762,0.020174408331513405,0.09866216778755188,0.09279903024435043,0.2458169162273407,0.10632267594337463,0.26896971464157104,0.0005000000237487257,84.54474639892578,0.7956035733222961,0.5122247934341431,0.6517547369003296,0.6242919564247131,0.7682221531867981,0.529444694519043,0.7211723923683167,0.6062837839126587,0.7909756898880005,0.5608463287353516,0.7956035733222961,0.5353844165802002,0.6517547369003296,0.6290087699890137,0.7682221531867981,0.5210813879966736,0.7304280996322632,0.5992246866226196,0.7909756898880005,0.5692154765129089,0.27485722303390503,0.17743127048015594,0.6243799924850464,0.2755596339702606,0.3732282817363739,0.21821217238903046,1.0864202976226807,0.4220244586467743,0.4418429732322693,0.22286701202392578,0.8769693970680237,0.342515230178833,1.5397021770477295,0.46060433983802795,1.0607956647872925,0.395181804895401,2.222928524017334,0.5195221900939941,1.2547119855880737,0.45042839646339417,0.014168892055749893,0.1035747304558754,0.018434971570968628,0.07638920098543167,0.021020950749516487,0.135832279920578,0.021886764094233513,0.14078578352928162,0.04425894469022751,0.20540863275527954,0.02676430530846119,0.158436119556427,0.017857680097222328,0.0803021788597107,0.018067460507154465,0.11316200345754623,0.024189159274101257,0.15034952759742737,0.051481328904628754,0.21961882710456848,52.07986831665039
7,0.7117281556129456,0.5740293860435486,0.6832298040390015,0.5777690410614014,0.7718304991722107,0.5294995307922363,0.6300694346427917,0.6351374983787537,0.6658750176429749,0.6257961988449097,0.6592984795570374,0.6180704236030579,0.7086225748062134,0.5697798132896423,0.7716478109359741,0.5278103351593018,0.6324442625045776,0.6351398229598999,0.6708074808120728,0.6237022876739502,1.2908258438110352,0.4847783148288727,0.45530006289482117,0.27189183235168457,0.7935560345649719,0.27362462878227234,1.2091673612594604,0.49326518177986145,1.2492092847824097,0.47573214769363403,3.36645245552063,0.7827787399291992,1.0872929096221924,0.42730337381362915,2.156939744949341,0.49171823263168335,3.2106049060821533,0.733802855014801,3.4859845638275146,0.7863646149635315,0.07985194027423859,0.2060796022415161,0.018410485237836838,0.09191007167100906,0.023700211197137833,0.1136699840426445,0.08813552558422089,0.2404671609401703,0.09528335928916931,0.24801452457904816,0.08171524852514267,0.23152580857276917,0.01764492131769657,0.0915297120809555,0.018392276018857956,0.08887005597352982,0.08753308653831482,0.23374155163764954,0.10393661260604858,0.2587852478027344,0.0005000000237487257,83.57707977294922,0.7956035733222961,0.4933789074420929,0.6517547369003296,0.6085236668586731,0.7682221531867981,0.5256737470626831,0.7211723923683167,0.5843856930732727,0.7909756898880005,0.5442043542861938,0.7956035733222961,0.5103273391723633,0.6517547369003296,0.6134493350982666,0.7682221531867981,0.521362841129303,0.7304280996322632,0.5822368264198303,0.7909756898880005,0.5503868460655212,0.27515965700149536,0.18911540508270264,0.6274373531341553,0.2761979103088379,0.3728869557380676,0.21657603979110718,1.0998473167419434,0.4585144519805908,0.444909006357193,0.24479560554027557,0.8844784498214722,0.37768223881721497,1.534566044807434,0.46146175265312195,1.0588560104370117,0.3988918364048004,2.2237510681152344,0.5103644728660583,1.2693748474121094,0.4873501658439636,0.012219556607306004,0.08648848533630371,0.018861178308725357,0.07027270644903183,0.019450681284070015,0.12604428827762604,0.015444938093423843,0.10993308573961258,0.030704908072948456,0.17065586149692535,0.01820298284292221,0.12930601835250854,0.018347304314374924,0.07325932383537292,0.017566831782460213,0.10345804691314697,0.017070749774575233,0.1198752373456955,0.034982070326805115,0.1820300966501236,51.6047477722168
8,0.7394958138465881,0.5450020432472229,0.7257946729660034,0.5319309830665588,0.7727438807487488,0.5231242179870605,0.644501268863678,0.6177889108657837,0.7022287249565125,0.5973021984100342,0.7274388074874878,0.5762038826942444,0.7484471797943115,0.5261456966400146,0.7716478109359741,0.5238428711891174,0.635915219783783,0.6194543838500977,0.70880526304245,0.5920054316520691,1.2836815118789673,0.4816246032714844,0.45492023229599,0.27199429273605347,0.7809333205223083,0.26919981837272644,1.2201632261276245,0.49671173095703125,1.2242475748062134,0.48315921425819397,3.233372449874878,0.7937634587287903,1.0933371782302856,0.4296445846557617,2.112771987915039,0.4871588349342346,3.2005820274353027,0.7414329648017883,3.448448657989502,0.8041360378265381,0.0758328065276146,0.19695821404457092,0.015750229358673096,0.08289569616317749,0.022130606696009636,0.10695436596870422,0.08110654354095459,0.22222360968589783,0.08547451347112656,0.228371724486351,0.07703636586666107,0.21775802969932556,0.015046403743326664,0.08193294703960419,0.017724186182022095,0.08346458524465561,0.08006823807954788,0.2161663919687271,0.09487420320510864,0.24171750247478485,0.0005000000237487257,81.7800064086914,0.7956035733222961,0.4773120582103729,0.6521403789520264,0.5876525640487671,0.7682221531867981,0.5235788822174072,0.7227150201797485,0.5637668371200562,0.7909756898880005,0.5324373841285706,0.7956035733222961,0.48699045181274414,0.6552256345748901,0.5930885672569275,0.7682221531867981,0.5234998464584351,0.7304280996322632,0.564022958278656,0.7909756898880005,0.5314006805419922,0.2757346034049988,0.1990818977355957,0.6298588514328003,0.2783254086971283,0.3725060522556305,0.2182416170835495,1.1245181560516357,0.4960446059703827,0.4481213390827179,0.25303083658218384,0.8944072723388672,0.40452608466148376,1.5286591053009033,0.4621649384498596,1.0533506870269775,0.407084584236145,2.222163438796997,0.5169268250465393,1.2957770824432373,0.5382699370384216,0.010379413142800331,0.07548145949840546,0.019213303923606873,0.06647441536188126,0.01944049820303917,0.11970612406730652,0.013158607296645641,0.08477704972028732,0.019728796556591988,0.12754608690738678,0.013777036219835281,0.11061907559633255,0.019010502845048904,0.06871742010116577,0.017979420721530914,0.09742419421672821,0.013902063481509686,0.0941304937005043,0.02266848459839821,0.14234498143196106,51.261207580566406
9,0.7670807242393494,0.5065023899078369,0.7895506024360657,0.485506147146225,0.7698209881782532,0.5101842880249023,0.6792108416557312,0.5898352265357971,0.7314578294754028,0.5667262673377991,0.7703689932823181,0.5291382074356079,0.7937523126602173,0.4790852963924408,0.7732919454574585,0.5111005306243896,0.6899890303611755,0.5901138186454773,0.7374863028526306,0.5651017427444458,1.2277544736862183,0.4870944321155548,0.4600381851196289,0.27740389108657837,0.7755386829376221,0.27289894223213196,1.204062581062317,0.4977497160434723,1.2334538698196411,0.4858083128929138,3.1107871532440186,0.8054082989692688,1.0904531478881836,0.4316371977329254,2.0853545665740967,0.49673277139663696,3.20063853263855,0.7526894807815552,3.3840792179107666,0.8040688037872314,0.06944525986909866,0.18347302079200745,0.01459099818021059,0.07739723473787308,0.020052827894687653,0.09551900625228882,0.07405725121498108,0.2046673595905304,0.07668185234069824,0.21224503219127655,0.07023072242736816,0.2006067931652069,0.014134101569652557,0.0767299085855484,0.017174752429127693,0.07572021335363388,0.07252476364374161,0.20011937618255615,0.08209920674562454,0.2230747789144516,0.0005000000237487257,79.70769500732422,0.7956035733222961,0.4734326899051666,0.7462399005889893,0.5344265699386597,0.7682221531867981,0.5103113651275635,0.73081374168396,0.545074462890625,0.7909756898880005,0.5314578413963318,0.7956035733222961,0.4783846437931061,0.7462399005889893,0.543557345867157,0.7682221531867981,0.5122857689857483,0.7389124631881714,0.5392019748687744,0.7909756898880005,0.5285477042198181,0.27738577127456665,0.2006334364414215,0.6195282340049744,0.28011295199394226,0.37718021869659424,0.22648896276950836,1.1293410062789917,0.5082218050956726,0.44445717334747314,0.244624063372612,0.903476893901825,0.3979399800300598,1.5196349620819092,0.4649980068206787,1.051724910736084,0.4226361811161041,2.2137770652770996,0.5283029079437256,1.2917516231536865,0.5377939939498901,0.010122304782271385,0.07065528631210327,0.018942615017294884,0.06379050761461258,0.01719818450510502,0.09806915372610092,0.012643923982977867,0.06910715997219086,0.018165182322263718,0.1172727644443512,0.012029802426695824,0.1001296415925026,0.019083216786384583,0.06560244411230087,0.017934974282979965,0.08338700234889984,0.012964470311999321,0.07816703617572784,0.020179318264126778,0.1300973892211914,50.618648529052734
10,0.7767629027366638,0.4933101236820221,0.8315674066543579,0.4254840314388275,0.7782243490219116,0.4978778064250946,0.70423823595047,0.5487647652626038,0.7553890943527222,0.5344099402427673,0.7789550423622131,0.5115298628807068,0.825173556804657,0.4215050935745239,0.7776762843132019,0.5009418725967407,0.7243332266807556,0.5517970323562622,0.756302535533905,0.5358446836471558,1.2187390327453613,0.4907182455062866,0.4532352387905121,0.2779999375343323,0.7638946771621704,0.27451539039611816,1.2048988342285156,0.4970187246799469,1.212509274482727,0.4833316206932068,3.066234588623047,0.8072571158409119,1.0689468383789062,0.4278450310230255,2.0404515266418457,0.4927480220794678,3.1731209754943848,0.7669357657432556,3.3577680587768555,0.8060365915298462,0.0653107613325119,0.17810840904712677,0.013841796666383743,0.07268725335597992,0.019962383434176445,0.09119442105293274,0.0659371018409729,0.18676170706748962,0.06764713674783707,0.19302815198898315,0.06766138225793839,0.19340819120407104,0.01351541094481945,0.072474405169487,0.017378855496644974,0.07276298105716705,0.06294261664152145,0.18141457438468933,0.07350191473960876,0.20309334993362427,0.0005000000237487257,77.91683197021484,0.7956035733222961,0.4742520749568939,0.8133436441421509,0.4587036967277527,0.7682221531867981,0.49649015069007874,0.7389124631881714,0.5256319046020508,0.7909756898880005,0.5115399956703186,0.7956035733222961,0.4782305657863617,0.8071731328964233,0.4874465763568878,0.7682221531867981,0.5010899305343628,0.7477824687957764,0.5170273780822754,0.7909756898880005,0.5181987881660461,0.2797496020793915,0.20831871032714844,0.5938741564750671,0.2862657904624939,0.3775376081466675,0.2320295125246048,1.1075032949447632,0.49810388684272766,0.44257107377052307,0.22328349947929382,0.9136164784431458,0.40800046920776367,1.4337818622589111,0.4839797019958496,1.0701545476913452,0.4620741307735443,2.198209524154663,0.5416153073310852,1.2617052793502808,0.49773550033569336,0.009617497213184834,0.06860271841287613,0.018988829106092453,0.06269554793834686,0.017683863639831543,0.08728940784931183,0.01192729827016592,0.058854106813669205,0.017590919509530067,0.12007006257772446,0.011247942224144936,0.09523036330938339,0.019939538091421127,0.06486804783344269,0.01823526993393898,0.07725484669208527,0.0124384555965662,0.06721226125955582,0.01919829100370407,0.1280839890241623,49.390159606933594
11,0.8089148998260498,0.452482670545578,0.8717573881149292,0.3560999929904938,0.7853489518165588,0.4910446107387543,0.7407745718955994,0.5219161510467529,0.7824259996414185,0.5018364191055298,0.8085495233535767,0.46148309111595154,0.865911602973938,0.3603326678276062,0.7848008871078491,0.49213871359825134,0.7453415989875793,0.5253161191940308,0.7795031070709229,0.5046842694282532,1.1861507892608643,0.49564820528030396,0.4589459300041199,0.2806747853755951,0.6971157193183899,0.2702234089374542,1.1847890615463257,0.4991110861301422,1.189766764640808,0.48571303486824036,2.9156768321990967,0.7969146966934204,1.080520510673523,0.43394938111305237,1.9170141220092773,0.48593246936798096,3.127814531326294,0.7688665390014648,3.281588315963745,0.8046572804450989,0.05567536875605583,0.16355563700199127,0.013120638206601143,0.06720627099275589,0.018966594710946083,0.08490658551454544,0.05770149827003479,0.170034721493721,0.058921266347169876,0.17833474278450012,0.05633765086531639,0.17289899289608002,0.012821556068956852,0.06692042201757431,0.016932658851146698,0.06916152685880661,0.05723031610250473,0.16717950999736786,0.06693390756845474,0.1880527287721634,0.0005000000237487257,74.90025329589844,0.8071731328964233,0.4262753129005432,0.8252989053726196,0.44044262170791626,0.7682221531867981,0.49082010984420776,0.7427690029144287,0.5146879553794861,0.7909756898880005,0.4898679852485657,0.8461241722106934,0.4276599586009979,0.8141149282455444,0.48435908555984497,0.7682221531867981,0.49841293692588806,0.749710738658905,0.5061490535736084,0.7909756898880005,0.4987208843231201,0.29088592529296875,0.22101853787899017,0.6037067770957947,0.294864684343338,0.3809528350830078,0.2405095398426056,1.0988520383834839,0.49774718284606934,0.4404560625553131,0.23383550345897675,0.9632679224014282,0.43799203634262085,1.4262747764587402,0.48604854941368103,1.0924288034439087,0.4611963629722595,2.164832830429077,0.546994149684906,1.2708581686019897,0.5354565382003784,0.006125814281404018,0.051179397851228714,0.01937200129032135,0.06262309104204178,0.018674297258257866,0.07566090673208237,0.013672557659447193,0.05621975660324097,0.014692248776555061,0.10235536843538284,0.007505850866436958,0.0728563517332077,0.020173795521259308,0.06416677683591843,0.01918107084929943,0.06987740844488144,0.014400682412087917,0.061794571578502655,0.01519416831433773,0.10787466168403625,48.975711822509766
12,0.8185970187187195,0.4381352961063385,0.8794300556182861,0.3269803524017334,0.7977712750434875,0.4650964140892029,0.7610522508621216,0.4909387528896332,0.7917428016662598,0.4812694489955902,0.8090975284576416,0.44963112473487854,0.8777859210968018,0.334908664226532,0.7986847162246704,0.4675937294960022,0.7595908045768738,0.49183347821235657,0.7922908067703247,0.482555091381073,1.1530942916870117,0.4971846342086792,0.46468159556388855,0.2797095477581024,0.6906341910362244,0.27078014612197876,1.1854301691055298,0.4966767132282257,1.18332040309906,0.48453760147094727,2.8042123317718506,0.7893884181976318,1.0926527976989746,0.42998120188713074,1.7620775699615479,0.47454991936683655,3.1296775341033936,0.7767356634140015,3.2255074977874756,0.796893835067749,0.04810555279254913,0.1495739370584488,0.012386196292936802,0.06393664330244064,0.018556129187345505,0.08027065545320511,0.05346772074699402,0.15781524777412415,0.05416082218289375,0.16655749082565308,0.05205065757036209,0.16083958745002747,0.012192008085548878,0.06402996182441711,0.01677640713751316,0.0662839412689209,0.054752416908741,0.15672412514686584,0.06247244402766228,0.1782519817352295,0.0005000000237487257,72.89009094238281,0.8951022028923035,0.36042270064353943,0.8403393626213074,0.4060222804546356,0.7682221531867981,0.4897133409976959,0.749710738658905,0.5119913220405579,0.7909756898880005,0.4724199175834656,0.8862321376800537,0.37563878297805786,0.8303123712539673,0.4601936340332031,0.7682221531867981,0.5008609294891357,0.7558811902999878,0.505808413028717,0.7909756898880005,0.4805835783481598,0.30905723571777344,0.24233675003051758,0.6091781854629517,0.2909470498561859,0.38183778524398804,0.24544863402843475,1.0941925048828125,0.49752479791641235,0.44117411971092224,0.22980451583862305,1.044571042060852,0.47053271532058716,1.4393835067749023,0.48403024673461914,1.1236567497253418,0.49051862955093384,2.1324079036712646,0.5542688369750977,1.28191339969635,0.5554646849632263,0.006079323589801788,0.04877316206693649,0.01917296275496483,0.061789751052856445,0.01972406730055809,0.07520116865634918,0.015453176572918892,0.057668738067150116,0.013792874291539192,0.09375664591789246,0.011851798743009567,0.07810231298208237,0.02001257799565792,0.06359461694955826,0.019590115174651146,0.07065566629171371,0.01614641398191452,0.06177579239010811,0.013911347836256027,0.0983932763338089,48.77307891845703
13,0.8286445140838623,0.4257989227771759,0.8918523788452148,0.29776400327682495,0.8036171197891235,0.46304693818092346,0.7769455313682556,0.4764416813850403,0.8030690550804138,0.4634304642677307,0.8158567547798157,0.4413188695907593,0.8860065937042236,0.31850534677505493,0.7990500330924988,0.4674466848373413,0.77402263879776,0.4784027934074402,0.8027036786079407,0.4674358665943146,1.1598501205444336,0.4904518127441406,0.45566123723983765,0.2746029198169708,0.6561829447746277,0.26813650131225586,1.1726579666137695,0.49536043405532837,1.151451826095581,0.49443086981773376,2.8097784519195557,0.7870549559593201,1.0574629306793213,0.4205384850502014,1.7303301095962524,0.47028976678848267,3.096250057220459,0.7776038646697998,3.166579008102417,0.8054312467575073,0.04482010751962662,0.14029918611049652,0.011880423873662949,0.061007559299468994,0.01813364028930664,0.07859230041503906,0.04833228886127472,0.14516951143741608,0.050570953637361526,0.15477995574474335,0.050034333020448685,0.15351787209510803,0.011644747108221054,0.06078873947262764,0.016350165009498596,0.06559786945581436,0.05121094733476639,0.14708451926708221,0.05967335402965546,0.16687892377376556,0.0005000000237487257,71.61174774169922,0.9220979809761047,0.315289169549942,0.8542228937149048,0.3749740421772003,0.7682221531867981,0.48045414686203003,0.7508677244186401,0.5271179676055908,0.7909756898880005,0.4546831548213959,0.9082144498825073,0.34328988194465637,0.842267632484436,0.43809574842453003,0.7682221531867981,0.4896593391895294,0.7558811902999878,0.5248401761054993,0.7909756898880005,0.46437886357307434,0.3153004050254822,0.23334170877933502,0.6130813360214233,0.2889614999294281,0.3828795850276947,0.2478935867547989,1.0797868967056274,0.4788877069950104,0.44209691882133484,0.23920318484306335,1.0881390571594238,0.4752925932407379,1.4395341873168945,0.4873711168766022,1.1241108179092407,0.48849087953567505,2.0833094120025635,0.5422863364219666,1.287043571472168,0.5637272596359253,0.007479684893041849,0.044995129108428955,0.01712809130549431,0.05840587243437767,0.019612561911344528,0.07494712620973587,0.018171003088355064,0.06087423115968704,0.013078396208584309,0.08823797106742859,0.014334188774228096,0.07222869992256165,0.018557950854301453,0.061414167284965515,0.01896149292588234,0.07086002081632614,0.018415752798318863,0.06341380625963211,0.012895974330604076,0.08891291171312332,48.3072624206543
14,0.8403361439704895,0.39165985584259033,0.9068322777748108,0.269558846950531,0.8090975284576416,0.4482739567756653,0.8001461625099182,0.4499056339263916,0.8122031688690186,0.4488694369792938,0.8259042501449585,0.40751972794532776,0.9028133153915405,0.28592202067375183,0.8112897276878357,0.4464590847492218,0.7983193397521973,0.451534241437912,0.8125684857368469,0.45402970910072327,1.093449592590332,0.4820447862148285,0.4555283486843109,0.26775217056274414,0.5987058281898499,0.26018959283828735,1.1701172590255737,0.4921799302101135,1.1773314476013184,0.49494677782058716,2.595867156982422,0.7665807604789734,1.0647257566452026,0.4162813425064087,1.5616801977157593,0.4532254934310913,3.0521388053894043,0.7696475386619568,3.2217535972595215,0.8074300289154053,0.038868680596351624,0.12490765750408173,0.011037714779376984,0.05761206895112991,0.017498167231678963,0.07390210032463074,0.045257434248924255,0.13649700582027435,0.04837909713387489,0.14987003803253174,0.04365302622318268,0.1375407576560974,0.0105189373716712,0.05679847672581673,0.015863528475165367,0.06292260438203812,0.049694374203681946,0.14159207046031952,0.05511849373579025,0.15982872247695923,0.0005000000237487257,69.18426513671875,0.9128422737121582,0.2989788055419922,0.8492094278335571,0.37788206338882446,0.7682221531867981,0.4618188738822937,0.7813343405723572,0.45008233189582825,0.7932896018028259,0.44446277618408203,0.8974161148071289,0.3324779272079468,0.8414963483810425,0.4381556510925293,0.7682221531867981,0.46317633986473083,0.7863478660583496,0.4512059986591339,0.7929039597511292,0.4516928791999817,0.33378034830093384,0.2336946427822113,0.6128183007240295,0.28044238686561584,0.3841805160045624,0.2600722312927246,1.0587103366851807,0.4516769051551819,0.4440465569496155,0.2329358160495758,1.1659836769104004,0.49326542019844055,1.4392560720443726,0.49167564511299133,1.1160733699798584,0.4848048985004425,2.020535945892334,0.5319220423698425,1.290344476699829,0.5714027285575867,0.008164294064044952,0.04094179347157478,0.014136722311377525,0.05384434759616852,0.018994010984897614,0.07239106297492981,0.015593748539686203,0.05576726794242859,0.012527531944215298,0.0832810327410698,0.013114936649799347,0.05934789031744003,0.015275589190423489,0.05735839530825615,0.01776457205414772,0.0683756098151207,0.01532694324851036,0.05637152120471001,0.012171626091003418,0.0833977684378624,47.57793045043945
15,0.8505663275718689,0.37928566336631775,0.8993423581123352,0.2739119231700897,0.8173182606697083,0.43608447909355164,0.8092802166938782,0.43279582262039185,0.8191450238227844,0.42851558327674866,0.8412495255470276,0.39297741651535034,0.8993423581123352,0.2862779200077057,0.8207891583442688,0.4332336485385895,0.7985020279884338,0.4477236568927765,0.8180489540100098,0.43402281403541565,1.0963988304138184,0.4782010614871979,0.45492759346961975,0.2623503804206848,0.5598899126052856,0.2566429674625397,1.15109384059906,0.49295493960380554,1.1867443323135376,0.48870348930358887,2.711799144744873,0.76551753282547,1.059633493423462,0.4129661023616791,1.4212086200714111,0.4441734254360199,3.0123777389526367,0.7795463800430298,3.1041321754455566,0.7823902368545532,0.0353904590010643,0.11689779907464981,0.010010560043156147,0.05484185367822647,0.01701226644217968,0.07238809019327164,0.04469171538949013,0.13220341503620148,0.04386100172996521,0.13820229470729828,0.04080174118280411,0.1300102174282074,0.009304748848080635,0.05348953604698181,0.01533818431198597,0.06208037585020065,0.04919369891285896,0.1381441056728363,0.05157586187124252,0.15098513662815094,0.0005000000237487257,67.9911880493164,0.8935595750808716,0.31689193844795227,0.8503663539886475,0.3760617971420288,0.7716929912567139,0.4486173093318939,0.7890474200248718,0.4329775273799896,0.7936753034591675,0.4318491220474243,0.8835325837135315,0.34302446246147156,0.8414963483810425,0.43502572178840637,0.7774778008460999,0.44629019498825073,0.7848052382469177,0.445891410112381,0.7929039597511292,0.4389832615852356,0.32562777400016785,0.21869562566280365,0.616678774356842,0.2800235152244568,0.383768767118454,0.25437965989112854,1.0844823122024536,0.4723697900772095,0.44505277276039124,0.24158190190792084,1.1108760833740234,0.46437984704971313,1.4487929344177246,0.48830559849739075,1.1206157207489014,0.4891246259212494,2.030150890350342,0.5454524159431458,1.2930538654327393,0.5777191519737244,0.007475944701582193,0.03578972443938255,0.009921220131218433,0.0465896837413311,0.01709512434899807,0.0718575268983841,0.017308322712779045,0.05861154943704605,0.012415352277457714,0.07553261518478394,0.009121383540332317,0.04595947265625,0.010841144248843193,0.05041174963116646,0.01551290974020958,0.06706894189119339,0.016667630523443222,0.05854719504714012,0.012095391750335693,0.07437317073345184,47.354976654052734
16,0.860065758228302,0.35972893238067627,0.9110339879989624,0.25522470474243164,0.8136646151542664,0.44338884949684143,0.8089148998260498,0.41785746812820435,0.8273657560348511,0.4106927812099457,0.8494701981544495,0.37760239839553833,0.9090244770050049,0.2661125659942627,0.8153087496757507,0.4403280019760132,0.8067227005958557,0.4237670302391052,0.8301059603691101,0.4123292863368988,1.07888662815094,0.4777291417121887,0.4450487792491913,0.25793924927711487,0.5521819591522217,0.25682035088539124,1.1361312866210938,0.49233293533325195,1.1227918863296509,0.49112552404403687,2.5834801197052,0.7622625827789307,1.0180500745773315,0.40559735894203186,1.3721506595611572,0.4403376877307892,2.9225449562072754,0.7673126459121704,2.916896104812622,0.7817009687423706,0.03718755766749382,0.11803165823221207,0.009282328188419342,0.05244345963001251,0.016159432008862495,0.06847023963928223,0.04346570372581482,0.1292952448129654,0.042690299451351166,0.13267335295677185,0.04236510768532753,0.13151267170906067,0.008554946631193161,0.05168852210044861,0.014567882753908634,0.05914606153964996,0.04834266006946564,0.13569805026054382,0.04983126372098923,0.14415940642356873,0.0005000000237487257,65.435546875,0.9051291942596436,0.293190598487854,0.8499807119369507,0.37554970383644104,0.7705360651016235,0.456048846244812,0.794446587562561,0.42150840163230896,0.7952178716659546,0.4086088240146637,0.8935595750808716,0.3262321650981903,0.8399537205696106,0.43703779578208923,0.7759352326393127,0.4526204764842987,0.7859622240066528,0.45665204524993896,0.7948322296142578,0.40984728932380676,0.3344232439994812,0.2170291543006897,0.6193999648094177,0.28322288393974304,0.3739917576313019,0.24363720417022705,1.0751932859420776,0.461593896150589,0.4408872127532959,0.23836375772953033,1.1347817182540894,0.4725814461708069,1.4827423095703125,0.5118849873542786,1.110674262046814,0.4839436411857605,1.9962685108184814,0.5366021394729614,1.2823059558868408,0.5686009526252747,0.0075201732106506824,0.03540482744574547,0.008599876426160336,0.044072724878787994,0.01817786507308483,0.06925899535417557,0.01925654150545597,0.06115221977233887,0.011387832462787628,0.06820621341466904,0.009940892457962036,0.04594568908214569,0.009842382743954659,0.04866096377372742,0.016656270250678062,0.06606879085302353,0.018772359937429428,0.060670968145132065,0.010751621797680855,0.06606665253639221,47.08393478393555
17,0.8565948009490967,0.35884562134742737,0.913956880569458,0.24547553062438965,0.8231640458106995,0.4265166223049164,0.8050785660743713,0.414949893951416,0.8324808478355408,0.40379342436790466,0.8505663275718689,0.36913594603538513,0.9145049452781677,0.25277969241142273,0.8286445140838623,0.4209703207015991,0.8056265711784363,0.421121209859848,0.8326634764671326,0.41398894786834717,1.0814111232757568,0.47633856534957886,0.4403132498264313,0.2535906434059143,0.5493420958518982,0.25739333033561707,1.1268303394317627,0.4925864040851593,1.0812335014343262,0.48072350025177,2.4625542163848877,0.7495238780975342,1.0140068531036377,0.4028913974761963,1.4040147066116333,0.44281908869743347,2.8871331214904785,0.7624338865280151,2.8456614017486572,0.7720429301261902,0.03328871726989746,0.11051641404628754,0.00889174360781908,0.05114687606692314,0.015118110924959183,0.06632588803768158,0.0435873307287693,0.12829890847206116,0.0422673337161541,0.12906526029109955,0.03817326948046684,0.12347360700368881,0.007805048953741789,0.04969830438494682,0.013261405751109123,0.0567929670214653,0.04831420257687569,0.13490189611911774,0.04786980524659157,0.13794632256031036,0.0005000000237487257,64.26966857910156,0.9251831769943237,0.265087366104126,0.839182436466217,0.3975018560886383,0.7909756898880005,0.4315457046031952,0.8576937913894653,0.36209172010421753,0.7994601130485535,0.3957420587539673,0.9116852879524231,0.30567413568496704,0.8349401950836182,0.4594807028770447,0.8114153742790222,0.4226043224334717,0.8349401950836182,0.38706764578819275,0.7986887693405151,0.4007084369659424,0.3492591977119446,0.22867132723331451,0.6201815605163574,0.28599750995635986,0.3780830502510071,0.24650025367736816,1.0705667734146118,0.4590384066104889,0.44544973969459534,0.2484588474035263,1.2442190647125244,0.5012860298156738,1.4884488582611084,0.5180333256721497,1.1190656423568726,0.4835279583930969,1.9961791038513184,0.533460795879364,1.2811601161956787,0.5440731644630432,0.007131973747164011,0.03512364625930786,0.007340073585510254,0.04130915552377701,0.015985770151019096,0.06613969802856445,0.017850711941719055,0.058497678488492966,0.011146517470479012,0.0666189044713974,0.012061059474945068,0.05126635357737541,0.009314720518887043,0.04747501388192177,0.014428360387682915,0.06217397376894951,0.01644277200102806,0.05628838390111923,0.010481147095561028,0.0643334612250328,46.93108367919922
18,0.8710266947746277,0.34083685278892517,0.9165144562721252,0.24248197674751282,0.8217025995254517,0.4234871566295624,0.8100109696388245,0.40904659032821655,0.8332115411758423,0.39688122272491455,0.8624406456947327,0.3582933247089386,0.9176105260848999,0.25290369987487793,0.8299232721328735,0.41291868686676025,0.8063573241233826,0.41865265369415283,0.8326634764671326,0.40159136056900024,1.0300865173339844,0.4652698040008545,0.4328218698501587,0.25485652685165405,0.5325728058815002,0.25479695200920105,1.1078782081604004,0.4859161972999573,1.0708928108215332,0.4802522659301758,2.443166732788086,0.7431492209434509,0.9978421330451965,0.40293532609939575,1.3392398357391357,0.4344816505908966,2.8268697261810303,0.7644571661949158,2.799837350845337,0.7643203735351562,0.030359195545315742,0.10399118065834045,0.00844375230371952,0.049674488604068756,0.0149230370298028,0.06329966336488724,0.041249994188547134,0.12158217281103134,0.04242414981126785,0.12684649229049683,0.03449785336852074,0.11587546765804291,0.007595637813210487,0.048799362033605576,0.013486366719007492,0.05484098941087723,0.0459887720644474,0.12901996076107025,0.04747375100851059,0.13559286296367645,0.0005000000237487257,62.93639373779297,0.9109140038490295,0.2809934914112091,0.8534516096115112,0.3514694273471832,0.814886212348938,0.4137614965438843,0.8997300267219543,0.28903546929359436,0.8152719140052795,0.36697646975517273,0.898573100566864,0.31690505146980286,0.8411107063293457,0.3992964029312134,0.8345545530319214,0.3972136080265045,0.895873486995697,0.3073093593120575,0.8125723004341125,0.3717622458934784,0.3442740738391876,0.22040364146232605,0.6255753040313721,0.28962811827659607,0.37572863698005676,0.24135854840278625,1.038059949874878,0.42080795764923096,0.44592997431755066,0.25669971108436584,1.1963298320770264,0.484294593334198,1.523903489112854,0.5419597029685974,1.1019257307052612,0.43853092193603516,2.0189671516418457,0.5707849860191345,1.2619918584823608,0.5146465301513672,0.00679778540506959,0.032851915806531906,0.005966609343886375,0.03835257515311241,0.01676439680159092,0.061007238924503326,0.015483520925045013,0.053528062999248505,0.010510933585464954,0.06437592208385468,0.009710925631225109,0.04436939209699631,0.008883167989552021,0.04751896113157272,0.015404094941914082,0.057558707892894745,0.013641392812132835,0.05016705021262169,0.009757937863469124,0.06126878038048744,45.71619415283203
19,0.8754110336303711,0.32588425278663635,0.915783703327179,0.23948460817337036,0.823346734046936,0.41503241658210754,0.8083668351173401,0.3972623348236084,0.8226159811019897,0.40638968348503113,0.8668249845504761,0.3416321575641632,0.9115820527076721,0.25827017426490784,0.8315674066543579,0.408942848443985,0.8056265711784363,0.40740153193473816,0.8262696266174316,0.40593695640563965,1.0360159873962402,0.4651167392730713,0.43184247612953186,0.24912147223949432,0.5369396805763245,0.2550065517425537,1.0686299800872803,0.47718775272369385,1.0522693395614624,0.4791552424430847,2.4596469402313232,0.7379465699195862,1.0137039422988892,0.3985399007797241,1.2233933210372925,0.4268043637275696,2.6970388889312744,0.7444376349449158,2.6616339683532715,0.7452457547187805,0.029274117201566696,0.10055041313171387,0.007949248887598515,0.04812932014465332,0.01428269874304533,0.06002200022339821,0.04350714385509491,0.1229456439614296,0.045536696910858154,0.1306641548871994,0.033527012914419174,0.11257399618625641,0.007043724413961172,0.046990007162094116,0.012586615048348904,0.0520465187728405,0.047210365533828735,0.1294429451227188,0.05018318071961403,0.13804690539836884,0.0005000000237487257,61.39163589477539,0.8947165608406067,0.2958991229534149,0.8519089818000793,0.35591697692871094,0.8461241722106934,0.38910001516342163,0.8850752115249634,0.3225252032279968,0.8013883829116821,0.37112733721733093,0.8885461091995239,0.32529011368751526,0.8403393626213074,0.4069879353046417,0.859622061252594,0.37339022755622864,0.8750482201576233,0.35216450691223145,0.7994601130485535,0.3779716491699219,0.3527218699455261,0.2232690006494522,0.6465492248535156,0.3028402328491211,0.3771187961101532,0.24938537180423737,0.9814899563789368,0.3860829174518585,0.4452879726886749,0.2501101791858673,1.215624451637268,0.4904533624649048,1.5770719051361084,0.5632246732711792,1.1146938800811768,0.46063798666000366,1.8959420919418335,0.5052506923675537,1.2678157091140747,0.49682772159576416,0.007435094099491835,0.03321851044893265,0.005461295135319233,0.03658762946724892,0.014561407268047333,0.05786459520459175,0.01677561365067959,0.05595943331718445,0.010898904874920845,0.06133170425891876,0.009012985043227673,0.041045740246772766,0.009680296294391155,0.048979442566633224,0.012888488359749317,0.0544845275580883,0.014733840711414814,0.05225415527820587,0.010319241322577,0.05837257578969002,45.730262756347656
20,0.8814395070075989,0.31456002593040466,0.913956880569458,0.2322358638048172,0.8253562450408936,0.40344950556755066,0.8127511739730835,0.3715199828147888,0.8335769176483154,0.381866991519928,0.8768724799156189,0.3243476450443268,0.9106686115264893,0.24913647770881653,0.8350383639335632,0.3986968398094177,0.8105590343475342,0.3823032081127167,0.8321154713630676,0.3903113603591919,1.016059398651123,0.4597969949245453,0.4373840093612671,0.2515893876552582,0.5229820609092712,0.24958381056785583,1.0050278902053833,0.46426212787628174,1.0154235363006592,0.46443453431129456,2.3965158462524414,0.7372360825538635,0.9810470342636108,0.40054118633270264,1.34147310256958,0.4282713234424591,2.5333645343780518,0.7191408276557922,2.653952121734619,0.7434043288230896,0.029712628573179245,0.0999031662940979,0.007147252559661865,0.04630996659398079,0.013942010700702667,0.05867030471563339,0.04277612268924713,0.12417668104171753,0.04038878530263901,0.12199649959802628,0.03223251923918724,0.10947076976299286,0.006579562555998564,0.045402832329273224,0.012842702679336071,0.05199132859706879,0.04591647535562515,0.13016977906227112,0.04447074979543686,0.1278754323720932,0.0005000000237487257,59.906131744384766,0.9186270833015442,0.24810908734798431,0.8418819904327393,0.37507742643356323,0.8407250046730042,0.3830985128879547,0.8819899559020996,0.3370688855648041,0.8094871044158936,0.3741309940814972,0.9082144498825073,0.28922387957572937,0.8384110927581787,0.4177781939506531,0.8515233397483826,0.3676595687866211,0.8611646890640259,0.37804698944091797,0.8056305646896362,0.37636658549308777,0.3511711359024048,0.21580123901367188,0.633732259273529,0.29985183477401733,0.3737308382987976,0.2607296109199524,0.9766180515289307,0.3919173777103424,0.4443165063858032,0.2430640459060669,1.2294059991836548,0.4848414361476898,1.5309077501296997,0.5567865371704102,1.0966322422027588,0.41384628415107727,1.9233372211456299,0.5197900533676147,1.2665870189666748,0.49185383319854736,0.0061464132741093636,0.03027992881834507,0.004162680823355913,0.030601678416132927,0.014766617678105831,0.05423207953572273,0.018479958176612854,0.059282150119543076,0.0107114277780056,0.06860381364822388,0.007881813682615757,0.03791982680559158,0.008875693194568157,0.04696661978960037,0.01332380622625351,0.05128391459584236,0.01483959425240755,0.052033040672540665,0.009934411384165287,0.0659235417842865,45.47926712036133
21,0.8856412172317505,0.3044545650482178,0.9117646813392639,0.23830267786979675,0.8375958800315857,0.3899792432785034,0.8215199112892151,0.3614389896392822,0.8322981595993042,0.38585788011550903,0.8766897916793823,0.32115861773490906,0.9113993644714355,0.24742276966571808,0.8491048812866211,0.378660649061203,0.8160394430160522,0.3762185573577881,0.8341249823570251,0.387131929397583,1.0159944295883179,0.4588348865509033,0.40637367963790894,0.2467164844274521,0.536607563495636,0.2525407671928406,1.0203649997711182,0.46899503469467163,0.968040943145752,0.46104493737220764,2.3731610774993896,0.7244163155555725,0.9283677935600281,0.39035454392433167,1.3065497875213623,0.41581183671951294,2.482207775115967,0.7089568376541138,2.4088134765625,0.7204353213310242,0.030735328793525696,0.10054019093513489,0.006844621151685715,0.044889599084854126,0.012844393961131573,0.05576438084244728,0.04393952339887619,0.12452512234449387,0.04306482523679733,0.12567095458507538,0.034309666603803635,0.11121302098035812,0.006289217155426741,0.04436264559626579,0.01122431643307209,0.04895574226975441,0.04582224786281586,0.12837769091129303,0.04713146761059761,0.13200165331363678,0.0005000000237487257,58.154850006103516,0.9066718220710754,0.26149553060531616,0.8484380841255188,0.3578548729419708,0.890088677406311,0.34103626012802124,0.9086000919342041,0.2701408565044403,0.8044735789299011,0.36507943272590637,0.8989587426185608,0.29765769839286804,0.8430389761924744,0.4026884138584137,0.9028152823448181,0.32485997676849365,0.9008870124816895,0.3001025915145874,0.8040879368782043,0.3671494722366333,0.35315564274787903,0.21672089397907257,0.6613302826881409,0.3116031289100647,0.37568145990371704,0.2567499279975891,1.0373797416687012,0.41313907504081726,0.4446927309036255,0.2484893798828125,1.2282801866531372,0.5052188038825989,1.6319869756698608,0.5730693936347961,1.1070319414138794,0.4302641451358795,2.0847840309143066,0.5996426939964294,1.2693828344345093,0.5043861865997314,0.006540647242218256,0.031068189069628716,0.004116622731089592,0.030132660642266273,0.010543986223638058,0.04735361039638519,0.01456812396645546,0.05212688446044922,0.010606312192976475,0.06467323750257492,0.008294212631881237,0.038847148418426514,0.00899033434689045,0.0473773293197155,0.008921898901462555,0.044014040380716324,0.009101931937038898,0.03719503805041313,0.009769542142748833,0.06211577728390694,45.95248794555664
22,0.8914870023727417,0.2988813519477844,0.9174278378486633,0.22060534358024597,0.8491048812866211,0.37201109528541565,0.8324808478355408,0.3469708263874054,0.8322981595993042,0.3780754804611206,0.8867372870445251,0.3064573407173157,0.9152356386184692,0.2352438122034073,0.8536719083786011,0.3646632432937622,0.825173556804657,0.3623931407928467,0.8343076109886169,0.38072121143341064,0.9846396446228027,0.4564683437347412,0.42476409673690796,0.2460247278213501,0.48065561056137085,0.2468012124300003,1.016581654548645,0.46187058091163635,0.9642390012741089,0.4598281979560852,2.1979289054870605,0.7052971720695496,0.9436035752296448,0.3871261179447174,1.1683813333511353,0.4042048156261444,2.4302921295166016,0.6980879902839661,2.4542336463928223,0.7214970588684082,0.02868221327662468,0.09654993563890457,0.006503175012767315,0.043846406042575836,0.012379419058561325,0.054470594972372055,0.0423581525683403,0.12191781401634216,0.04279720410704613,0.1238759458065033,0.031284481287002563,0.10526534914970398,0.00622647674754262,0.043676409870386124,0.011001619510352612,0.048340775072574615,0.04540421813726425,0.12720951437950134,0.046560440212488174,0.12995369732379913,0.0005000000237487257,56.42331314086914,0.898573100566864,0.27589109539985657,0.8565368056297302,0.3346359133720398,0.9328962564468384,0.2978300154209137,0.9166988134384155,0.2520478069782257,0.820671021938324,0.3391684591770172,0.895873486995697,0.2948322594165802,0.8445815443992615,0.37447214126586914,0.9332818984985352,0.2846267819404602,0.9163131713867188,0.2683473527431488,0.8179714679718018,0.3438780605792999,0.34727942943573,0.2149316370487213,0.6657440662384033,0.31925591826438904,0.38066545128822327,0.24835270643234253,1.0285009145736694,0.4461577236652374,0.44500279426574707,0.23727422952651978,1.2204408645629883,0.5187680125236511,1.6557707786560059,0.5911991000175476,1.1277581453323364,0.4260212481021881,2.1360673904418945,0.5933853387832642,1.258166790008545,0.47749578952789307,0.006136797834187746,0.02830461785197258,0.004112111404538155,0.02976185269653797,0.006451426073908806,0.03839060291647911,0.009571867994964123,0.04004247859120369,0.009916231036186218,0.05921310931444168,0.0071424152702093124,0.03441295772790909,0.009000107645988464,0.04775959253311157,0.00516421627253294,0.035592202097177505,0.008298158645629883,0.03658536449074745,0.00927070900797844,0.056334931403398514,45.51054382324219
23,0.8933138251304626,0.2813219726085663,0.9201680421829224,0.22078844904899597,0.8551333546638489,0.3556303083896637,0.8322981595993042,0.3497678339481354,0.842345654964447,0.360567182302475,0.8869199752807617,0.2935248017311096,0.9168797731399536,0.23496195673942566,0.8584216237068176,0.3510412275791168,0.8260869383811951,0.3585432171821594,0.8438071012496948,0.35980433225631714,0.9567365050315857,0.4477314352989197,0.41627079248428345,0.2447180449962616,0.4580080211162567,0.2399654984474182,0.9452086687088013,0.4516797661781311,0.902353048324585,0.44389966130256653,2.14363694190979,0.6951472163200378,0.9392050504684448,0.3851533830165863,1.090814232826233,0.3878408968448639,2.2986719608306885,0.6819905042648315,2.185168981552124,0.691351592540741,0.028836995363235474,0.09383054822683334,0.006130746565759182,0.04254177585244179,0.011819430626928806,0.05128755047917366,0.040984250605106354,0.12033337354660034,0.04127517342567444,0.12047089636325836,0.029668744653463364,0.10030540078878403,0.005859029479324818,0.0425051674246788,0.010515405796468258,0.04609592258930206,0.044020187109708786,0.12549163401126862,0.04378977417945862,0.12538361549377441,0.0005000000237487257,53.546722412109375,0.9147705435752869,0.24825823307037354,0.8738912343978882,0.3143913745880127,0.9240262508392334,0.29740503430366516,0.90435791015625,0.2808036804199219,0.8357115387916565,0.32675397396087646,0.9082144498825073,0.274522602558136,0.8495950698852539,0.36598724126815796,0.9263401627540588,0.2867015600204468,0.9035865664482117,0.2983659505844116,0.8310837149620056,0.3300582468509674,0.37057819962501526,0.22019241750240326,0.694686770439148,0.32893577218055725,0.3787968158721924,0.25340187549591064,0.961926281452179,0.39152973890304565,0.44743648171424866,0.2522121071815491,1.3211792707443237,0.5193402767181396,1.7815641164779663,0.6213604211807251,1.1152547597885132,0.41298890113830566,1.9194539785385132,0.5271517634391785,1.2661447525024414,0.4990052282810211,0.005107170902192593,0.0259124543517828,0.00418581860139966,0.02881467342376709,0.007207813672721386,0.037039533257484436,0.009307926520705223,0.03811424970626831,0.00927639938890934,0.05821322649717331,0.006872895173728466,0.03422275558114052,0.009006389416754246,0.047908980399370193,0.006413936149328947,0.03580101951956749,0.009568905457854271,0.03986439108848572,0.008516821078956127,0.05552344396710396,45.344398498535156
24,0.8995250463485718,0.2691411077976227,0.9252831339836121,0.214670792222023,0.8626233339309692,0.3457932770252228,0.8374132513999939,0.3424444794654846,0.8438071012496948,0.3581812381744385,0.8900255560874939,0.2842642366886139,0.9205334186553955,0.23760342597961426,0.8691998720169067,0.33806270360946655,0.8332115411758423,0.3470359444618225,0.8498355746269226,0.35326069593429565,0.9671746492385864,0.44464313983917236,0.42360249161720276,0.24672354757785797,0.4324053227901459,0.2381114959716797,0.9460628628730774,0.44971469044685364,0.9175894856452942,0.44971737265586853,2.054929733276367,0.6857839226722717,0.9441841840744019,0.3861164152622223,0.9575014114379883,0.37890300154685974,2.2220816612243652,0.6684794425964355,2.1868908405303955,0.6972087025642395,0.02897467277944088,0.09501821547746658,0.005997362546622753,0.0416417121887207,0.011271064169704914,0.050602179020643234,0.041076596826314926,0.12029348313808441,0.04116808995604515,0.11841116845607758,0.030760692432522774,0.10146759450435638,0.005930847954005003,0.04213108494877815,0.01016892958432436,0.04602324217557907,0.04433056712150574,0.12525849044322968,0.041614510118961334,0.12124309688806534,0.0005000000237487257,52.32356262207031,0.9051291942596436,0.26238349080085754,0.8650212287902832,0.32968106865882874,0.9255688190460205,0.2917715013027191,0.9174700975418091,0.24397848546504974,0.8642498850822449,0.28328147530555725,0.8989587426185608,0.2828027009963989,0.8457385301589966,0.37602728605270386,0.9274970889091492,0.28548160195350647,0.9178557395935059,0.253599613904953,0.8611646890640259,0.28748318552970886,0.4094699025154114,0.2524450421333313,0.7372660040855408,0.34761956334114075,0.3860904574394226,0.274466872215271,1.0051997900009155,0.41738489270210266,0.44614994525909424,0.2433474063873291,1.4582128524780273,0.5795118808746338,1.9519392251968384,0.6575573682785034,1.1320955753326416,0.4119529724121094,2.148908853530884,0.5872322916984558,1.2511229515075684,0.4822317659854889,0.0057434458285570145,0.027174310758709908,0.004295082297176123,0.031447261571884155,0.005992507096379995,0.03257771581411362,0.00607633450999856,0.029390281066298485,0.008141555823385715,0.05016395449638367,0.006759879644960165,0.03359021246433258,0.010712260380387306,0.051177795976400375,0.005347882863134146,0.03175848349928856,0.010251138359308243,0.042167458683252335,0.0073393224738538265,0.047675590962171555,47.302154541015625
25,0.8982462286949158,0.27411818504333496,0.922542929649353,0.2184012085199356,0.8699305653572083,0.3419218063354492,0.829740583896637,0.3441486954689026,0.8523931503295898,0.34144124388694763,0.8900255560874939,0.29400619864463806,0.9181585907936096,0.23691263794898987,0.870478630065918,0.3328673541545868,0.8262696266174316,0.3461965024471283,0.8553160429000854,0.34430450201034546,0.9188021421432495,0.42722630500793457,0.3774389922618866,0.24006064236164093,0.4598599672317505,0.23549792170524597,0.9228439927101135,0.4401163160800934,0.9059361219406128,0.43972378969192505,1.9604291915893555,0.664892315864563,0.8715661764144897,0.37871330976486206,1.042410135269165,0.3759258985519409,2.1572751998901367,0.6519190669059753,2.0323197841644287,0.6746945381164551,0.029231466352939606,0.09463854134082794,0.005750621668994427,0.04094434902071953,0.010272751562297344,0.04931400716304779,0.0437910258769989,0.12379436194896698,0.042251329869031906,0.11980544775724411,0.031135570257902145,0.1014941856265068,0.005666929762810469,0.04136333242058754,0.009551973082125187,0.04485038295388222,0.045685216784477234,0.12701186537742615,0.04347236081957817,0.12242727726697922,0.0005000000237487257,50.87458419799805,0.9097570180892944,0.2548605799674988,0.8488237857818604,0.3573877215385437,0.9251831769943237,0.2910076975822449,0.9070574641227722,0.2702065706253052,0.9047435522079468,0.2496129274368286,0.9032009243965149,0.28282541036605835,0.8418819904327393,0.39221617579460144,0.9271114468574524,0.28380584716796875,0.9116852879524231,0.2738710939884186,0.9001156687736511,0.2591361403465271,0.3803046941757202,0.23907677829265594,0.7456251978874207,0.3543592691421509,0.3833673298358917,0.263203889131546,0.9857521653175354,0.40602681040763855,0.44655999541282654,0.241419717669487,1.386445164680481,0.5648007392883301,1.9413522481918335,0.6609148383140564,1.1239640712738037,0.38939768075942993,1.9712456464767456,0.5414080619812012,1.2424293756484985,0.4598110020160675,0.005146554205566645,0.026050975546240807,0.004438147880136967,0.0325271412730217,0.006432999856770039,0.03383345901966095,0.00688597746193409,0.03181987255811691,0.0064985970966517925,0.04308992251753807,0.00565397460013628,0.030596643686294556,0.011439959518611431,0.051847342401742935,0.006151324138045311,0.03406559303402901,0.00913261715322733,0.038402460515499115,0.006293460261076689,0.041743528097867966,46.235939025878906
26,0.9006211161613464,0.2702636122703552,0.9261965751647949,0.1993001401424408,0.8734015226364136,0.332515150308609,0.8397880792617798,0.3236904740333557,0.8529411554336548,0.33091163635253906,0.8931311368942261,0.284147173166275,0.9241870641708374,0.2142910212278366,0.8717573881149292,0.3316993713378906,0.8405188322067261,0.3344048261642456,0.8553160429000854,0.3347225487232208,0.9388166069984436,0.43239638209342957,0.3936285078525543,0.2417379468679428,0.46605420112609863,0.23106317222118378,0.8970987200737,0.4313737750053406,0.841136634349823,0.4302721619606018,1.9764713048934937,0.6649599671363831,0.8895217776298523,0.38170909881591797,0.9562456011772156,0.3640690743923187,2.092721462249756,0.635377049446106,1.8929705619812012,0.656530499458313,0.030131278559565544,0.09759391844272614,0.0054290927946567535,0.03991071507334709,0.00980847142636776,0.04651542752981186,0.04322195053100586,0.12406019866466522,0.04144673049449921,0.11870188266038895,0.03181181102991104,0.1043722927570343,0.005438454449176788,0.04015263170003891,0.008931294083595276,0.04248654469847679,0.045386023819446564,0.12801675498485565,0.04262987896800041,0.12115291506052017,0.0005000000237487257,49.44427490234375,0.8920169472694397,0.28900590538978577,0.8542228937149048,0.34148380160331726,0.9274970889091492,0.2778073847293854,0.9120709896087646,0.25402355194091797,0.90435791015625,0.24428120255470276,0.8893173933029175,0.3017096519470215,0.8441959023475647,0.38487038016319275,0.9298110008239746,0.27243170142173767,0.9182414412498474,0.25264424085617065,0.9035865664482117,0.2561523914337158,0.35870781540870667,0.23213352262973785,0.768072783946991,0.36227309703826904,0.37454694509506226,0.2601272165775299,0.9903581142425537,0.4140119254589081,0.44453364610671997,0.2532002031803131,1.2750097513198853,0.5393531322479248,2.0024077892303467,0.6619312763214111,1.1006519794464111,0.4026503562927246,1.9843499660491943,0.5705409049987793,1.2342174053192139,0.4683353006839752,0.006411782465875149,0.028591731563210487,0.004607390612363815,0.03332047164440155,0.006610320881009102,0.03413550555706024,0.004624631721526384,0.024856150150299072,0.005357498303055763,0.04049662500619888,0.006124534178525209,0.030828556045889854,0.01137679722160101,0.051743317395448685,0.006023759953677654,0.0330834798514843,0.010645021684467793,0.04310872405767441,0.00566240306943655,0.04024151340126991,45.85717010498047
27,0.9039093852043152,0.26118287444114685,0.9338691830635071,0.19110910594463348,0.877237856388092,0.32367637753486633,0.8430763483047485,0.3277745544910431,0.8536719083786011,0.333761066198349,0.896236777305603,0.27579161524772644,0.9296675324440002,0.21289663016796112,0.8777859210968018,0.31874507665634155,0.8388746976852417,0.343101441860199,0.8538545966148376,0.3382081091403961,0.8764355182647705,0.42216020822525024,0.3927561640739441,0.2396124303340912,0.39600828289985657,0.22002047300338745,0.8759167194366455,0.43039125204086304,0.8515470623970032,0.43091753125190735,1.8757576942443848,0.6544663310050964,0.8615515828132629,0.3721607029438019,0.9266610145568848,0.3579537272453308,2.022425889968872,0.6261934638023376,1.9735288619995117,0.659354031085968,0.03131670504808426,0.09773188084363937,0.005487785674631596,0.040958572179079056,0.008911233395338058,0.04577217996120453,0.04362931847572327,0.123221755027771,0.0441308468580246,0.12326380610466003,0.03343949466943741,0.10455656796693802,0.005521082319319248,0.04102880507707596,0.008174216374754906,0.04162830859422684,0.0461636483669281,0.12765160202980042,0.04493381083011627,0.12465839833021164,0.0005000000237487257,48.347415924072266,0.8897030353546143,0.2843455672264099,0.8530659675598145,0.34233829379081726,0.9213266372680664,0.28894174098968506,0.9062861800193787,0.26873302459716797,0.8885461091995239,0.25064530968666077,0.8854608535766602,0.3003828227519989,0.8414963483810425,0.38842830061912537,0.9240262508392334,0.2831748425960541,0.9116852879524231,0.263043612241745,0.8823755979537964,0.2693884074687958,0.3833896219730377,0.2505268454551697,0.8207904100418091,0.38534727692604065,0.3736381232738495,0.26326093077659607,0.8929978609085083,0.39085566997528076,0.44613873958587646,0.25857794284820557,1.3307462930679321,0.5504050850868225,2.1888437271118164,0.7020277380943298,1.0900570154190063,0.3994968831539154,1.6220160722732544,0.46893832087516785,1.2392306327819824,0.4598754346370697,0.007946381345391273,0.03289632871747017,0.0050919814966619015,0.0352666936814785,0.00813014805316925,0.037088051438331604,0.0047011724673211575,0.02554168365895748,0.005907000508159399,0.03836796060204506,0.007045517209917307,0.032935500144958496,0.012081403285264969,0.05270244926214218,0.007750358432531357,0.03683948889374733,0.007615339942276478,0.035611946135759354,0.006284969858825207,0.039269376546144485,45.553470611572266
28,0.9006211161613464,0.26411449909210205,0.9249178171157837,0.21296142041683197,0.875045657157898,0.3180506229400635,0.8421629667282104,0.32696935534477234,0.8432590365409851,0.33372533321380615,0.8938618898391724,0.28361204266548157,0.9218121767044067,0.22201615571975708,0.8759590983390808,0.3181816339492798,0.8366824984550476,0.3326050639152527,0.8443551063537598,0.33503690361976624,0.858355700969696,0.413508802652359,0.3895041048526764,0.24281492829322815,0.42286252975463867,0.2201230525970459,0.8672286868095398,0.42519813776016235,0.8845568895339966,0.43017005920410156,1.7643357515335083,0.6344361901283264,0.8711327910423279,0.3803485333919525,0.8986493349075317,0.34986409544944763,2.0301260948181152,0.6281757950782776,1.9174854755401611,0.6492363214492798,0.03074726089835167,0.09629800915718079,0.004953679628670216,0.03786734491586685,0.009930473752319813,0.04580691084265709,0.04449867829680443,0.12305619567632675,0.042780645191669464,0.12014209479093552,0.03142369166016579,0.10069364309310913,0.00512005714699626,0.03854508325457573,0.009288490749895573,0.04239645227789879,0.04627344384789467,0.12660261988639832,0.04340647906064987,0.12213211506605148,0.0005000000237487257,47.89107131958008,0.8897030353546143,0.282328724861145,0.848052442073822,0.3415009081363678,0.9232549071311951,0.27853068709373474,0.9166988134384155,0.23907922208309174,0.9093713760375977,0.24194251000881195,0.8885461091995239,0.2936916947364807,0.8372541666030884,0.3713390529155731,0.929039716720581,0.2702985405921936,0.9209409952163696,0.23792128264904022,0.9020439386367798,0.26255902647972107,0.40368351340293884,0.25849929451942444,0.7763984799385071,0.37063828110694885,0.3701317608356476,0.2542511224746704,0.932101309299469,0.40359020233154297,0.44387492537498474,0.2597053647041321,1.4071459770202637,0.5758354663848877,2.0438272953033447,0.6801185011863708,1.0760843753814697,0.3888506591320038,1.7193552255630493,0.506928563117981,1.233415126800537,0.4629136919975281,0.008229059167206287,0.03381301090121269,0.00431720819324255,0.03202470391988754,0.007530533708631992,0.03531021997332573,0.004606072790920734,0.024792613461613655,0.005014101509004831,0.03734559565782547,0.007199171464890242,0.03290243819355965,0.010798228904604912,0.05028402432799339,0.0070367176085710526,0.03474051132798195,0.009405774995684624,0.03964304178953171,0.005764559376984835,0.03870897740125656,45.258460998535156
29,0.9011691808700562,0.2571307420730591,0.9269272685050964,0.20307886600494385,0.8819875717163086,0.309194415807724,0.8458166122436523,0.3183296024799347,0.8474607467651367,0.32735565304756165,0.894957959651947,0.2778684198856354,0.924369752407074,0.20737387239933014,0.8814395070075989,0.3056454360485077,0.8386920094490051,0.32449114322662354,0.8481914401054382,0.335087388753891,0.8383938074111938,0.4118933379650116,0.384653776884079,0.2394796460866928,0.44460049271583557,0.21750669181346893,0.8230822682380676,0.4166908264160156,0.7867420315742493,0.41684776544570923,1.6859527826309204,0.621769905090332,0.8672483563423157,0.3729797601699829,1.0765429735183716,0.35185378789901733,1.8171004056930542,0.60349041223526,1.7411606311798096,0.6291365027427673,0.029457170516252518,0.09488873928785324,0.005016908515244722,0.03852443769574165,0.009412574581801891,0.04515335336327553,0.04308811202645302,0.12364186346530914,0.04386409744620323,0.12197206169366837,0.030708469450473785,0.10071561485528946,0.005153627600520849,0.03892451897263527,0.00870398711413145,0.04113060608506203,0.045096419751644135,0.12754595279693604,0.04502861574292183,0.12433334439992905,0.0005000000237487257,46.10331726074219,0.8873891234397888,0.2836669087409973,0.8530659675598145,0.34002453088760376,0.9217122793197632,0.27244052290916443,0.913227915763855,0.248959481716156,0.895873486995697,0.25162261724472046,0.8858464956283569,0.2952282428741455,0.8372541666030884,0.38019004464149475,0.9282684326171875,0.2659524977207184,0.9178557395935059,0.24950692057609558,0.8920169472694397,0.2710040807723999,0.40444257855415344,0.25285568833351135,0.8222586512565613,0.3839271664619446,0.3679739832878113,0.2508729100227356,0.9198968410491943,0.39030689001083374,0.4427327811717987,0.2508818507194519,1.416833519935608,0.5668370723724365,2.1453697681427,0.6854868531227112,1.0589979887008667,0.38098904490470886,1.6795114278793335,0.5054904222488403,1.2332478761672974,0.46136054396629333,0.008079467341303825,0.03294753655791283,0.005041120573878288,0.034882135689258575,0.007209804840385914,0.034498341381549835,0.005582117475569248,0.02822716161608696,0.0051785362884402275,0.03491545841097832,0.007208742666989565,0.032433781772851944,0.012441238388419151,0.05286801978945732,0.006292665842920542,0.032511550933122635,0.009966183453798294,0.039979636669158936,0.006033082026988268,0.03700416535139084,45.676597595214844
30,0.9062842726707458,0.25375109910964966,0.9293021559715271,0.19307105243206024,0.8891121745109558,0.2941872775554657,0.8416149020195007,0.3217943012714386,0.8578735589981079,0.3209753930568695,0.8991596698760986,0.2696135938167572,0.9285714030265808,0.20311257243156433,0.8892948627471924,0.29627275466918945,0.8399707674980164,0.32335346937179565,0.8575082421302795,0.3238696753978729,0.9416983723640442,0.4247540235519409,0.39644473791122437,0.2395305186510086,0.3713013231754303,0.20586566627025604,0.8650495409965515,0.41780275106430054,0.7814022898674011,0.4106546938419342,1.815349817276001,0.6327045559883118,0.8353825807571411,0.36843979358673096,0.8375650644302368,0.33711692690849304,2.0135457515716553,0.6214827299118042,1.773154854774475,0.6259373426437378,0.031691696494817734,0.09794533997774124,0.0049273124895989895,0.03755492344498634,0.008733872324228287,0.04380452260375023,0.04352790489792824,0.12300676852464676,0.04038945958018303,0.11843512207269669,0.03204885497689247,0.10239201784133911,0.004999234806746244,0.03760778158903122,0.008013738319277763,0.04009196534752846,0.04506722837686539,0.12634789943695068,0.04215831309556961,0.12121570110321045,0.0005000000237487257,46.477294921875,0.8850752115249634,0.300462931394577,0.8511376976966858,0.3424800634384155,0.9309679865837097,0.2756432890892029,0.9116852879524231,0.2554781138896942,0.8708060383796692,0.2635941803455353,0.8854608535766602,0.30677875876426697,0.8411107063293457,0.38180670142173767,0.9325106143951416,0.2694319188594818,0.9143849015235901,0.2555723488330841,0.8673351407051086,0.2813453674316406,0.3868096172809601,0.24493639171123505,0.799123227596283,0.37688103318214417,0.37028074264526367,0.25004148483276367,0.9757454991340637,0.4190162718296051,0.44064387679100037,0.23953476548194885,1.3557623624801636,0.5505543947219849,2.130903720855713,0.6892309188842773,1.0778433084487915,0.38691791892051697,1.874704360961914,0.5497127175331116,1.2286733388900757,0.4236163794994354,0.007974262349307537,0.03314432501792908,0.004815119318664074,0.034011416137218475,0.00737977446988225,0.034626804292201996,0.005304982420057058,0.027709761634469032,0.005988206714391708,0.033072080463171005,0.007038078270852566,0.03173527866601944,0.012229668907821178,0.052495259791612625,0.006288765463978052,0.03231886029243469,0.010497397743165493,0.04053771495819092,0.006801360286772251,0.03569330647587776,46.42825698852539
31,0.9061015844345093,0.24850541353225708,0.9318596720695496,0.18644116818904877,0.8878334164619446,0.296373575925827,0.8414322137832642,0.3192138671875,0.8624406456947327,0.31294891238212585,0.9024479389190674,0.2618023455142975,0.9256485104560852,0.20887784659862518,0.887650728225708,0.29466143250465393,0.8359517455101013,0.32937073707580566,0.8595176935195923,0.3260786533355713,0.8165900707244873,0.40583616495132446,0.3842466473579407,0.24040323495864868,0.38409215211868286,0.20552635192871094,0.8604400753974915,0.41913360357284546,0.8379268646240234,0.41377460956573486,1.657041072845459,0.6170421242713928,0.8460360169410706,0.37278658151626587,0.9023313522338867,0.3385566473007202,1.821539044380188,0.5885962843894958,1.8579277992248535,0.6309815049171448,0.028430631384253502,0.09431031346321106,0.004809808451682329,0.03682926297187805,0.008511570282280445,0.04258043318986893,0.04522567614912987,0.12531231343746185,0.041968464851379395,0.12025892734527588,0.029770441353321075,0.0998387411236763,0.004968912806361914,0.03742189332842827,0.0077256555669009686,0.03888119384646416,0.047025978565216064,0.1293322890996933,0.042097996920347214,0.12148134410381317,0.0005000000237487257,45.49576950073242,0.8908600211143494,0.27860304713249207,0.8472811579704285,0.35458531975746155,0.9170844554901123,0.2943086624145508,0.9174700975418091,0.24858920276165009,0.8692634105682373,0.2675100862979889,0.8920169472694397,0.2891502380371094,0.8384110927581787,0.3753243684768677,0.9255688190460205,0.2850720286369324,0.9143849015235901,0.2529465854167938,0.8677207827568054,0.2863648533821106,0.38429057598114014,0.2501353919506073,0.8065207600593567,0.38077375292778015,0.36879366636276245,0.25222498178482056,0.9806451201438904,0.43713241815567017,0.4433671832084656,0.24612541496753693,1.3483856916427612,0.5501359701156616,2.1801462173461914,0.6997180581092834,1.0667619705200195,0.38477814197540283,1.861702799797058,0.5837101340293884,1.235974907875061,0.42959851026535034,0.006552035920321941,0.02938312292098999,0.005091188941150904,0.03493582457304001,0.00956472847610712,0.03896933048963547,0.008152117021381855,0.03514978662133217,0.0060724178329110146,0.03336986154317856,0.005928342696279287,0.02939760684967041,0.012358080595731735,0.05272943899035454,0.008723560720682144,0.03759773448109627,0.010341986082494259,0.04051615297794342,0.006815498694777489,0.03615102171897888,46.573509216308594
32,0.9066495895385742,0.2476067692041397,0.9336864948272705,0.1835002601146698,0.8869199752807617,0.29915833473205566,0.8399707674980164,0.3330909013748169,0.8562294244766235,0.3123196065425873,0.900803804397583,0.26109564304351807,0.9280233979225159,0.20334744453430176,0.8854585289955139,0.29866015911102295,0.8372305631637573,0.3328886926174164,0.8553160429000854,0.31601718068122864,0.8467515707015991,0.4081556797027588,0.3778071701526642,0.2386278212070465,0.42947936058044434,0.21064472198486328,0.795650839805603,0.4075264632701874,0.8098241090774536,0.4099811613559723,1.6751130819320679,0.6178224086761475,0.8322159051895142,0.37561437487602234,0.9219245314598083,0.3378307819366455,1.7297581434249878,0.5800983905792236,1.7589938640594482,0.6116620898246765,0.02854546532034874,0.09325876832008362,0.0049748774617910385,0.03721228986978531,0.008946751244366169,0.04241009056568146,0.04584774374961853,0.125993013381958,0.04362564906477928,0.12286585569381714,0.02921714447438717,0.09735286980867386,0.0050687906332314014,0.03775680810213089,0.008445406332612038,0.03903946280479431,0.04713062942028046,0.12909047305583954,0.044545482844114304,0.12477844953536987,0.0005000000237487257,44.8638801574707,0.8881604075431824,0.28094035387039185,0.8426532745361328,0.37569305300712585,0.9182414412498474,0.2813183069229126,0.9178557395935059,0.2508629560470581,0.8877747654914856,0.2638919949531555,0.8897030353546143,0.2896767258644104,0.83648282289505,0.39994484186172485,0.9267258048057556,0.27263495326042175,0.9124566316604614,0.2512606680393219,0.8858464956283569,0.28126272559165955,0.40392085909843445,0.26387572288513184,0.8619067072868347,0.3999640941619873,0.36477982997894287,0.2480437159538269,1.002398133277893,0.44097700715065,0.4438585340976715,0.24376122653484344,1.4194518327713013,0.5850237011909485,2.352276563644409,0.7278575897216797,1.0485159158706665,0.38327187299728394,1.8864130973815918,0.5760848522186279,1.2323943376541138,0.42202550172805786,0.0069901044480502605,0.03064410388469696,0.0058655221946537495,0.037239640951156616,0.010108189657330513,0.040223103016614914,0.008102701976895332,0.03485861048102379,0.005787327419966459,0.031008929014205933,0.006255787331610918,0.029884641990065575,0.012823978438973427,0.05332895740866661,0.009034470655024052,0.03825291246175766,0.01004358846694231,0.03992519900202751,0.0066609070636332035,0.034160126000642776,47.81327438354492
33,0.9066495895385742,0.25622475147247314,0.9314943552017212,0.18514829874038696,0.887650728225708,0.29413148760795593,0.8454512357711792,0.3190169930458069,0.8576909303665161,0.31448549032211304,0.8997077345848083,0.2679227888584137,0.9285714030265808,0.19581209123134613,0.8900255560874939,0.2869286835193634,0.8390573859214783,0.32313594222068787,0.8578735589981079,0.3178299367427826,0.8294671177864075,0.4060201644897461,0.3962419331073761,0.2437734305858612,0.39153242111206055,0.20411603152751923,0.8227747082710266,0.4096408188343048,0.7710540890693665,0.4052005708217621,1.6643067598342896,0.6027060747146606,0.8810447454452515,0.37963810563087463,0.8059502840042114,0.31641343235969543,1.802979826927185,0.5803977847099304,1.6753236055374146,0.612252950668335,0.030062587931752205,0.0954858660697937,0.004897490609437227,0.03751981630921364,0.008638324216008186,0.041617412120103836,0.04532378911972046,0.12731683254241943,0.04345350340008736,0.12187249213457108,0.030426299199461937,0.09943130612373352,0.005032605025917292,0.037871185690164566,0.007781120948493481,0.03833732381463051,0.046571407467126846,0.1297251284122467,0.04392686486244202,0.12346585839986801,0.0005000000237487257,44.31037902832031,0.8850752115249634,0.29348668456077576,0.8488237857818604,0.3616650402545929,0.9301967024803162,0.2513851821422577,0.9217122793197632,0.2375042885541916,0.9005013704299927,0.2514515817165375,0.8862321376800537,0.2983928322792053,0.8380254507064819,0.39410093426704407,0.9336675405502319,0.24834425747394562,0.919012725353241,0.23547878861427307,0.8970304727554321,0.26887717843055725,0.42208218574523926,0.2607074975967407,0.8450025916099548,0.39304304122924805,0.36720213294029236,0.237727090716362,0.9182623028755188,0.40285053849220276,0.4428780972957611,0.2528933584690094,1.4735515117645264,0.570851743221283,2.3222007751464844,0.7207043170928955,1.0530585050582886,0.38361895084381104,1.7595875263214111,0.539171040058136,1.2335389852523804,0.4407522976398468,0.007883965969085693,0.03296849504113197,0.005627806764096022,0.03650255873799324,0.008204180747270584,0.03631998598575592,0.005159667693078518,0.026909133419394493,0.004345590248703957,0.027304425835609436,0.006979397032409906,0.03148600831627846,0.012698599137365818,0.05302537605166435,0.006787941791117191,0.03319001570343971,0.009341475553810596,0.03864112123847008,0.005495981778949499,0.031202249228954315,46.84150314331055
34,0.9062842726707458,0.2476631999015808,0.9336864948272705,0.18339651823043823,0.8913043737411499,0.281730055809021,0.8434417247772217,0.312757283449173,0.849652886390686,0.32023563981056213,0.9011691808700562,0.2591094374656677,0.9296675324440002,0.19917047023773193,0.8929485082626343,0.27859196066856384,0.8390573859214783,0.3160649836063385,0.8470953702926636,0.3217983543872833,0.8395206928253174,0.4042462110519409,0.37577077746391296,0.23726515471935272,0.3882620334625244,0.20254158973693848,0.8244016170501709,0.4062769412994385,0.7871778607368469,0.40327730774879456,1.6374417543411255,0.5948069095611572,0.8392421007156372,0.372033953666687,0.8540440201759338,0.32512226700782776,1.8039400577545166,0.586395800113678,1.670517921447754,0.6065739989280701,0.02763894386589527,0.09214100241661072,0.004940250888466835,0.03709104284644127,0.008574750274419785,0.041520856320858,0.04503246396780014,0.12534573674201965,0.04534471780061722,0.12522880733013153,0.02819211035966873,0.09609154611825943,0.00513104535639286,0.037761349231004715,0.008203640580177307,0.03852525353431702,0.04656978324055672,0.12808261811733246,0.04601656645536423,0.12697061896324158,0.0005000000237487257,44.114505767822266,0.8862321376800537,0.2903529107570648,0.8499807119369507,0.3522593379020691,0.9286540746688843,0.2620890736579895,0.9413806200027466,0.2161535918712616,0.9136135578155518,0.23694124817848206,0.887003481388092,0.294490247964859,0.8403393626213074,0.3788865804672241,0.9313536286354065,0.2594459354877472,0.9340532422065735,0.22091661393642426,0.9109140038490295,0.2575196921825409,0.4086093008518219,0.25407674908638,0.8285681009292603,0.3921176791191101,0.36724627017974854,0.23034359514713287,0.9644888043403625,0.4000449776649475,0.4423666298389435,0.2471211850643158,1.4281744956970215,0.5420222282409668,2.2296361923217773,0.7078155279159546,1.0588600635528564,0.3927886188030243,1.905788779258728,0.5697020292282104,1.236856460571289,0.42755505442619324,0.007459188811480999,0.03213658556342125,0.006246952340006828,0.03814861178398132,0.008863522671163082,0.037646736949682236,0.0045257313176989555,0.024680428206920624,0.0037726466543972492,0.02491322159767151,0.00670942198485136,0.031225917860865593,0.013057798147201538,0.05349893122911453,0.007498651742935181,0.034744396805763245,0.010426051914691925,0.04118630290031433,0.005300017539411783,0.029870912432670593,46.74442672729492
35,0.9061015844345093,0.24655449390411377,0.9261965751647949,0.19125749170780182,0.8989769816398621,0.2735104560852051,0.8476433753967285,0.31277433037757874,0.8609791994094849,0.293438196182251,0.9015344977378845,0.2581034302711487,0.9260138869285583,0.19545747339725494,0.8993423581123352,0.27109530568122864,0.8461819291114807,0.31435874104499817,0.8629886507987976,0.29372143745422363,0.8007063865661621,0.4013173282146454,0.36452317237854004,0.23457175493240356,0.41933292150497437,0.21259896457195282,0.8336214423179626,0.4047292172908783,0.711410641670227,0.39182791113853455,1.5631173849105835,0.5912744998931885,0.7728908061981201,0.3656785488128662,0.87760990858078,0.3360486328601837,1.7394628524780273,0.5724850296974182,1.5402909517288208,0.5918693542480469,0.030527791008353233,0.09632005542516708,0.004753429442644119,0.03574765473604202,0.008357668295502663,0.040823135524988174,0.046599626541137695,0.12736406922340393,0.04191184788942337,0.12196645885705948,0.03078177198767662,0.09974319487810135,0.004925742745399475,0.03660551831126213,0.0078570656478405,0.038095276802778244,0.04689967632293701,0.12812314927577972,0.042693842202425,0.12375134229660034,0.0005000000237487257,42.51923751831055,0.8893173933029175,0.29256653785705566,0.8414963483810425,0.3637755215167999,0.9352101683616638,0.24751026928424835,0.9340532422065735,0.22591660916805267,0.9066718220710754,0.2384030818939209,0.890088677406311,0.2919740080833435,0.8341689109802246,0.3875482380390167,0.9363671541213989,0.24844126403331757,0.9294253587722778,0.22572562098503113,0.9001156687736511,0.25930723547935486,0.39286065101623535,0.24367500841617584,0.8768725395202637,0.41139987111091614,0.36488795280456543,0.22755327820777893,0.9806909561157227,0.4418937861919403,0.44220826029777527,0.24459943175315857,1.3419471979141235,0.5152076482772827,2.459111452102661,0.7426283955574036,1.0600053071975708,0.3984714448451996,1.9676361083984375,0.6253977417945862,1.2325941324234009,0.42035356163978577,0.007544972468167543,0.032386429607868195,0.006037678103893995,0.03760002553462982,0.008312538266181946,0.03626149147748947,0.004596090409904718,0.025501562282443047,0.004064901266247034,0.02563588321208954,0.006812210660427809,0.03157468140125275,0.012537610717117786,0.052465878427028656,0.00690644234418869,0.03309527784585953,0.011762063950300217,0.04441586136817932,0.00535023445263505,0.03011133149266243,47.654335021972656
36,0.9092071652412415,0.24288098514080048,0.9296675324440002,0.1855839341878891,0.8936792016029358,0.277650386095047,0.8452685475349426,0.312727153301239,0.8533065319061279,0.3065936863422394,0.9024479389190674,0.2595469057559967,0.9263792634010315,0.20016275346279144,0.8909389972686768,0.27925756573677063,0.842893660068512,0.3199121952056885,0.850931704044342,0.3091512620449066,0.786500871181488,0.40478989481925964,0.3747654855251312,0.23650580644607544,0.37194323539733887,0.19860777258872986,0.8184324502944946,0.40207356214523315,0.7258471250534058,0.39425191283226013,1.6446317434310913,0.6024761199951172,0.7642149329185486,0.36522290110588074,0.7994274497032166,0.32426780462265015,1.7643646001815796,0.5639269948005676,1.554574966430664,0.5825550556182861,0.028129935264587402,0.09306441247463226,0.004764995537698269,0.036160241812467575,0.0087025361135602,0.039727237075567245,0.04897202551364899,0.13103851675987244,0.04299569129943848,0.12270821630954742,0.02845969796180725,0.09606248885393143,0.00497434614226222,0.03686077147722244,0.008182434365153313,0.03687493875622749,0.04966288059949875,0.13290506601333618,0.04357489198446274,0.12355193495750427,0.0005000000237487257,42.5792350769043,0.8908600211143494,0.2826283276081085,0.8665637969970703,0.33184120059013367,0.9236405491828918,0.26895490288734436,0.9429232478141785,0.2150774896144867,0.9120709896087646,0.2339380979537964,0.8943309187889099,0.2874794006347656,0.8438102602958679,0.366708368062973,0.9301967024803162,0.26721805334091187,0.9379097819328308,0.21688146889209747,0.9086000919342041,0.2536225914955139,0.39165809750556946,0.2453581541776657,0.9970511198043823,0.442672997713089,0.3670802712440491,0.23276890814304352,0.9091914296150208,0.40029963850975037,0.4426862597465515,0.23911450803279877,1.3351643085479736,0.5214356184005737,2.8559629917144775,0.7945539951324463,1.0571473836898804,0.3943489193916321,1.787041187286377,0.5543864965438843,1.2354329824447632,0.4212050139904022,0.007876651361584663,0.033825453370809555,0.0064417156390845776,0.03875948488712311,0.010721085593104362,0.041264694184064865,0.0034606715198606253,0.02175392024219036,0.003874025074765086,0.025297872722148895,0.007092739455401897,0.032918937504291534,0.013237245380878448,0.05380016565322876,0.009827904403209686,0.03950894623994827,0.00804076436907053,0.03687326982617378,0.005254026502370834,0.030103057622909546,48.390010833740234
37,0.9057362079620361,0.24589015543460846,0.9280233979225159,0.18727976083755493,0.9015344977378845,0.2638539671897888,0.8518450856208801,0.3132763206958771,0.8549506664276123,0.28822845220565796,0.900803804397583,0.26097333431243896,0.9278407096862793,0.1958795189857483,0.9004384279251099,0.2645981013774872,0.8492875695228577,0.31279614567756653,0.857325553894043,0.28947538137435913,0.7925040125846863,0.4001409113407135,0.3616599142551422,0.23368138074874878,0.365465372800827,0.20068974792957306,0.7527466416358948,0.39738449454307556,0.7364209890365601,0.394426167011261,1.5727258920669556,0.5875567197799683,0.7819666266441345,0.3659931421279907,0.6781700849533081,0.30949345231056213,1.6723759174346924,0.5670639276504517,1.578882098197937,0.5795649290084839,0.028113191947340965,0.0916653573513031,0.004691751673817635,0.035654373466968536,0.008041744120419025,0.039763741195201874,0.045939620584249496,0.12616662681102753,0.045453526079654694,0.1269204318523407,0.02902250364422798,0.09520267695188522,0.0048356372863054276,0.03618337959051132,0.007212948519736528,0.03668711706995964,0.04638826102018356,0.1275281459093094,0.04639061540365219,0.12783540785312653,0.0002500000118743628,41.27730941772461,0.8885461091995239,0.2977980971336365,0.8495950698852539,0.3493020236492157,0.9120709896087646,0.2871004343032837,0.9336675405502319,0.22426879405975342,0.9143849015235901,0.23587419092655182,0.8897030353546143,0.3017966151237488,0.8384110927581787,0.38068246841430664,0.9240262508392334,0.2845551669597626,0.9305823445320129,0.2227477878332138,0.910142719745636,0.25640788674354553,0.39619654417037964,0.24562577903270721,0.978895902633667,0.43839046359062195,0.36563682556152344,0.23639193177223206,0.8899752497673035,0.3755408823490143,0.4422082006931305,0.24697521328926086,1.3376902341842651,0.5177301168441772,2.7886462211608887,0.7964286208152771,1.0508227348327637,0.38520827889442444,1.7578754425048828,0.529066264629364,1.235351800918579,0.4357090890407562,0.00925667118281126,0.037598345428705215,0.007130023092031479,0.04050226882100105,0.011269500479102135,0.04227346554398537,0.003944798838347197,0.022442791610956192,0.004100773949176073,0.025218015536665916,0.008430765941739082,0.036658015102148056,0.013608227483928204,0.054293300956487656,0.010341172106564045,0.040567442774772644,0.007165861781686544,0.033739056438207626,0.005729279480874538,0.030560456216335297,48.28241729736328
38,0.9104859232902527,0.23919932544231415,0.9340518712997437,0.17645591497421265,0.9013518691062927,0.2640763521194458,0.8553160429000854,0.3022289276123047,0.8609791994094849,0.299870103597641,0.9046401381492615,0.25318947434425354,0.9291194677352905,0.1942453533411026,0.8998903632164001,0.2634313106536865,0.8516623973846436,0.3047553300857544,0.8587870001792908,0.3081739544868469,0.7806210517883301,0.3919889032840729,0.34879326820373535,0.2331991195678711,0.39334335923194885,0.20332759618759155,0.7353526949882507,0.3898826837539673,0.7209573984146118,0.38745397329330444,1.4298627376556396,0.562556803226471,0.756964385509491,0.36546483635902405,0.7982004284858704,0.31570351123809814,1.5560758113861084,0.5468330383300781,1.4890385866165161,0.5760319828987122,0.028109699487686157,0.09226115047931671,0.004658883903175592,0.03559546172618866,0.007748376112431288,0.039653219282627106,0.04672805219888687,0.12711599469184875,0.04235515370965004,0.1224554106593132,0.02818620763719082,0.09551263600587845,0.004808557219803333,0.03615855425596237,0.007516049314290285,0.03688157722353935,0.04659050330519676,0.1275644451379776,0.04228050261735916,0.1223486140370369,0.0002500000118743628,40.20835494995117,0.884303867816925,0.31141895055770874,0.8507519960403442,0.3434985280036926,0.9224836230278015,0.2808976471424103,0.9371384382247925,0.2209244817495346,0.9213266372680664,0.22358904778957367,0.884303867816925,0.3139665722846985,0.8395680785179138,0.37404757738113403,0.9301967024803162,0.279575914144516,0.9305823445320129,0.2226601392030716,0.9182414412498474,0.24318917095661163,0.3952605128288269,0.2441198229789734,0.9321916103363037,0.4288291931152344,0.36820700764656067,0.2348901331424713,0.9252692461013794,0.3943180739879608,0.4419308304786682,0.2474454939365387,1.3067716360092163,0.5094200968742371,2.6953728199005127,0.7851144671440125,1.0651439428329468,0.3866875171661377,1.8675814867019653,0.5658007860183716,1.2314345836639404,0.4324951171875,0.010343939065933228,0.04025496169924736,0.0065628401935100555,0.039126403629779816,0.010547074489295483,0.040695056319236755,0.004216228146106005,0.023980341851711273,0.003834529547020793,0.024957267567515373,0.009541459381580353,0.039477452635765076,0.012975653633475304,0.053406160324811935,0.009815284051001072,0.039363883435726166,0.008238405920565128,0.0361051969230175,0.00552429398521781,0.030340442433953285,48.15363693237305
39,0.9095725417137146,0.2489519864320755,0.9294848442077637,0.17510978877544403,0.9006211161613464,0.25649386644363403,0.8408842086791992,0.3148621618747711,0.8609791994094849,0.3046187460422516,0.9039093852043152,0.26147031784057617,0.9269272685050964,0.1888400763273239,0.9000730514526367,0.2579612731933594,0.8385093212127686,0.313508003950119,0.8571428656578064,0.30731356143951416,0.7618002891540527,0.3931053876876831,0.3507102429866791,0.23141442239284515,0.3734060525894165,0.19913728535175323,0.7539093494415283,0.39371198415756226,0.6907548904418945,0.3893280327320099,1.5348998308181763,0.5831549763679504,0.7391012907028198,0.36127880215644836,0.7558234333992004,0.3096086382865906,1.4942950010299683,0.5468118786811829,1.495938777923584,0.5889453887939453,0.028734473511576653,0.09384290128946304,0.004776836838573217,0.03585052490234375,0.007768935523927212,0.039200060069561005,0.047024328261613846,0.12991484999656677,0.042989250272512436,0.12346736341714859,0.029211802408099174,0.09748061746358871,0.0049406844191253185,0.03662360832095146,0.0072800409980118275,0.03645240515470505,0.04721759632229805,0.13128989934921265,0.04386723414063454,0.1243826374411583,0.0002500000118743628,40.0924186706543,0.8839182257652283,0.30385950207710266,0.8495950698852539,0.3520802855491638,0.9286540746688843,0.26739317178726196,0.9151561856269836,0.24083270132541656,0.9220979809761047,0.2160351723432541,0.884303867816925,0.3076311945915222,0.8376398086547852,0.3832392394542694,0.9336675405502319,0.2667519152164459,0.9159274697303772,0.237428218126297,0.9209409952163696,0.23523107171058655,0.38786581158638,0.24375635385513306,0.975545346736908,0.4407750368118286,0.37128496170043945,0.23238220810890198,0.90473872423172,0.3703972101211548,0.4418976902961731,0.24879370629787445,1.2834711074829102,0.5044844746589661,2.8417234420776367,0.8008530735969543,1.0748531818389893,0.3912148177623749,1.8095914125442505,0.5273901224136353,1.23080313205719,0.43852928280830383,0.00985722802579403,0.038942985236644745,0.00652975682169199,0.039098553359508514,0.010294183157384396,0.040114715695381165,0.004566565155982971,0.024771064519882202,0.003748679766431451,0.024282952770590782,0.009084236808121204,0.03817217797040939,0.01315656304359436,0.05363653972744942,0.00968636479228735,0.03908468410372734,0.007748505100607872,0.03467714786529541,0.00558381387963891,0.02986082062125206,48.46603775024414
40,0.9104859232902527,0.23636549711227417,0.9269272685050964,0.1854865700006485,0.9064669609069824,0.2518475353717804,0.8565948009490967,0.3037043809890747,0.8668249845504761,0.29355350136756897,0.9071976542472839,0.24385030567646027,0.9249178171157837,0.1953504979610443,0.9055535197257996,0.2531750500202179,0.8534892201423645,0.30295464396476746,0.8633540272712708,0.29849135875701904,0.7950333952903748,0.39545321464538574,0.35178399085998535,0.232316792011261,0.3964062035083771,0.20623023808002472,0.7618260383605957,0.3921866714954376,0.7114889621734619,0.3896467983722687,1.555522084236145,0.5759150385856628,0.7471714615821838,0.3603585958480835,0.7606528997421265,0.3138878345489502,1.5927443504333496,0.5503389239311218,1.4354172945022583,0.5660246014595032,0.029814494773745537,0.09327041357755661,0.004782647360116243,0.03563092648983002,0.008115786127746105,0.0393516942858696,0.04677342250943184,0.12794305384159088,0.043752532452344894,0.12342473864555359,0.029299356043338776,0.0955667570233345,0.005012806039303541,0.03654440492391586,0.007677714340388775,0.03653343766927719,0.047243062406778336,0.1292790025472641,0.04353761672973633,0.12307633459568024,0.0002500000118743628,40.45894241333008,0.8816043138504028,0.31846627593040466,0.8573081493377686,0.3447284698486328,0.9286540746688843,0.2534603476524353,0.9232549071311951,0.23261983692646027,0.9201697111129761,0.21730299293994904,0.8827612996101379,0.31631216406822205,0.8395680785179138,0.3840838670730591,0.9344388842582703,0.25253963470458984,0.9209409952163696,0.23038557171821594,0.9186270833015442,0.23692990839481354,0.3963540196418762,0.2356543391942978,1.1014525890350342,0.4713202118873596,0.3671768307685852,0.23006640374660492,0.9356787800788879,0.38888150453567505,0.4426758587360382,0.2525586783885956,1.3060517311096191,0.4916674494743347,3.2259185314178467,0.8453086018562317,1.059743046760559,0.3810354769229889,1.873955249786377,0.5571104288101196,1.2318391799926758,0.43934065103530884,0.010210972279310226,0.04000241309404373,0.006767801009118557,0.03968758508563042,0.010747278109192848,0.04088400676846504,0.004437272436916828,0.0245954766869545,0.003621532116085291,0.02423960343003273,0.009357394650578499,0.03907150775194168,0.013750278390944004,0.05452462658286095,0.009911040775477886,0.039350416511297226,0.007964945398271084,0.035131439566612244,0.005389638245105743,0.029844623059034348,50.564903259277344
41,0.9176105260848999,0.22736750543117523,0.9347826242446899,0.17186523973941803,0.898063600063324,0.25991690158843994,0.8522104620933533,0.30300405621528625,0.8622579574584961,0.2930036783218384,0.9110339879989624,0.23967909812927246,0.9307636022567749,0.187422513961792,0.8989769816398621,0.2551271319389343,0.8470953702926636,0.30453652143478394,0.8571428656578064,0.3009829819202423,0.7803518176078796,0.38919898867607117,0.3514201045036316,0.23151585459709167,0.3816109001636505,0.2001636028289795,0.7288378477096558,0.38715386390686035,0.7391027212142944,0.3954949975013733,1.4730581045150757,0.5612015724182129,0.7166774868965149,0.3594467341899872,0.7670943140983582,0.3118416965007782,1.5067903995513916,0.5428899526596069,1.5667160749435425,0.5815110206604004,0.028579628095030785,0.09152785688638687,0.0047453586012125015,0.036480292677879333,0.00769052654504776,0.038298189640045166,0.04539751261472702,0.12644422054290771,0.0452905148267746,0.12551447749137878,0.0287955142557621,0.09430113434791565,0.004930067807435989,0.037142954766750336,0.007705701515078545,0.036198344081640244,0.045896727591753006,0.12782524526119232,0.04526244476437569,0.12540924549102783,0.0002500000118743628,40.04692459106445,0.8831469416618347,0.31433916091918945,0.8607790470123291,0.34004950523376465,0.9321249723434448,0.264607697725296,0.9205553531646729,0.23605380952358246,0.9224836230278015,0.2066778838634491,0.8831469416618347,0.3151454031467438,0.8434246182441711,0.3792378008365631,0.9355958104133606,0.26431816816329956,0.9155418276786804,0.23306308686733246,0.9201697111129761,0.2255573570728302,0.40468308329582214,0.24596664309501648,1.0717334747314453,0.4627452492713928,0.37176063656806946,0.23288294672966003,0.92694091796875,0.3881603181362152,0.44300007820129395,0.2561303377151489,1.3468647003173828,0.5076179504394531,3.1429150104522705,0.8303708434104919,1.077829122543335,0.39007315039634705,1.8634676933288574,0.5470694303512573,1.2342607975006104,0.4416157305240631,0.010107522830367088,0.03978613391518593,0.006702264305204153,0.03955402970314026,0.010180044919252396,0.039632607251405716,0.004227563738822937,0.023257281631231308,0.003821942023932934,0.024612486362457275,0.009221849963068962,0.03876388072967529,0.013657324016094208,0.054608941078186035,0.00949337612837553,0.03861117735505104,0.006873557809740305,0.032202694565057755,0.005792378913611174,0.03041929565370083,50.334678649902344
42,0.9194373488426208,0.22853422164916992,0.9325904250144958,0.1749630570411682,0.9075630307197571,0.24505183100700378,0.851479709148407,0.29819902777671814,0.8615272045135498,0.2967674136161804,0.9137741923332214,0.2399514764547348,0.9260138869285583,0.19482888281345367,0.905370831489563,0.2545813024044037,0.8478260636329651,0.30816397070884705,0.8606138229370117,0.3000279664993286,0.7581546902656555,0.3928929567337036,0.3529473841190338,0.23123598098754883,0.3701856732368469,0.19935272634029388,0.7425961494445801,0.3877527117729187,0.7419731616973877,0.39645564556121826,1.4998292922973633,0.5711495876312256,0.7632453441619873,0.36603549122810364,0.7494521141052246,0.31130582094192505,1.5550155639648438,0.5394782423973083,1.4671547412872314,0.5712136626243591,0.029185285791754723,0.09282545000314713,0.004786193836480379,0.035762663930654526,0.0074800462462008,0.03819887712597847,0.04783102869987488,0.13197368383407593,0.04295773059129715,0.1233787015080452,0.02944105491042137,0.09543124586343765,0.004927667789161205,0.036344580352306366,0.006990418769419193,0.0350838229060173,0.04800231009721756,0.1322273313999176,0.04272447153925896,0.12256532907485962,0.0002500000118743628,39.992034912109375,0.8827612996101379,0.31556978821754456,0.8580794334411621,0.3418566584587097,0.9313536286354065,0.26451003551483154,0.9355958104133606,0.22151188552379608,0.9166988134384155,0.21962596476078033,0.8831469416618347,0.31678006052970886,0.8411107063293457,0.37748199701309204,0.9359815120697021,0.26350244879722595,0.9255688190460205,0.2256271094083786,0.9143849015235901,0.23849624395370483,0.39440521597862244,0.23580731451511383,1.0651394128799438,0.4625460207462311,0.36938297748565674,0.2281593233346939,0.9637276530265808,0.3888992667198181,0.4435145854949951,0.25400227308273315,1.3197243213653564,0.48194074630737305,3.148932933807373,0.8319188356399536,1.0707029104232788,0.3917042315006256,1.9386931657791138,0.548588216304779,1.2351964712142944,0.44011974334716797,0.00982716865837574,0.039145976305007935,0.006600367836654186,0.03929024934768677,0.010528535582125187,0.040277149528265,0.004618381150066853,0.024692071601748466,0.0037422876339405775,0.025088032707571983,0.008986777625977993,0.03826259821653366,0.013435039669275284,0.05419684201478958,0.00988517701625824,0.03924761340022087,0.007973691448569298,0.034833308309316635,0.005581649485975504,0.030694399029016495,50.58448791503906
43,0.9163317680358887,0.22639386355876923,0.9285714030265808,0.1798209249973297,0.9013518691062927,0.25387075543403625,0.8445377945899963,0.30885282158851624,0.8549506664276123,0.29209890961647034,0.9110339879989624,0.24406369030475616,0.9251004457473755,0.19002293050289154,0.9004384279251099,0.26070472598075867,0.8408842086791992,0.30929794907569885,0.8565948009490967,0.29616349935531616,0.7955458164215088,0.39418360590934753,0.3598799407482147,0.23198381066322327,0.3558039963245392,0.19689658284187317,0.7155147194862366,0.3828033208847046,0.7049452066421509,0.3887767195701599,1.4311357736587524,0.5616059303283691,0.7313045263290405,0.3597133457660675,0.8083959817886353,0.31354498863220215,1.41901433467865,0.5268447995185852,1.4991614818572998,0.5743821263313293,0.029275933280587196,0.09384680539369583,0.004938052501529455,0.03642178326845169,0.0080333286896348,0.03902913257479668,0.04697698354721069,0.12899459898471832,0.0444706492125988,0.12447939813137054,0.028982609510421753,0.09592342376708984,0.0051782806403934956,0.03722486272454262,0.007489483337849379,0.0361468680202961,0.047063034027814865,0.1294446885585785,0.04400014132261276,0.12437451630830765,0.0002500000118743628,39.43586349487305,0.887003481388092,0.3043242394924164,0.8603933453559875,0.3365159034729004,0.9317392706871033,0.2672848403453827,0.9336675405502319,0.22360114753246307,0.919012725353241,0.21445119380950928,0.8889317512512207,0.30499985814094543,0.8430389761924744,0.37396907806396484,0.9355958104133606,0.2662794291973114,0.9255688190460205,0.22456347942352295,0.9182414412498474,0.2337137758731842,0.4209834933280945,0.2495250403881073,1.089942216873169,0.46846941113471985,0.3693094551563263,0.22421929240226746,0.9576804637908936,0.3915269672870636,0.4437083601951599,0.2580363154411316,1.4447638988494873,0.5126248598098755,3.241100549697876,0.8439213633537292,1.071580410003662,0.39556238055229187,1.9377261400222778,0.5682317018508911,1.2345958948135376,0.43961262702941895,0.009098696522414684,0.03794693574309349,0.006203914526849985,0.038181815296411514,0.010529407300055027,0.040256258100271225,0.004576270934194326,0.024739710614085197,0.0037057544104754925,0.024209653958678246,0.008140177465975285,0.036788418889045715,0.013233901001513004,0.05393567681312561,0.009774104692041874,0.03902192413806915,0.008047303184866905,0.035017773509025574,0.005610056221485138,0.02990609034895897,51.39073944091797
44,0.9121300578117371,0.2386285662651062,0.9377055168151855,0.1699291169643402,0.8998903632164001,0.25691860914230347,0.850931704044342,0.3094277083873749,0.8597003817558289,0.29665082693099976,0.905370831489563,0.2474248856306076,0.9347826242446899,0.17953529953956604,0.8987942934036255,0.2572641968727112,0.8456339240074158,0.3120100796222687,0.8584216237068176,0.2996380925178528,0.7848377227783203,0.3907414972782135,0.33937039971351624,0.22922202944755554,0.34935420751571655,0.19627971947193146,0.7181177735328674,0.378693163394928,0.6824445128440857,0.3880954086780548,1.4739710092544556,0.5619795918464661,0.7337791919708252,0.3599240481853485,0.6532001495361328,0.29903146624565125,1.4640295505523682,0.5294057130813599,1.4584327936172485,0.5766960978507996,0.029471345245838165,0.09354948997497559,0.004718335345387459,0.03601765260100365,0.008142093196511269,0.03890112414956093,0.04723113775253296,0.12848757207393646,0.04352106526494026,0.1221456229686737,0.02904593199491501,0.09549687057733536,0.0048437719233334064,0.03652530536055565,0.00786749366670847,0.036214105784893036,0.04774592071771622,0.12993279099464417,0.043254200369119644,0.12168990820646286,0.0002500000118743628,38.88924789428711,0.8904743790626526,0.3015345633029938,0.8492094278335571,0.3476065397262573,0.9367527961730957,0.24638131260871887,0.907443106174469,0.2506723403930664,0.9217122793197632,0.2095106691122055,0.8904743790626526,0.3036368489265442,0.8357115387916565,0.3774203658103943,0.9371384382247925,0.24819853901863098,0.9089857339859009,0.2440555989742279,0.9213266372680664,0.22914396226406097,0.4211599826812744,0.251444935798645,1.0774219036102295,0.4678146243095398,0.3748076558113098,0.22744204103946686,0.939020037651062,0.37296009063720703,0.44194018840789795,0.2575778663158417,1.426861047744751,0.509177029132843,3.2175328731536865,0.8435338139533997,1.0911195278167725,0.39618799090385437,1.8392665386199951,0.5250602960586548,1.230441689491272,0.439157634973526,0.008641792461276054,0.03716033324599266,0.006283809896558523,0.0385114960372448,0.009329835884273052,0.03788621351122856,0.004920007195323706,0.02629939652979374,0.0038741412572562695,0.024143816903233528,0.007731615100055933,0.03613853082060814,0.013197949156165123,0.05373833701014519,0.008566443808376789,0.03662564978003502,0.008161366917192936,0.035339027643203735,0.005956330336630344,0.030264578759670258,50.884483337402344
45,0.9203507304191589,0.22052451968193054,0.9296675324440002,0.17151722311973572,0.9066495895385742,0.24708612263202667,0.8620752692222595,0.2914934456348419,0.8697478771209717,0.2852979302406311,0.9148703217506409,0.2315150499343872,0.9254658222198486,0.1866813451051712,0.9061015844345093,0.2550102472305298,0.8556814193725586,0.298030287027359,0.8690171837806702,0.2839503884315491,0.7490015625953674,0.3858170807361603,0.32987621426582336,0.2258036732673645,0.3938039541244507,0.20428591966629028,0.7141693830490112,0.37870344519615173,0.7264708280563354,0.3895479440689087,1.4503107070922852,0.5584220886230469,0.7316737771034241,0.3630049228668213,0.760042667388916,0.30715787410736084,1.4905006885528564,0.531031608581543,1.481245756149292,0.5735109448432922,0.02696080505847931,0.09060003608465195,0.00472624134272337,0.03571368753910065,0.007547098211944103,0.037555839866399765,0.04848999157547951,0.1304999589920044,0.043053675442934036,0.12371915578842163,0.026822660118341446,0.09221583604812622,0.004851777572184801,0.03621745854616165,0.0068261646665632725,0.034579455852508545,0.047913867980241776,0.13026843965053558,0.04326431080698967,0.12378934025764465,0.0001250000059371814,39.172874450683594,0.8908600211143494,0.29864853620529175,0.848052442073822,0.35489797592163086,0.9363671541213989,0.2486734688282013,0.9139991998672485,0.24642613530158997,0.9151561856269836,0.2182367742061615,0.8908600211143494,0.30114269256591797,0.8330119848251343,0.38578417897224426,0.9367527961730957,0.25008460879325867,0.9136135578155518,0.24233786761760712,0.9143849015235901,0.23865878582000732,0.43553996086120605,0.2527991235256195,1.0278570652008057,0.4597879648208618,0.3695889413356781,0.2252112478017807,0.9486367702484131,0.37473148107528687,0.4434177875518799,0.2556546926498413,1.4778560400009155,0.511368989944458,3.0461161136627197,0.8296141624450684,1.0731593370437622,0.39853957295417786,1.8591111898422241,0.5307763814926147,1.233591914176941,0.43672364950180054,0.008827307261526585,0.037688929587602615,0.006160293240100145,0.03815307095646858,0.010186160914599895,0.03966963663697243,0.005378095433115959,0.027542222291231155,0.003764799563214183,0.02371782436966896,0.007829658687114716,0.03647862747311592,0.013080807402729988,0.05343957990407944,0.009256820194423199,0.03800288587808609,0.008608072064816952,0.036253754049539566,0.005708382930606604,0.029624812304973602,50.4614143371582
46,0.9196200370788574,0.2240191549062729,0.9335038065910339,0.1753384917974472,0.9092071652412415,0.24509339034557343,0.8520277738571167,0.3013538718223572,0.8635367155075073,0.28573155403137207,0.9141395688056946,0.23965978622436523,0.9307636022567749,0.18494455516338348,0.9097552299499512,0.24350057542324066,0.8474607467651367,0.3070566654205322,0.8617098927497864,0.28827688097953796,0.778140664100647,0.39049580693244934,0.36864984035491943,0.23394174873828888,0.34049734473228455,0.19156421720981598,0.7059426307678223,0.3795725405216217,0.6777952313423157,0.38522347807884216,1.4456981420516968,0.5571286082267761,0.7424094080924988,0.359401136636734,0.6868584752082825,0.29899877309799194,1.4852417707443237,0.5317960381507874,1.3628572225570679,0.5670903921127319,0.027915718033909798,0.09121959656476974,0.004590357653796673,0.035016413778066635,0.008071665652096272,0.03823345899581909,0.047649603337049484,0.129688560962677,0.04268471896648407,0.12108787149190903,0.027664218097925186,0.09340344369411469,0.004917822312563658,0.03601384535431862,0.007439249195158482,0.035545431077480316,0.04771207645535469,0.1300826370716095,0.042555756866931915,0.12087814509868622,0.0001250000059371814,38.4345588684082,0.8873891234397888,0.3086700439453125,0.8476668000221252,0.3535810112953186,0.9363671541213989,0.2514462471008301,0.9124566316604614,0.24741005897521973,0.9143849015235901,0.22167102992534637,0.8877747654914856,0.3094981014728546,0.8314693570137024,0.38479727506637573,0.9367527961730957,0.25271448493003845,0.913227915763855,0.2437649965286255,0.9136135578155518,0.24264800548553467,0.42361941933631897,0.24857337772846222,1.01603102684021,0.45755112171173096,0.36817264556884766,0.22340449690818787,0.9468233585357666,0.3779437243938446,0.4439443051815033,0.25385501980781555,1.4270684719085693,0.5060256719589233,3.0018558502197266,0.8277993202209473,1.069224238395691,0.3939467966556549,1.8431226015090942,0.53256756067276,1.2359305620193481,0.4324120879173279,0.009354176931083202,0.038846127688884735,0.005973813124001026,0.03768114000558853,0.010261740535497665,0.03972969204187393,0.005487049464136362,0.027310576289892197,0.0038049921859055758,0.023943647742271423,0.008375369012355804,0.037742603570222855,0.013072923757135868,0.0534125454723835,0.00928463600575924,0.03794503211975098,0.00854765996336937,0.03601115942001343,0.0057466719299554825,0.029860500246286392,50.07158279418945
47,0.919802725315094,0.2214025855064392,0.935696005821228,0.17435228824615479,0.9066495895385742,0.25058886408805847,0.8525758385658264,0.3013589084148407,0.8617098927497864,0.28805968165397644,0.9123127460479736,0.24211649596691132,0.9309462904930115,0.18310429155826569,0.905370831489563,0.25777342915534973,0.8478260636329651,0.30491456389427185,0.8602484464645386,0.2850743532180786,0.7998166680335999,0.3947313129901886,0.34008949995040894,0.23066028952598572,0.3548303246498108,0.19574284553527832,0.6518959403038025,0.37251242995262146,0.6690883040428162,0.38399869203567505,1.4685068130493164,0.562498152256012,0.7463125586509705,0.36205244064331055,0.6954548358917236,0.3005429208278656,1.2452173233032227,0.5164238810539246,1.3668956756591797,0.5583446025848389,0.028870806097984314,0.0916503444314003,0.00466527882963419,0.03535822033882141,0.0071641006506979465,0.037166230380535126,0.04665098711848259,0.1288144737482071,0.04366534203290939,0.12253521382808685,0.028794439509510994,0.09359224140644073,0.004875462502241135,0.035883307456970215,0.00656686769798398,0.034742698073387146,0.046170882880687714,0.12839876115322113,0.043678417801856995,0.12234468013048172,0.0001250000059371814,37.577030181884766,0.8908600211143494,0.30093419551849365,0.8399537205696106,0.3654917776584625,0.9367527961730957,0.24669033288955688,0.9228692650794983,0.23954418301582336,0.9178557395935059,0.2137300819158554,0.8912456631660461,0.30376529693603516,0.8276128172874451,0.39538007974624634,0.9367527961730957,0.2493462860584259,0.9178557395935059,0.23712681233882904,0.9155418276786804,0.23428602516651154,0.43882760405540466,0.2577851116657257,0.9893965721130371,0.45120003819465637,0.370222806930542,0.22162503004074097,0.9620651006698608,0.3801202178001404,0.44336700439453125,0.2547529339790344,1.4984887838363647,0.523733913898468,2.9365146160125732,0.8190675973892212,1.0781402587890625,0.3951054811477661,1.8999543190002441,0.5432882905006409,1.2345505952835083,0.4353925585746765,0.008642947301268578,0.037293482571840286,0.005872598849236965,0.0373881533741951,0.00974351167678833,0.038691446185112,0.005509509705007076,0.028110705316066742,0.003814428113400936,0.02390623837709427,0.00765881035476923,0.03613892197608948,0.012818687595427036,0.052954018115997314,0.008783932775259018,0.03702506795525551,0.009161499328911304,0.03764856979250908,0.005867385771125555,0.029938597232103348,50.24044418334961
48,0.9177932143211365,0.22713544964790344,0.9269272685050964,0.18280939757823944,0.9073803424835205,0.2392079085111618,0.8507490158081055,0.2957782745361328,0.8617098927497864,0.28678473830223083,0.9104859232902527,0.23909014463424683,0.9258311986923218,0.19118879735469818,0.9070149660110474,0.23909923434257507,0.8443551063537598,0.3031994104385376,0.8622579574584961,0.28096330165863037,0.7623396515846252,0.3903384804725647,0.34897735714912415,0.2314874529838562,0.3722977638244629,0.19607093930244446,0.7018766403198242,0.3763493597507477,0.6652963757514954,0.38427039980888367,1.4848506450653076,0.5693033933639526,0.7319204807281494,0.358746200799942,0.7005301713943481,0.2998819351196289,1.4499924182891846,0.5319136381149292,1.3915886878967285,0.5615217685699463,0.028111843392252922,0.09186241775751114,0.004640561528503895,0.03548137843608856,0.007256233599036932,0.03727427497506142,0.047617316246032715,0.13076430559158325,0.04298052191734314,0.12207801640033722,0.027949683368206024,0.09358404576778412,0.004851651377975941,0.03645734861493111,0.006865580566227436,0.03480634465813637,0.04784006252884865,0.1318036913871765,0.042444635182619095,0.12108732014894485,0.0001250000059371814,38.463401794433594,0.890088677406311,0.3029659688472748,0.8384110927581787,0.363615483045578,0.9363671541213989,0.24979469180107117,0.9136135578155518,0.2454749196767807,0.9174700975418091,0.21736297011375427,0.8904743790626526,0.30482810735702515,0.8268414735794067,0.3906896710395813,0.9367527961730957,0.25215595960617065,0.9124566316604614,0.24198342859745026,0.9151561856269836,0.2371898889541626,0.42571595311164856,0.247755229473114,1.0140116214752197,0.45875850319862366,0.3710649013519287,0.22250396013259888,0.9417150616645813,0.3658493757247925,0.4431838393211365,0.25216004252433777,1.4427437782287598,0.5003488659858704,2.993685245513916,0.8278090953826904,1.0780808925628662,0.3933253884315491,1.8488998413085938,0.519353985786438,1.2338820695877075,0.43080440163612366,0.00878036767244339,0.037587881088256836,0.005787920206785202,0.03714725747704506,0.010007480159401894,0.03930304944515228,0.005400849040597677,0.02799845300614834,0.003843044163659215,0.024242334067821503,0.007796934340149164,0.036441344767808914,0.012881742790341377,0.053100913763046265,0.00915242824703455,0.03779781237244606,0.008370254188776016,0.035748932510614395,0.005912716966122389,0.030284248292446136,50.097957611083984
