timestamp,air_temperature,relative_humidity,light_lux,co2_ppm,soil_moisture,soil_ph,soil_ec,leaf_wetness,ventilation_rate,air_circulation,growth_stage
2026-01-01 00:00:00,20.91408059784485,73.80228962718493,259.09354885179044,851.4313341909677,63.273860949922074,6.175936275640726,2.0306503744212026,0.5592680652455765,0.3138060742203371,0.48927115445812835,vegetative
2026-01-01 01:00:00,20.718871468770992,75.67958676467796,238.06221342632998,851.4509520818402,62.25288955484424,6.216211509285077,1.9762836170623703,0.5199179508630903,0.29758162570509217,0.5081469805515114,vegetative
2026-01-01 02:00:00,20.65527088031251,75.23691998223599,93.57399609759217,860.8980936234511,59.05575197555023,6.19621870631688,1.9935853647011292,0.5203981707011469,0.3093356746744849,0.5124561256216152,vegetative
2026-01-01 03:00:00,20.668892673436087,76.8474801768567,271.10874303380103,853.1870202807513,58.43349761075177,6.223539421352,1.9990534105735314,0.5654203188217748,0.3073946610612503,0.49409548198525527,vegetative
2026-01-01 04:00:00,20.498029801545485,76.66147450501136,98.54504830056204,815.7098194879013,74.47029451366475,6.185866512370843,2.0200335517174604,0.5607099087506007,0.33698583635150886,0.5166223424872015,vegetative
2026-01-01 05:00:00,20.96055062809197,72.41018921290181,177.27973700694272,786.078439630602,73.0770688177188,6.215327413328534,2.0053190849533937,0.5754226899287754,0.5733650486767076,0.5093379322180159,vegetative
2026-01-01 06:00:00,21.354616368203263,71.96590745585347,4535.919803894141,842.5922240076476,69.69773319306522,6.243437085026223,2.027806826827774,0.4877595505309853,0.4428140578573019,0.4966430731374272,vegetative
2026-01-01 07:00:00,22.083528937121553,73.24289041101214,6347.248466208109,838.7947960369975,68.22939261314771,6.246449043749421,1.9998830573700157,0.5431626915260169,0.30790126098162307,0.48788016835819165,vegetative
2026-01-01 08:00:00,22.741601752169547,68.45164775868562,8510.281644509494,755.1352012017297,64.02672912907344,6.16487398464301,1.9921797647851538,0.366095389688547,0.6465069657969836,0.4822662460422391,vegetative
2026-01-01 09:00:00,23.29467612627566,67.50290685888136,10371.023404488938,765.8939292581745,61.89088540918011,6.243329499253594,2.0073455967713305,0.3624741948000784,0.6592422642834094,0.5011174621271187,vegetative
2026-01-01 10:00:00,23.662638307813854,67.04588145973709,12026.583424011556,774.602450595206,58.85460500090611,6.223031610088103,2.011374850790127,0.3127403756765211,0.6524640559783521,0.5012049852851144,vegetative
2026-01-01 11:00:00,24.357134835655632,64.65883530479421,13484.838546167963,786.7334644161764,58.47402077800137,6.171919939251034,1.9995651315355094,0.3064680567451435,0.6761355182622174,0.5041558246051855,vegetative
2026-01-01 12:00:00,24.657118213844004,64.95601536739788,14479.63986131321,750.786074581998,56.1895362974212,6.178348621515273,2.010994148569198,0.2874023163549681,0.6547323481484897,0.5227943080092917,vegetative
2026-01-01 13:00:00,24.921662915459592,64.22881038744097,14772.869844990253,765.1933700847661,57.439267722460194,6.162300524233444,2.0053449090684623,0.3171799886149381,0.666306324046215,0.5072841585095471,vegetative
2026-01-01 14:00:00,25.10118886796423,64.9102717473652,15215.32533218018,777.7606334937554,73.88856774297828,6.218506777761714,2.0158321728546165,0.2775527417441875,0.6505723400066256,0.5045833966772971,vegetative
2026-01-01 15:00:00,24.952489677425675,64.38647721504047,14407.492717826635,794.7282563762668,72.29795332166884,6.20905389675539,2.0404327696004283,0.280951444348207,0.6380425354456469,0.49528768405595613,vegetative
2026-01-01 16:00:00,24.690873050909783,63.86877142678032,13177.382258296451,777.6733288285141,70.62001724150882,6.233950196100242,2.029512514624076,0.28226104983820643,0.6254984445965758,0.49929802171834997,vegetative
2026-01-01 17:00:00,24.44176993591111,63.535236371782936,12161.250153409435,778.5459108207855,68.98717758979824,6.241508469514489,1.9974953980356924,0.3166608961018985,0.6313489133391338,0.486864814942177,vegetative
2026-01-01 18:00:00,24.02417147854766,67.88168829261922,10508.821640690147,817.6167469446045,66.50110598628069,6.211927208840328,2.019741852546814,0.3603498159181077,0.3744032722737138,0.5118823452406163,vegetative
2026-01-01 19:00:00,23.47089027063785,69.53275362984824,8600.323382499982,845.9992739841294,64.9795237623586,6.206658205022461,2.027967463666989,0.3911390916472585,0.28680037251847473,0.5207963299064459,vegetative
2026-01-01 20:00:00,22.30042603633993,70.58116811773137,708.721768908665,827.3590731346618,62.45577538070162,6.261286524462556,2.04407539653442,0.40234818902907327,0.2810139379612637,0.5025368722483087,vegetative
2026-01-01 21:00:00,21.945242021960027,72.24544715176063,244.38870928466713,837.4165812269333,61.51529518400386,6.2565418501302545,2.021386484953853,0.5029814903923634,0.2998474794170353,0.49160836344792463,vegetative
2026-01-01 22:00:00,21.316187695172598,73.67907937643703,117.97283142513292,823.4650412579657,61.4356246441742,6.209875923055702,2.0346764528070236,0.5135762686675623,0.29938321155098974,0.49528673270953916,vegetative
2026-01-01 23:00:00,21.225270734322788,73.98294207866826,285.41356068759814,827.4353392704899,58.81646513695264,6.206623706091347,1.9844075220275055,0.5407326592365553,0.3042756708026448,0.4827006230908218,vegetative
2026-01-02 00:00:00,20.976837396777487,75.73892281855495,59.0917988588614,818.9480899886935,57.92460680259284,6.216257498613364,2.0050277434859436,0.5560549507099419,0.2929442557092825,0.5097541596732701,vegetative
2026-01-02 01:00:00,20.735432026329295,74.28017779736284,109.3024713190024,830.3839518238691,56.50281976736597,6.199915522458858,2.0096270570078203,0.5414637666891139,0.31993694222011093,0.4793613742373828,vegetative
2026-01-02 02:00:00,20.575052454690592,76.0051797984048,172.37869702569267,847.250083725121,56.450325501761945,6.243685096038999,2.0308718901709333,0.5719031219644909,0.3027172249474459,0.5055706853240206,vegetative
2026-01-02 03:00:00,20.556096822165742,75.98896897908956,182.9666353234156,835.1897809056245,62.56433928725429,6.21256610536593,2.0264794564489863,0.568879676373561,0.29277639521908233,0.5184686333017654,vegetative
2026-01-02 04:00:00,20.513902917131798,76.6423461729478,126.19075423727152,841.9056029548486,70.29808721367928,6.231759924137024,2.014753016440496,0.5543364316363283,0.30075736300433525,0.4789667769706118,vegetative
2026-01-02 05:00:00,20.79522746443809,75.07018025584073,80.9624288492336,849.834676346035,65.57234661668822,6.267274944832913,2.0223304018772663,0.537438721002319,0.3218717115198588,0.5442303051251483,vegetative
2026-01-02 06:00:00,21.609932821738976,74.85737047807568,4559.337842228045,853.8631957436318,64.1722519900729,6.269482503424545,2.027832937851201,0.5556440790468585,0.29756923159413545,0.51073844115676,vegetative
2026-01-02 07:00:00,21.964381424200692,75.15583850210263,6180.343680538607,845.1346235682646,61.50088796315751,6.253417153673666,2.0137255355403583,0.56176197867595,0.2778708542832446,0.4786371071755621,vegetative
2026-01-02 08:00:00,22.599869377796868,69.10791076963837,8482.83788858299,755.0249856979275,58.903158968855955,6.21352353506322,2.01345360832442,0.38099413920223385,0.6868704246092144,0.500667030592464,vegetative
2026-01-02 09:00:00,23.232381958219907,67.62077520928652,10347.593525412953,771.8965029336797,58.89159605901484,6.218931483533407,2.0394303471467,0.31569393620581204,0.6820658343185285,0.496911521820947,vegetative
2026-01-02 10:00:00,23.727636959659833,66.42291218571486,12007.882283774212,779.8616271776149,59.59385967222113,6.241369581873838,2.0352184873052255,0.33666937696958493,0.6447250868313813,0.47357227281367953,vegetative
2026-01-02 11:00:00,24.18312252386897,65.85401364675798,13181.329222669883,750.3162803178658,58.397807629923626,6.257240485764022,2.0218021593291984,0.32346480637442176,0.6941748388595492,0.4926088994024083,vegetative
2026-01-02 12:00:00,24.571123731856066,64.26824269593106,14243.778356640223,761.5102385731852,56.541869782943,6.257276375960591,2.0064322012665166,0.2732143749660913,0.6777562201615294,0.5009551127906547,vegetative
2026-01-02 13:00:00,24.88542717720433,65.5341618875895,14959.38849033974,758.0442784384463,70.92661433639502,6.229165767010749,2.0382054723653504,0.2814741867723143,0.591249560457855,0.512175287647028,vegetative
2026-01-02 14:00:00,24.897429632613907,64.723574264191,14839.31694861112,800.8140313631833,69.08416443907954,6.272169337564697,2.0274100059449403,0.31692668912399896,0.6263433723032633,0.49642695511325385,vegetative
2026-01-02 15:00:00,24.99315792393324,63.50110762299764,14544.604787589875,764.642711882379,70.11068367790797,6.234129055991961,1.9925035995367555,0.30218427724568964,0.6368119025780528,0.5034409449094771,vegetative
2026-01-02 16:00:00,24.832951547255448,63.596251812496114,13590.7457596103,749.6456807252554,70.08309204809738,6.272273971830228,2.0520184944641002,0.3108354687419192,0.6552060934797477,0.5016860579515334,vegetative
2026-01-02 17:00:00,24.46934100600697,63.706627795403584,12206.048612754887,750.5066301554052,69.19588726545379,6.256939554546929,2.014403311379579,0.28390001282197586,0.7130026744047292,0.5184331675252736,vegetative
2026-01-02 18:00:00,23.995072629848732,68.48189185665517,10485.217274137663,828.5232487555721,68.32915443242094,6.252449298753909,2.0522092529081846,0.39729065747651227,0.33527445779909293,0.4890075898051928,vegetative
2026-01-02 19:00:00,23.449420756322272,70.08154700330209,8501.967323326791,848.0969938160315,66.26450722006679,6.26179776301154,2.0232109986911624,0.44346123777114665,0.2988300098282181,0.4844035169160794,vegetative
2026-01-02 20:00:00,22.417849868415527,71.73125581081395,932.9551584062501,837.0381405114091,64.44664756579053,6.261671434055007,2.0279570592964364,0.5261433917091209,0.29798061316360164,0.5136070061525821,vegetative
2026-01-02 21:00:00,21.72580693200638,72.96119147849771,99.95822899406075,869.3087459755693,63.0616197920388,6.248237347510952,2.0243787899617427,0.5497618319025013,0.2757570452424792,0.4698800424173413,vegetative
2026-01-02 22:00:00,21.521971767818204,73.4759947659293,202.1204413763985,836.1992782914014,60.40198417889213,6.24395172562325,2.0486690171850546,0.5374544525725599,0.3181617747641364,0.5092583721472497,vegetative
2026-01-02 23:00:00,20.895583057828336,74.95559223155,359.3551636888185,837.6411006738222,60.3319170858916,6.2443991286259335,2.0311940734998832,0.5632170460934085,0.30804745033231334,0.477613162489785,vegetative
2026-01-03 00:00:00,20.686343262934912,74.37354069349705,194.82973437216813,839.180372524284,61.30193529515298,6.259735439614578,2.0357239352065273,0.5270700867643466,0.32440141288594093,0.4782313304060337,vegetative
2026-01-03 01:00:00,20.68446026058042,76.04790202030917,271.710195299532,866.9382658266583,57.12555610925565,6.262221272843558,2.0287357416024467,0.564461468519078,0.29222209296302054,0.5092494557670012,vegetative
2026-01-03 02:00:00,20.563262244204353,76.9306872442548,291.7166273400857,837.5559299564919,66.65863095136868,6.300912186220487,2.018349380344126,0.5214996058245667,0.3105406735709307,0.4976929481434911,vegetative
2026-01-03 03:00:00,20.612568610045845,76.15991687650363,232.61304512937463,839.0370343328774,74.54151473761665,6.256144377093073,2.0353106951807356,0.5443673519270725,0.28511069342499856,0.4859527169893397,vegetative
2026-01-03 04:00:00,20.538115699060903,77.41630301885785,212.22703305699625,843.065595378463,73.72176218585281,6.273714980510882,2.0260338410017145,0.5545008491905562,0.307511250627266,0.5246624560195619,vegetative
2026-01-03 05:00:00,20.867537927472352,76.54299431410696,277.2412519913092,828.979767876367,72.71324481582978,6.232780337818671,2.02988420243588,0.5401922501914246,0.28257600904755403,0.48619348473304075,vegetative
2026-01-03 06:00:00,21.432103726235805,75.69850621468012,4522.259342172995,821.6799044022308,70.87405539534994,6.275075967179181,2.0144094300817925,0.505444760875909,0.3143549543161181,0.4790792856877142,vegetative
2026-01-03 07:00:00,22.069088862575715,74.89532991291549,6489.227997507387,820.4540231365941,67.62166830719036,6.281446747021877,2.0296783916168244,0.5631740495383997,0.31855831218624936,0.4980543797345274,vegetative
2026-01-03 08:00:00,22.772070911295415,69.49222610657763,8391.346049925029,772.7558071295643,66.18188859912945,6.247994013141071,2.017816015278685,0.433684312857939,0.643888768767621,0.46954171355467295,vegetative
2026-01-03 09:00:00,23.282534747943302,69.77210914884512,10429.2862875921,756.0975135231292,65.28747351032949,6.256518090873776,2.0364321264108214,0.38009365881094204,0.6269817911948485,0.4911486096796433,vegetative
2026-01-03 10:00:00,23.931673959667695,67.35018562028152,11789.454988323929,773.3374441917091,61.612155549877876,6.277399071091291,2.0380729601911365,0.3271238473699904,0.6469784735265579,0.4970767742067215,vegetative
2026-01-03 11:00:00,24.14417193164482,66.26605133898092,13299.832518679757,774.6522577797873,60.614442542343724,6.271335260746409,2.075421262532268,0.30730141195649213,0.6873763461514774,0.5152636116322401,vegetative
2026-01-03 12:00:00,24.64600273998529,64.92650706638987,14321.38475850133,760.0497754478666,58.93781426413623,6.292021034853325,2.0580218792281926,0.268603791033001,0.6454839902577376,0.5148866501857372,vegetative
2026-01-03 13:00:00,24.976926034232324,64.48073641310361,14961.347972985312,782.9680717685247,63.33903164574525,6.261438906924567,2.071109304320995,0.285865672816851,0.6544300994455731,0.5300949476584351,vegetative
2026-01-03 14:00:00,24.95819492336777,64.68210795127669,15083.520343369673,781.3018324565013,77.23452026197496,6.302717081217762,2.02043312951015,0.29284087510867185,0.6105112636701406,0.4888801765983404,vegetative
2026-01-03 15:00:00,25.057952928320745,63.6082793210183,14292.992240778496,747.1553679732323,76.3174923015537,6.309313626998468,2.050246412185773,0.2719225954662903,0.6982767654404812,0.5004233579320906,vegetative
2026-01-03 16:00:00,24.723713380064776,64.45130803352852,13235.707813403946,797.0184266828365,72.40770609923847,6.204735772411678,2.0186086231459943,0.30732189648778613,0.6756797998238001,0.5333586471782571,vegetative
2026-01-03 17:00:00,24.33543855635151,64.51177280796385,12239.990465614006,747.8938465474724,70.66192767305296,6.285881129144612,2.0393769247572293,0.26663733322789956,0.6606372182464905,0.5166823509678521,vegetative
2026-01-03 18:00:00,24.02318642388427,68.20254523662528,10518.547896627739,806.8789326916085,67.78257440052819,6.253905219806499,2.028242702482452,0.38514861741331535,0.3508843135649971,0.5078600482678789,vegetative
2026-01-03 19:00:00,23.40741417261167,69.59510106921279,8579.830461948979,838.582917373979,67.26685454518575,6.278171966575379,2.0543085019602283,0.4123577127506171,0.28927450154156426,0.5012267589590436,vegetative
2026-01-03 20:00:00,22.278791141354418,70.91199792946611,924.4307687068823,846.059167678984,66.7862392792418,6.298181077677923,2.0608670951819135,0.49874666634931164,0.3060255878362748,0.49546018979168527,vegetative
2026-01-03 21:00:00,21.77453046908364,71.69955898392843,110.71501138542685,822.4089294079807,66.20512202898698,6.306084548338444,2.0365300275952847,0.5185768891190933,0.40118116421672195,0.476815736866703,vegetative
2026-01-03 22:00:00,21.43114506636181,70.58832600467983,231.36601953986795,760.1970087455302,64.6557012450278,6.31205732950457,2.04784769195899,0.4030001983171241,0.6073669570233594,0.48309179071391206,vegetative
2026-01-03 23:00:00,21.157248881278942,74.7132186410502,197.4712974653498,815.7113607102682,61.28530976710285,6.288522662534471,2.0658443587212165,0.586977209962069,0.40224862204968237,0.4866226363571943,vegetative
2026-01-04 00:00:00,20.990675615467957,75.93941940865506,340.76486265794875,820.061127765422,60.134296354506766,6.309526844109963,2.051924590723234,0.5652032686833022,0.2876691725806802,0.5016966999313398,vegetative
2026-01-04 01:00:00,20.85576188031285,75.90744889799062,154.86829861401935,857.3453860264327,58.58359777924085,6.286473046438552,2.0338925266441445,0.5636815894697541,0.2953754450948483,0.5085921744849803,vegetative
2026-01-04 02:00:00,20.497654198737333,76.15843051081701,300.17578191595936,835.7086590303696,58.37994912416219,6.256893933335333,2.061502326783016,0.5814212766725358,0.31114099316416716,0.5181032585595586,vegetative
2026-01-04 03:00:00,20.640395413161766,77.25728465070101,365.90925033789273,843.8881727977399,59.1207220762571,6.239138125149954,2.079747023877077,0.6037657540012807,0.3164955578011466,0.48130950580683646,vegetative
2026-01-04 04:00:00,20.700715763540114,77.45585267793824,211.85616457910916,840.6934908903191,58.25760876754817,6.275288392500845,2.052035075890322,0.5441025374643623,0.2962959242168758,0.5204895950409297,vegetative
2026-01-04 05:00:00,20.88625852805117,76.67226617373315,187.71634130582575,861.2071686272544,65.47376396286073,6.250350699764283,2.036809054674823,0.5903419131514439,0.31367117219363033,0.5041475853038181,vegetative
2026-01-04 06:00:00,21.588360481646372,75.88201014417528,4549.659458778834,857.0025390679839,71.7161486503055,6.320945322788854,2.0519277917358014,0.5357740103522699,0.266725857069805,0.5385048968997818,vegetative
2026-01-04 07:00:00,22.043042326121263,75.36230206956608,6448.871785476917,856.618244546852,68.64825289981557,6.276937079523648,2.046205775112939,0.5189611932045609,0.3030013441747536,0.48350014866047114,vegetative
2026-01-04 08:00:00,22.56121437578949,69.78377574876244,8204.886291042245,767.8452434004416,66.99710830762159,6.313977179819374,2.0381912241689313,0.4122180656691301,0.6361719990532241,0.5167305313343266,vegetative
2026-01-04 09:00:00,23.16161761294614,69.26936095706883,9994.779385955657,776.7453534026587,66.05429905421032,6.280755380292284,2.0460758321326167,0.38500985031209717,0.6271774324266365,0.5142972610906903,vegetative
2026-01-04 10:00:00,23.920041755927073,67.87436878041578,12258.976352720203,742.9845436181495,65.11023476670304,6.304479509252954,2.0456272207063257,0.3419457242845927,0.705202077798129,0.4998274387624429,vegetative
2026-01-04 11:00:00,24.31326550285193,65.4216935700643,13380.166831867136,759.1575657433395,61.95656072843679,6.3558757835412925,2.053466691762311,0.28620130921633846,0.6727810184852975,0.4989127521859298,vegetative
2026-01-04 12:00:00,24.5417716863028,65.33793990217606,14365.480325935894,778.9322887887338,58.88825007355317,6.284751295734911,2.066038400354629,0.302382578142439,0.6868410451905858,0.49238452559437146,vegetative
2026-01-04 13:00:00,24.86861206936291,64.97395386168382,15143.06097051972,779.8125796540339,61.64238470272466,6.332133275269439,2.0493910954033683,0.32130699512292527,0.6984563542410641,0.4956267037873452,vegetative
2026-01-04 14:00:00,25.041229936603113,64.83120242324279,15138.791846462229,783.5696077310369,71.22710832814761,6.356442486927382,2.0460812583869488,0.3013830991020155,0.6361974659914119,0.5021493540668924,vegetative
2026-01-04 15:00:00,24.97162501066921,63.53540740710795,14166.1222209709,768.2903696545113,69.45738792563442,6.308435272079879,2.0537641157956394,0.2960808633526518,0.6901638886087079,0.4889844177731007,vegetative
2026-01-04 16:00:00,24.91035143898011,64.14836486171299,13322.651380003255,778.2864455555346,67.74862571578338,6.3261321601085525,2.053650971313139,0.2764678262244157,0.6289605486125748,0.48589489392069946,vegetative
2026-01-04 17:00:00,24.365035739736317,65.09775092171682,12281.24898916955,758.7910459883075,65.81030635858613,6.302365751003296,2.0475814589704973,0.3008932773641017,0.67566048350443,0.48652911064776533,vegetative
2026-01-04 18:00:00,24.050974076117143,69.62490700711543,10204.154041873864,837.2851264545925,61.797849711296664,6.315148813878808,2.0473047673525238,0.39053846957592686,0.32706826995247157,0.5104908795972682,vegetative
2026-01-04 19:00:00,23.44115145677299,70.61595014521714,8538.698029624502,881.2181301318597,59.791499662971844,6.303969817099638,2.0411870269882235,0.45138707843676174,0.2662907673570138,0.4994805474980661,vegetative
2026-01-04 20:00:00,22.334589172374297,71.77839460666422,1066.6090127016726,1055.1499342667519,60.63629891955507,6.3242959479288,2.0401204984285912,0.46393129923283966,0.3004661899889928,0.5156334736504297,vegetative
2026-01-04 21:00:00,21.773973200528626,72.96356448612498,249.5716626194005,924.2958874335251,72.95925596793641,6.332185710723688,2.0602901438647336,0.5233613529059639,0.2912666429859764,0.517366469342058,vegetative
2026-01-04 22:00:00,21.512236884621668,75.30739017409316,111.73320642056264,863.7822254771496,70.1878805325998,6.327028436005317,2.0550604205755536,0.5470649224232689,0.30036741213078816,0.5295936217605751,vegetative
2026-01-04 23:00:00,21.105391595838928,74.90214400675544,148.73034082255614,839.2557754062362,69.48254808328555,6.304863542247879,2.0667904342150174,0.5735686872566502,0.3010910034292351,0.5024862913718896,vegetative
2026-01-05 00:00:00,20.738081826613215,76.47979795571268,73.10053714599027,840.3252107731777,66.15951104953069,6.2738653810924845,2.0634924081092403,0.5264442461421525,0.31046880634204604,0.4884604635352701,vegetative
2026-01-05 01:00:00,20.755940854031657,76.60085696584585,117.66796456730503,818.8488339604864,65.14856549841907,6.319864048432468,2.0292574854728507,0.5803755249181105,0.3067370533257852,0.502004646779413,vegetative
2026-01-05 02:00:00,20.54850569337853,76.82110827126824,119.19592864329896,859.3810243905072,58.93779427463667,6.325653763958908,2.0593742680384852,0.5670701390566223,0.3096423602671777,0.4930780673016198,vegetative
2026-01-05 03:00:00,20.55223327201475,77.4621635260706,94.43146287126439,838.9935385189505,59.06258253160478,6.285174879680285,2.0635115837249955,0.565166358764759,0.3067642998962731,0.49211061246070464,vegetative
2026-01-05 04:00:00,20.68772925217347,77.44266590265207,164.06014628032256,858.6602955191178,71.90395047143296,6.339992978615418,2.0497758757476103,0.6048625685240862,0.2861658222454088,0.48578280578370686,vegetative
2026-01-05 05:00:00,20.962006948956148,76.98995092334295,183.3285012844349,827.28814943142,69.98861020690426,6.337375286294059,2.0448510753153917,0.5793159726501534,0.3062766760775743,0.5166061639523689,vegetative
2026-01-05 06:00:00,21.465755120386692,76.90904477026551,4514.0350374120135,826.0303018053827,68.3376871025453,6.309456935408343,2.0521753682687094,0.5032655557515083,0.294711437418771,0.5056941374564997,vegetative
2026-01-05 07:00:00,22.097577793611674,75.12699591878328,6397.415049868175,847.5788294411278,67.95516035705845,6.3668989872292725,2.067743612662775,0.5374587018784542,0.29820851092177114,0.5085042824031043,vegetative
2026-01-05 08:00:00,22.6834491502533,69.72247530148378,8589.573472651968,768.9271439173282,64.87620084699758,6.332463262422601,2.0611108873047788,0.4195973418854752,0.6480654094841615,0.49125888256618677,vegetative
2026-01-05 09:00:00,23.245582305225692,69.41078745794088,10136.317776022568,758.2994831850518,61.93990559061101,6.302988392361407,2.0595156502488012,0.380460708649657,0.6241569904213758,0.49401141045441205,vegetative
2026-01-05 10:00:00,23.741726984078028,68.38522507264831,12085.484983877983,775.752208250708,59.00269128072068,6.2997722359211705,2.052233461352397,0.3654314963037984,0.6653178473668162,0.5286752850847722,vegetative
2026-01-05 11:00:00,24.391897542042184,67.35464871874177,13106.648425371191,774.4792481878598,56.135680668753906,6.315206810425702,2.0545609667042055,0.3152198797437333,0.6616919942597749,0.49861657012813954,vegetative
2026-01-05 12:00:00,24.489319833398156,64.77514135585277,14287.83269656687,763.5627053400517,67.7013008128289,6.3248303305522375,2.0573474452825606,0.28875595941925053,0.7005095130007043,0.4796426373639568,vegetative
2026-01-05 13:00:00,25.02569465022964,65.73548395178324,14982.113454771434,753.0460378720417,68.69046626610002,6.3155211755525436,2.094840278956411,0.26578813339006474,0.6793228194333011,0.5219469515073395,vegetative
2026-01-05 14:00:00,24.902219066591538,65.18533668407152,14864.697782203953,748.8325125696769,65.49548227237442,6.358268181071825,2.055911475019482,0.2898651555188499,0.6540920007645973,0.5105927006667501,vegetative
2026-01-05 15:00:00,24.955490855329856,65.03463598260046,14467.41752718108,757.0554469945182,63.89258377189927,6.3856766247012855,2.0490739593303515,0.3239566434913637,0.6473356241148389,0.49494166213647345,vegetative
2026-01-05 16:00:00,24.813509562570157,64.27640377754877,13230.38379649342,767.3610026640271,60.341581143643204,6.348957069201191,2.0694895629547623,0.28058421835404196,0.6554757086385887,0.4994866842424197,vegetative
2026-01-05 17:00:00,24.54847733278457,65.78207723719204,12078.310635687521,762.8482193376368,56.870044785779754,6.342871825556519,2.080440069650788,0.34448249698380357,0.6624367603056794,0.5100333058386839,vegetative
2026-01-05 18:00:00,23.89799951432089,70.13147056111374,10302.339272694457,823.6277054211479,72.28930387336155,6.358447295813183,2.0772045595766233,0.48186989930100516,0.3434622913364989,0.49988627458200335,vegetative
2026-01-05 19:00:00,23.503539641633377,70.39997826856298,8584.85005631354,839.4095131666126,76.14205703228912,6.343814204521223,2.070331067622183,0.4312833330465326,0.29141215049295754,0.5017421339978899,vegetative
2026-01-05 20:00:00,22.308035435038605,71.54211109905226,688.8215381738152,840.2283077729982,71.60704910437103,6.283150602685502,2.064828197201447,0.4707748159802314,0.28335030012774254,0.4719637835754187,vegetative
2026-01-05 21:00:00,21.9460405986883,72.22122986250167,178.35140381728482,849.6800072852294,69.5455937518873,6.357915831282578,2.0732560362774834,0.5551083261283144,0.302495186333188,0.4898748835777908,vegetative
2026-01-05 22:00:00,21.469586808243193,73.8460694144703,175.754839295142,837.0483986653429,70.50016987070767,6.371528926665618,2.0781822974319275,0.5361829607040103,0.2832349405295181,0.5132925519089088,vegetative
2026-01-05 23:00:00,21.22205803987203,74.68029235770133,237.28427886063855,838.313580985014,69.76752108560444,6.333652606177111,2.082149769393975,0.5565029201218901,0.3237927414633987,0.5038162136251649,vegetative
2026-01-06 00:00:00,20.902664681372396,76.20559906164631,58.019260241972326,841.1589207944011,67.70098571860413,6.378595232789998,2.0753044588249465,0.5061186910861607,0.29706347377179537,0.5377399752368538,vegetative
2026-01-06 01:00:00,20.680195067540815,77.8002163627728,180.4338767051877,845.767479592395,65.75648819628525,6.343520982740384,2.0610591386504473,0.5308432062651238,0.25997375757818525,0.47955045860978635,vegetative
2026-01-06 02:00:00,20.516959147371384,76.65722811723,262.09044205937454,835.8000560635815,62.05946003255779,6.363256535773407,2.0557004085499924,0.5465462195485599,0.28111343251353815,0.5029959019009066,vegetative
2026-01-06 03:00:00,20.411284583503278,77.18990602915572,247.2598520290717,833.0604322676727,60.23911348177044,6.366154976667905,2.0598474738082224,0.5397205110551703,0.29829291165061383,0.4639194719764744,vegetative
2026-01-06 04:00:00,20.579973062272092,78.39039737580335,64.78589319513169,857.768153490125,60.21201702142792,6.330097299486426,2.0738740756481095,0.5807140974848917,0.31156638118533964,0.4799700923492633,vegetative
2026-01-06 05:00:00,20.83040727806231,77.27510396791541,185.4073829740266,840.1219614818123,56.50434433535229,6.381182153730491,2.0866027456684506,0.5532089262016903,0.3347040959996311,0.4981446646308429,vegetative
2026-01-06 06:00:00,21.49714941912659,76.68415718644893,4670.705615367483,841.8824371931619,57.50464143646937,6.333800632840686,2.0783030306469614,0.5502869955500007,0.31422351844451324,0.5062147507437701,vegetative
2026-01-06 07:00:00,22.144729106440625,76.32864890929595,6321.962967110422,837.1395968240663,56.23283510318353,6.401168468211534,2.0648238765394433,0.5637982142326803,0.28523041478095684,0.4834034307639134,vegetative
2026-01-06 08:00:00,22.71076321176628,70.29889552622382,8290.62757918214,763.0729357853156,77.06276456120958,6.33371890402356,2.0783830965984795,0.46754269331802245,0.6656375251562173,0.49738085392844433,vegetative
2026-01-06 09:00:00,23.217227357399228,69.7919232962537,10428.24125758892,778.8152222384488,74.89846766722866,6.285363432347112,2.0887955803537994,0.4218860987132147,0.6359670655978334,0.4817761898202426,vegetative
2026-01-06 10:00:00,23.821248940641443,69.03820918813359,11863.816023839594,762.4721746959873,72.39288715021318,6.345896102398979,2.073076617405151,0.33099069131012554,0.6107655182635922,0.5470867850284854,vegetative
2026-01-06 11:00:00,24.219400972079985,66.35611958480241,13301.973715244521,761.4363988951465,73.24693301269824,6.364374090913263,2.066911813157549,0.29136022740088524,0.6780416593035028,0.504061747254731,vegetative
2026-01-06 12:00:00,24.6304013872525,65.89406531439866,14437.29685004626,754.6540166143033,72.06732982251565,6.3917765000847275,2.071086223839872,0.3392092691166957,0.6672862223698884,0.5149417795624277,vegetative
2026-01-06 13:00:00,24.683952093357117,65.76029086256106,14970.10060905191,785.5738391565436,68.23165830761218,6.354669032460652,2.0917701779536095,0.3132785085071425,0.6429236137882081,0.480421967863283,vegetative
2026-01-06 14:00:00,24.908791903103282,65.52553778406416,14808.879216746767,758.5925925611781,65.03530995853005,6.360884893291328,2.0614311014175555,0.2907148256544652,0.6376013463646499,0.5048807857975248,vegetative
2026-01-06 15:00:00,25.075229191871898,65.5586487995307,14385.06668187032,743.2073040104661,61.46341535569905,6.391597458649155,2.08505333689045,0.2749999338204486,0.6566055469047966,0.5001216419312035,vegetative
2026-01-06 16:00:00,24.70616473695587,65.29448153196856,13469.421971422911,753.5473635493508,58.940656131576226,6.383763825364695,2.0825625846176976,0.27930075751602296,0.7160305263819793,0.5103832786763792,vegetative
2026-01-06 17:00:00,24.245511062090955,65.34985070189111,12360.420181315434,780.0968228541975,57.52427448296462,6.376391059629036,2.071117278618475,0.3108795107098213,0.6763737580236922,0.516500365619409,vegetative
2026-01-06 18:00:00,23.95343288450322,70.02948358738148,10426.044677310669,863.6488325339311,57.6576247629012,6.363075770136343,2.0915677795063403,0.38967956540556736,0.32073166575837747,0.5021284482964417,vegetative
2026-01-06 19:00:00,23.463668749566477,72.52262954445884,8603.617529541481,857.1431094379649,71.37299464349076,6.340757913959774,2.0889528580546055,0.5183923172397377,0.26352237808597406,0.5143582937150176,vegetative
2026-01-06 20:00:00,22.45667113975641,72.34652966012752,871.41735517801,864.7162915105622,69.85495586397164,6.376043838383129,2.119181099749272,0.4794277918359153,0.2908495702019892,0.4673265003708724,vegetative
2026-01-06 21:00:00,21.850756707601917,74.05668543480799,87.51921076348297,823.769788887064,67.79336619552164,6.432360839241472,2.0900420999202365,0.5582645151218345,0.30511435259736275,0.5144571170009514,vegetative
2026-01-06 22:00:00,21.41869096930992,74.64525286925664,135.4629259018259,830.7011258097654,68.36563946701914,6.392927661246432,2.1068765067068322,0.5244018281040769,0.30324229856803686,0.5097348423185283,vegetative
2026-01-06 23:00:00,21.065840303523075,71.21130474283498,214.70784149024902,790.3231731174404,68.4359230246385,6.349127164638715,2.067557114314859,0.5302529674529091,0.6123447695759291,0.49368381491609803,vegetative
2026-01-07 00:00:00,21.01523965268154,76.00217966287556,313.02099409280453,823.3712371639336,66.30715694982668,6.386689199974235,2.064592237185049,0.5675059924623488,0.36201447460114883,0.4850137046708851,vegetative
2026-01-07 01:00:00,20.725539113808797,77.05102446117733,260.0547601847756,814.8850863987258,64.17031994545647,6.369344281829897,2.096971417071649,0.5413553847141805,0.33682064630973113,0.4728881048370382,vegetative
2026-01-07 02:00:00,20.620302406688015,77.97415789710094,169.73140292189598,826.9426441991822,62.03573312738274,6.395896454799033,2.095522435828569,0.5330870609469002,0.28127512463812626,0.5097990086900982,vegetative
2026-01-07 03:00:00,20.62651295629486,76.85022813151231,337.11061768325925,827.2721045802126,61.21426745809857,6.409026833174397,2.079911434952295,0.5256369826895757,0.29251246661871283,0.502862066185702,vegetative
2026-01-07 04:00:00,20.56090790359423,77.01270931004551,238.86632581530682,839.0907426007212,59.946249251424206,6.379870375333559,2.0876325300030385,0.51725389400202,0.3052684776300852,0.4604908486651025,vegetative
2026-01-07 05:00:00,20.74532255424454,77.64489348611563,206.60596814378187,843.9319433677041,59.65182707971807,6.338110546964505,2.0965203913905985,0.5631880351972556,0.32109800674321015,0.5180717376403708,vegetative
2026-01-07 06:00:00,21.592320611183865,76.61819917394993,4508.185016448422,838.9735804400153,60.014929578521965,6.396397081988827,2.0743678996708597,0.6029524349768071,0.29975858685528417,0.5083396370314723,vegetative
2026-01-07 07:00:00,22.10252302961906,75.10129194309565,6479.951973110064,853.276303684673,58.13980320733106,6.342328058615397,2.101590073782616,0.5250869289705127,0.27752598787975963,0.49544433408555816,vegetative
2026-01-07 08:00:00,22.699031280290825,70.85051262561579,8396.18846765744,783.1603904665495,64.45798249422096,6.437915302647752,2.0934397736080785,0.4897107231269471,0.6135268663808254,0.5193746952228407,vegetative
2026-01-07 09:00:00,23.21751954698264,70.57018274984651,10465.63542054362,753.3168190474648,72.36252680942977,6.384491892096982,2.0975375978960202,0.46184842903871776,0.6468615718527881,0.4852328676397952,vegetative
2026-01-07 10:00:00,23.747244093823472,68.81804967751897,12269.080826755142,771.0095213836889,72.3880761656073,6.37851846623771,2.07883582139631,0.3795787269370446,0.6351881812565313,0.4934149679986066,vegetative
2026-01-07 11:00:00,24.097667789842944,67.99616491386199,13406.900315431783,781.0113366457541,72.06795483655263,6.383561019768592,2.087322568108921,0.3489513142644583,0.5967074916299498,0.5171912172647243,vegetative
2026-01-07 12:00:00,24.637427459789695,66.82291235737013,14450.090682638278,744.8854796756758,73.1542262411522,6.415596020076816,2.099148989284119,0.29186025844896385,0.6434852876813572,0.5125858156386337,vegetative
2026-01-07 13:00:00,24.87887859617423,66.43266123968753,14929.098233870609,775.8575372925549,72.12884047691254,6.3849964629898395,2.0946977336775645,0.319994920973546,0.6370740631154063,0.5239731254298898,vegetative
2026-01-07 14:00:00,24.95215489564853,66.2567884214166,14960.71026616798,748.2320728716136,69.31898191688204,6.396652407642249,2.1321180077501922,0.2761153103150748,0.630219333996349,0.4773429412764871,vegetative
2026-01-07 15:00:00,24.855569582028693,64.15030290038706,14535.264629991356,774.8035179438816,64.93448988747546,6.392338484864108,2.095288258377966,0.30597190583155204,0.6464534494813216,0.5111753920039258,vegetative
2026-01-07 16:00:00,24.581149798121448,64.78017694351752,13421.1983445799,775.0188861839705,63.23710578893502,6.403906700656311,2.103797997252019,0.28218515072232453,0.6334798349362383,0.5144744315887798,vegetative
2026-01-07 17:00:00,24.28160398311181,65.96230666899352,12054.072932227515,790.9281214034528,59.92499588867097,6.386467276647113,2.0744049446339665,0.32427526045588,0.6322735292454206,0.5323440714289693,vegetative
2026-01-07 18:00:00,23.966942602879637,69.17149673965967,10395.014413387968,807.668754538437,56.573328342731266,6.409779972989084,2.1168454779757213,0.430309080173884,0.3067010979547216,0.5022162685885094,vegetative
2026-01-07 19:00:00,23.39261673980678,70.5483556036766,8708.344879385464,867.5060838026817,56.5388783753063,6.351082119272525,2.100071930970895,0.4480022424976721,0.2927330654175841,0.5379805194311015,vegetative
2026-01-07 20:00:00,22.472161876106856,71.68858052193175,870.3065236676474,860.6053083087685,68.19982738889651,6.411997484771315,2.0834868498920547,0.5024377640684766,0.2993762965725068,0.4857024717076383,vegetative
2026-01-07 21:00:00,21.813455235520525,73.38655335515752,283.59850369850204,852.5868957461885,72.29498948834559,6.381139289543003,2.079838921105521,0.5176760769587313,0.2812661839755935,0.5281439119823989,vegetative
2026-01-07 22:00:00,21.31433566777376,74.20562504930548,164.7800135738763,829.7892262720029,68.95590742729009,6.370716605555803,2.0915277595848187,0.5682987141474746,0.31621960339981753,0.512802205512536,vegetative
2026-01-07 23:00:00,20.971855564377197,75.48087323580084,122.53431719696152,840.5460882639354,68.5896017100906,6.366338842049966,2.1183373997417996,0.5817565651300224,0.30395901013879206,0.4872456742849152,vegetative
2026-01-08 00:00:00,20.925581480016856,76.93827413188728,207.4190891679815,855.1336838753837,62.89239408422784,6.427706771101577,2.097584698299752,0.5433498552976836,0.3083659540352069,0.5028469774602812,vegetative
2026-01-08 01:00:00,20.75676734829742,76.5267264351778,261.4542917349308,845.7255240310401,59.68065892904543,6.411595489881157,2.0859987187298996,0.5301340653071273,0.30505670580735683,0.5146798249010521,vegetative
2026-01-08 02:00:00,20.483671943662433,78.68061959018965,201.43849183170428,834.6260021826916,58.35484772560093,6.390928651077565,2.0886302221635917,0.5794194977760095,0.31189031149945273,0.5272109223112725,vegetative
2026-01-08 03:00:00,20.58153653595181,77.67962341534874,185.2104037907436,831.8389701900677,62.90927499678103,6.427035109599859,2.127463150574336,0.5726046138187019,0.3094960906612371,0.5168536587894906,vegetative
2026-01-08 04:00:00,20.593046306870825,78.8649973743513,202.32758808135927,836.8297826136582,68.5180702533237,6.417535021863961,2.1009214458000596,0.5738925277028812,0.3059484099879754,0.48802884881021696,vegetative
2026-01-08 05:00:00,20.92903727473973,77.53727964887048,163.3285674417175,853.4170647891573,63.45039507724315,6.407131492487744,2.1084902851925484,0.541612227964552,0.30396078979065344,0.49168302478584874,vegetative
2026-01-08 06:00:00,21.513276583421554,76.88037479610469,4459.854568394801,819.2684743011813,60.27919677767729,6.387320233376709,2.1076089588542923,0.5374166489779808,0.2957739976575865,0.5030233855657332,vegetative
2026-01-08 07:00:00,22.08575904296669,75.67679562785604,6420.368233848229,822.2042629612282,60.1078839624148,6.376352484744532,2.0974401847612554,0.5291606482307208,0.31669776133539246,0.5104433378004484,vegetative
2026-01-08 08:00:00,22.44694154361017,71.39149042427297,8299.398951769788,743.1994455961317,57.935800862559155,6.392416709843627,2.091193082134332,0.4811413434204231,0.6511211000613302,0.5236343488801751,vegetative
2026-01-08 09:00:00,23.214972386444256,69.58686519497232,10333.29825830682,757.1930421143308,57.48172111540768,6.398435849745145,2.097058102102317,0.4251633589546162,0.6215907023436097,0.4822088762026684,vegetative
2026-01-08 10:00:00,23.840320167175676,68.77106634046567,11834.767402459269,759.9286353523999,72.59273126091212,6.420441401391986,2.0854291421689295,0.3854042245648333,0.6775925705900887,0.48986968366714256,vegetative
2026-01-08 11:00:00,24.29733188292955,67.58874325170683,13414.598866423708,768.7577000845114,69.19939478584284,6.348524541271613,2.1230303361741747,0.3575720225989793,0.6801115441163366,0.49375873306843904,vegetative
2026-01-08 12:00:00,24.68140664910433,65.73504226624401,14472.348982845748,767.9202295224967,66.54397590384173,6.473963460786201,2.131591335305648,0.2915037280468303,0.6706392851820396,0.510164021061033,vegetative
2026-01-08 13:00:00,24.73204750674442,66.43829485506278,15070.272766100288,778.0841146478397,65.7216061274695,6.4197267072775075,2.0966602189602592,0.2723957221007142,0.6636824155660138,0.4943906700842808,vegetative
2026-01-08 14:00:00,24.97226499576872,65.3304304824082,14926.244833438635,758.5830606841846,63.78398296502588,6.421755365726741,2.105109045725886,0.31172034720317615,0.6565696624124485,0.513020048801296,vegetative
2026-01-08 15:00:00,24.913657636477097,64.7964393601823,14696.799404510406,786.0529073275588,61.921577993514546,6.41263374586385,2.0850452714378824,0.317041447301933,0.6610550135986702,0.4882041606691006,vegetative
2026-01-08 16:00:00,24.693105402630323,64.15598509237084,13565.216499952801,768.8203221928538,58.83711107923065,6.436453684146369,2.1268463009382175,0.26936618768633064,0.6757830091387174,0.5168479754871408,vegetative
2026-01-08 17:00:00,24.459967705504795,65.90775360799317,12214.159385806504,784.8732749322022,57.912868131567336,6.405564103258771,2.121007461859634,0.3084372722676928,0.6270327719747336,0.4778994848856068,vegetative
2026-01-08 18:00:00,23.89320680159661,70.07312070616385,10384.322940972983,788.4134669989174,70.59375150582197,6.4215539075071115,2.1179982533466113,0.46173988408076466,0.34260874474236386,0.48755747189068765,vegetative
2026-01-08 19:00:00,23.419313405404893,70.46654466641701,8579.722904569948,856.3459877889721,75.17000892426766,6.394854411101001,2.100776800452017,0.4448696405371662,0.3133286996974595,0.5118049416657027,vegetative
2026-01-08 20:00:00,22.163511290386513,73.28497651584038,932.6377895131877,846.4009242506651,75.15759007284178,6.385533697100406,2.1340667721746907,0.5367762179947907,0.31581924853876103,0.5167912719589879,vegetative
2026-01-08 21:00:00,21.855670144108956,74.06110255253598,248.4929142933004,847.8475105341669,73.14545868523292,6.398571055059967,2.1362134228715575,0.5838634235233474,0.28110288494356306,0.49880689534768813,vegetative
2026-01-08 22:00:00,21.59058130872967,74.19946415470785,246.1653566600519,834.0466262564249,70.59754746235522,6.482805999174086,2.1228001316947562,0.6037388742361157,0.30063812174479526,0.5072493939169038,vegetative
2026-01-08 23:00:00,21.017922730071568,76.47268023475566,191.0694021227488,858.6735893146757,70.61807723243629,6.454251296945205,2.1061088863471014,0.5476015965940721,0.2935660044119101,0.48044205627422243,vegetative
2026-01-09 00:00:00,20.741838910258604,77.06662412268174,124.8832241072235,960.2986155904044,71.5725309136958,6.468204270576666,2.1186452872245662,0.5591922945891199,0.31636504199363674,0.5013897560044419,vegetative
2026-01-09 01:00:00,20.41337726222615,77.87418784593285,149.63470118923416,869.3607290490364,70.5101987869842,6.408689958593331,2.09976397288553,0.552604480046727,0.26766069362429434,0.4857608811024002,vegetative
2026-01-09 02:00:00,20.596741490291055,78.4834749830135,209.66512291995852,840.3692270131595,69.45619654576736,6.4798322027175965,2.1225816149595844,0.5523452811137063,0.28236906176652676,0.4862393050202245,vegetative
2026-01-09 03:00:00,20.656448545447468,78.74066332266068,173.33657755314326,833.6052658848093,68.36315684913832,6.384953301076887,2.112592271174804,0.5361080650975022,0.28898826092915425,0.48368850319126794,vegetative
2026-01-09 04:00:00,20.646968516275006,79.38772540611231,199.4269704171553,835.5191761954178,65.91834875585539,6.443691277420353,2.122388973723641,0.5290350965040108,0.30544139929136555,0.4903131930773596,vegetative
2026-01-09 05:00:00,21.10382035296045,78.0687885906457,276.98638565568734,844.1939924162957,65.83631384081262,6.405314440830939,2.122271151754563,0.5529965920419601,0.2880234493270535,0.5128184118584326,vegetative
2026-01-09 06:00:00,21.628164642069105,77.84078103026377,4545.618796109557,826.1512305859059,66.14114300143255,6.413126254106628,2.1356933506238933,0.5571520359495371,0.313731737183266,0.5231104783741892,vegetative
2026-01-09 07:00:00,22.16458176549696,75.75617452812143,6421.9341929911725,865.5073552064787,66.43756428245251,6.409424796726225,2.0984828311085395,0.5926723991075374,0.360567149655556,0.47869501066616493,vegetative
2026-01-09 08:00:00,22.570836845052153,68.93424388367673,8456.055577939484,704.9052949788207,66.18185340311668,6.442080109507617,2.134808281215292,0.4046836843585244,0.9357438659684877,0.49614686390237545,vegetative
2026-01-09 09:00:00,23.117192155109006,68.24719032855721,10136.426253123045,723.53458965834,64.96794816611168,6.498578680075641,2.1259641257407247,0.3177073820486176,0.8287224520603003,0.5268118124663456,vegetative
2026-01-09 10:00:00,23.776390963856958,69.39349347296,12055.36067072869,774.0562956659252,61.75602352140166,6.455220536218804,2.127124592046988,0.43154816825050507,0.6734724000514837,0.5082026261990558,vegetative
2026-01-09 11:00:00,24.26261409184824,67.59155401674397,13443.245702147278,742.7662370243784,59.05590738821014,6.428973234382105,2.1125550117172325,0.3158583462197049,0.6693712567537649,0.4973618098838144,vegetative
2026-01-09 12:00:00,24.520669796990248,66.60535561081073,14517.796655153164,768.7697209300567,56.77204029388696,6.495088355032617,2.1541204504173996,0.3005368773134746,0.6427254894665453,0.5044470474869193,vegetative
2026-01-09 13:00:00,24.868415999665753,66.12915419238927,15144.55212451468,754.0403495851305,70.5577728929956,6.473464924329318,2.1464576912468636,0.27849286590709044,0.6985994075279561,0.5023914050225724,vegetative
2026-01-09 14:00:00,24.84883358500609,66.51366189727185,15123.069928944606,753.8687340711739,72.05866069058794,6.42370653054902,2.137013656566326,0.2987426514807102,0.6457910619601143,0.52326423320988,vegetative
2026-01-09 15:00:00,24.87337482413409,66.19071973203596,14497.946828193451,754.2085747946306,70.2147009177727,6.389717651805562,2.1269745835431935,0.32997599936319505,0.6252771064124995,0.5117469138329206,vegetative
2026-01-09 16:00:00,24.66811078008025,64.83549816782187,13423.222073126768,764.6096177041799,68.25616537182154,6.467473631082676,2.121613088550728,0.3437990862286988,0.7105130976124575,0.5200960565245717,vegetative
2026-01-09 17:00:00,24.340908879158302,66.3663167854322,12003.983237697094,763.2545448397819,64.97127142399079,6.442624670761128,2.1487269335196015,0.3025149325134294,0.6402792394222293,0.5122603248480707,vegetative
2026-01-09 18:00:00,23.93479781074852,69.8461055393592,10502.26240160673,839.6833494752618,62.9566923663709,6.4703010711213835,2.104353713605093,0.43831841952144956,0.3096513127074986,0.4958485685911896,vegetative
2026-01-09 19:00:00,23.493195528550928,71.55728085754082,8418.796017201992,819.9051113257265,61.62932720501221,6.466458497172489,2.1019374167593603,0.5264396345702275,0.2996970967196198,0.4888550833950296,vegetative
2026-01-09 20:00:00,22.27508488211952,72.52433177126768,768.435346529751,836.6590943712731,59.39756846387035,6.412547836283935,2.144540436988969,0.5279172513881197,0.281597217958232,0.5172301701024592,vegetative
2026-01-09 21:00:00,21.777100311320805,74.1863389207647,218.60227736529683,825.4837642850957,56.98196001531372,6.494145735768254,2.121880909994177,0.563798180337061,0.3201861955839834,0.5126197562341548,vegetative
2026-01-09 22:00:00,21.467966406761207,75.37166009468179,144.8894108662739,820.2437335484407,57.097685466657204,6.443065180419745,2.129311292213377,0.5278414995457764,0.32493906571802444,0.5209595275991826,vegetative
2026-01-09 23:00:00,21.08930034369814,75.7784275420272,304.0030148891842,839.698344866447,68.54750333053238,6.446145664798426,2.15962448914961,0.5311618040265538,0.28547863782531846,0.5130744843779965,vegetative
2026-01-10 00:00:00,20.792504754456,78.24026515526613,140.544455025155,813.9607941718447,70.33728654784156,6.4439666622759875,2.1229389306171194,0.570332565819651,0.29999349000530046,0.5267530362689715,vegetative
2026-01-10 01:00:00,20.594415229498363,78.14211328302257,214.69271149282528,838.6410130135922,70.84983791706581,6.4341857275066205,2.128744125806349,0.5536148712567629,0.31220650292451535,0.4967936836141143,vegetative
2026-01-10 02:00:00,20.587768380426468,77.65903016900585,74.522247217911,845.1243412711224,68.905183771289,6.464702556675607,2.1417211948362618,0.5289205640244086,0.3052820707751728,0.5320927589370076,vegetative
2026-01-10 03:00:00,20.546448757151982,78.21014977588086,141.83004493062634,836.7036552551189,68.15668365681222,6.4742391921299545,2.136241065015968,0.5402088383044078,0.2862198940450896,0.5067053091156251,vegetative
2026-01-10 04:00:00,20.563923717274445,78.03948808498329,104.77821452911712,834.4095382116644,67.55079766632942,6.431563365863663,2.1344363746627644,0.5553752404576257,0.31392291048757287,0.4945563222442273,vegetative
2026-01-10 05:00:00,20.9151599612583,78.17108083660204,150.461603803226,841.1977184407671,64.10012996650754,6.455191814207374,2.1300237715171293,0.5855724832978771,0.32044061282083763,0.5098461193640357,vegetative
2026-01-10 06:00:00,21.512986853264746,77.72536356931606,4616.3861232433455,863.8316372612317,61.296066597422396,6.449685793788228,2.126903389813745,0.5889919383193741,0.31568314034438466,0.505219521183507,vegetative
2026-01-10 07:00:00,22.108478860433237,76.42901055080665,6856.3365731324875,832.2320157928272,59.555959470852514,6.45423249940869,2.1516084095997035,0.5572061297007503,0.3150314285477343,0.5302577632644542,vegetative
2026-01-10 08:00:00,22.49860435492255,72.27030300962501,8104.592839820995,781.5010719188222,59.56526850176909,6.500937538792576,2.125271129527076,0.486354601811594,0.6658935858139275,0.483257706794505,vegetative
2026-01-10 09:00:00,23.132973148651406,70.51457369188567,10211.864798423177,752.415296748844,58.56362706984226,6.519032964956042,2.1288043015687177,0.41774610741808393,0.6458644549949396,0.4978024009015232,vegetative
2026-01-10 10:00:00,23.83466079215523,68.83920771010365,12096.093092250267,761.1996418089357,56.70144973934223,6.512520547596089,2.134491884287705,0.3849366622762656,0.6615992233176294,0.4857026027543312,vegetative
2026-01-10 11:00:00,24.283562536772234,68.79089915578389,13494.630576103567,777.4069133339121,65.00034352215792,6.482143534233653,2.144372099152067,0.34309516436553794,0.6711314182044545,0.5049422313493296,vegetative
2026-01-10 12:00:00,24.60639263083432,67.49589492877672,14391.398890658076,773.6491996818272,76.64152206751497,6.466259517090471,2.1190877119039055,0.364220090852806,0.6127935188908692,0.48609504807695075,vegetative
2026-01-10 13:00:00,24.792044981246132,67.80234925314049,14612.056292087267,784.303598238106,74.523926857092,6.461316358273391,2.13859933195447,0.3660372170626218,0.6156872933733979,0.4991640340734076,vegetative
2026-01-10 14:00:00,25.088227707354324,67.29581012589519,14843.57279207802,782.2863011891537,73.51476901612938,6.471580439876412,2.1441642241413255,0.37307329980633525,0.6160033142780362,0.5192574616905233,vegetative
2026-01-10 15:00:00,24.792550856074687,66.30586736397541,14525.281837524783,790.230726411041,73.37662434328398,6.477488397232311,2.143374285718043,0.32832497268792377,0.62990592212056,0.5032498812871409,vegetative
2026-01-10 16:00:00,24.76278755900009,65.69001654430785,13469.615808725846,773.8214364278816,71.02523574361537,6.470581938427407,2.132429133194004,0.2969024467797672,0.6255869855364421,0.5216254020396499,vegetative
2026-01-10 17:00:00,24.339040753675196,67.52872430578772,12090.091897064936,756.2997137004481,68.2241682523009,6.523406333017477,2.1268110646641,0.31767700473932226,0.6357702784766095,0.4951505024380633,vegetative
2026-01-10 18:00:00,24.098664004965574,70.8653411627493,10627.918010944375,842.7006893183069,65.56655829265591,6.446310085915339,2.1767949730771012,0.49670096790745516,0.3021661810143531,0.4986284191603734,vegetative
2026-01-10 19:00:00,23.47709107068947,68.92307834653552,8476.238149504186,782.7275172224621,63.89883698324159,6.45354909518385,2.1384822401776913,0.3840619235785912,0.5309283812763834,0.5102994549102552,vegetative
2026-01-10 20:00:00,22.403100488949747,73.12736532668602,746.9216661588716,819.0992578622257,61.94647462661337,6.49951359333084,2.1324894389291393,0.47027362712192494,0.367131575871206,0.5041116602943038,vegetative
2026-01-10 21:00:00,21.95584311616632,73.5558227227916,163.24910105036088,860.7439396820519,61.748050644279346,6.457479782744155,2.1594823431030337,0.5362648457228567,0.32245776223846534,0.48288464358672983,vegetative
2026-01-10 22:00:00,21.306604998222408,75.47107153661824,23.822062224447578,853.6056757032453,60.5142935091143,6.478050841059377,2.1650522714766782,0.5752613445275855,0.26559509105313894,0.4857252028083758,vegetative
2026-01-10 23:00:00,21.05464133604612,76.92109145397666,146.374217902105,833.4983234332285,58.887103311803095,6.519758274305715,2.149813333437613,0.5355676407187139,0.3010321884703256,0.5037609252168985,vegetative
2026-01-11 00:00:00,19.23960022183713,72.76567839182292,238.98421934869813,1024.946204595086,60.38476207527987,6.295686712352232,2.334633002863533,0.514302929269015,0.29044026360073,0.4845690147081065,flowering
2026-01-11 01:00:00,18.88135132435789,72.73937331260646,44.82393358706907,1030.832620026363,59.87141631729105,6.331463076176806,2.3086062909844087,0.5289383660012702,0.31556461008422393,0.5181404043228018,flowering
2026-01-11 02:00:00,18.715696199418595,73.7348043400066,147.09785379502412,1064.7742970883107,59.25245588031677,6.290732773471358,2.323828513641613,0.5194121339057287,0.3025775977220829,0.5096262151922507,flowering
2026-01-11 03:00:00,18.852794328521863,73.72261407343244,129.14340496057312,1047.8046845697515,57.33972012359294,6.3278678794686405,2.3509468831750677,0.5499645515674797,0.30744935644918875,0.505887015017505,flowering
2026-01-11 04:00:00,18.857344890523347,73.38372042509741,141.42722144335755,1028.0941905172565,53.66531180970693,6.288568504026358,2.342192675152855,0.5587434838131822,0.28886077611196753,0.46408180606946514,flowering
2026-01-11 05:00:00,19.075944688258364,72.85574304261853,109.55274889550473,1012.6270310635487,51.44836020151512,6.295900466533453,2.3347400458803946,0.5504928122617074,0.293158283378183,0.49435812285210795,flowering
2026-01-11 06:00:00,19.7739661712686,73.078958223288,5613.249511568619,1031.612120934197,59.39349698659883,6.254493298156852,2.358361898797483,0.5366611252140588,0.2846381193224008,0.48621463896920586,flowering
2026-01-11 07:00:00,20.341580131828216,71.35740703027591,7712.407346005623,1009.8545004167662,65.6920268626677,6.276296204829766,2.3386676730575933,0.4979275738432815,0.30863598831476297,0.4946505887828976,flowering
2026-01-11 08:00:00,20.868050074502268,66.87168820004725,9981.204977651734,961.7126211325232,65.05201186227123,6.329257525121547,2.3483506322699834,0.30629292322586255,0.6608354521942081,0.48887203498077,flowering
2026-01-11 09:00:00,21.449072013738448,65.52016424982547,12215.069680870778,942.4331405646344,63.19957880282329,6.293858768283717,2.3504875813593897,0.29657769422359337,0.6094700764192164,0.5060981581674101,flowering
2026-01-11 10:00:00,21.973882141610293,64.9654877693422,14318.707141815563,992.8675351190631,63.12063528145954,6.304688205811143,2.350533336234732,0.2664232962493222,0.6527994751758958,0.4917527144472065,flowering
2026-01-11 11:00:00,22.29384644418391,64.28323511742262,16083.385203337508,972.6185626648218,61.300663723231004,6.32140569646942,2.360501314798236,0.30045063890052304,0.6439315611591098,0.4967855120699857,flowering
2026-01-11 12:00:00,22.824548902214133,63.11044105360002,17174.736253683684,989.4384052685568,60.30472761813227,6.299159221397197,2.3838953388951936,0.32030769434616363,0.6269389876391408,0.4900236880716642,flowering
2026-01-11 13:00:00,23.038261695539322,61.94628088668091,17839.22146262226,962.4839849527971,60.33038747179955,6.271462473348444,2.3628257031897686,0.2015150741731574,0.6218104515593744,0.5068291692069112,flowering
2026-01-11 14:00:00,23.057724451834673,60.86369549183568,17796.55331570822,929.4662415316776,58.914450815542644,6.3073038151138325,2.361620544763917,0.19795659534731935,0.6879804300986946,0.48162703066808366,flowering
2026-01-11 15:00:00,23.092571309240753,61.87676818376482,17271.40994314958,979.520322636591,55.827064110270925,6.3062412523666564,2.3650594073141495,0.30762677026613433,0.6533099844085802,0.4986595081029635,flowering
2026-01-11 16:00:00,22.789964796702524,61.756785832773886,16105.418810022244,973.6574306264253,53.324517064187425,6.310719581054652,2.340410627499124,0.21144869594371504,0.6780349970861289,0.518617483820727,flowering
2026-01-11 17:00:00,22.430024713886283,61.92628414034494,14439.743234182948,967.672138779708,51.19769760325241,6.315978947583208,2.3829852833862737,0.24279374063620043,0.6492129036261777,0.5173183343512889,flowering
2026-01-11 18:00:00,21.915752345967196,65.67390771684053,12538.56556599131,1010.2255356564297,67.8058505022667,6.316424103411528,2.3554953346070975,0.3066742585635875,0.33609646270396487,0.47679035517434526,flowering
2026-01-11 19:00:00,21.520563274465548,67.68246163921573,10315.63644492299,1047.4670495550774,70.91225911352802,6.3322742584600356,2.3671512395482863,0.3353921396091988,0.3069336506724269,0.4856031492072727,flowering
2026-01-11 20:00:00,20.352278630658393,68.58168915813,934.4074397267814,1048.040691397099,69.12321969519706,6.322413751560959,2.3462348691631356,0.31728433700515285,0.2879925405392461,0.4974869074727534,flowering
2026-01-11 21:00:00,19.868404372896283,69.74683652935663,132.88456347186627,1037.1223313462074,67.84698024292663,6.286115789757389,2.362322739339005,0.3898002331483135,0.30991496400633967,0.4732006992144182,flowering
2026-01-11 22:00:00,19.563190031263044,71.99569787450399,121.32621401681818,1047.4521300702481,66.52902503290959,6.313029436932511,2.3597060180950673,0.4869916061706296,0.29214746955943804,0.4932208989641947,flowering
2026-01-11 23:00:00,19.27010262661979,71.42888244990546,267.5793779772545,1038.381992294121,65.42258684261661,6.353486941729475,2.362980443087736,0.5120927604096028,0.30309461924821623,0.5107886496474896,flowering
2026-01-12 00:00:00,18.95582526067575,72.12984976729929,230.51716753604197,1040.5959322073372,62.99540581425974,6.324883424822581,2.370100441654683,0.4994576119328409,0.2719893650409454,0.49261543075373365,flowering
2026-01-12 01:00:00,18.87697122137558,72.28153657667183,66.87185397816282,1044.0655880037718,60.670519863495734,6.334421039413374,2.3827052893968563,0.5296077832315015,0.31793214613966775,0.4825671332128351,flowering
2026-01-12 02:00:00,18.933241291151024,73.53750925177073,325.42148947508576,1015.3409586479705,58.48202584443291,6.275415512419298,2.356185642138587,0.4788200157077572,0.32418901748399087,0.5002847262973843,flowering
2026-01-12 03:00:00,18.80516849306653,73.30741781316713,230.8313545578791,1054.6662283489031,59.86997181016968,6.350963759386505,2.371372722218536,0.5251337654117876,0.3058265293783446,0.48167368280080947,flowering
2026-01-12 04:00:00,18.986489567681517,73.76000515017286,197.69813751394278,1087.4538903187872,59.86282177246016,6.337691787909495,2.361569375756384,0.5228499057941562,0.284321341702656,0.496437730622132,flowering
2026-01-12 05:00:00,18.983395021350535,71.62867064165451,282.75160476189166,1008.8545095391706,59.368409931854046,6.287884337730361,2.3514000687632857,0.532555134492463,0.31133382108190594,0.518239339318804,flowering
2026-01-12 06:00:00,19.873576107520122,72.03574824065964,5631.304320285378,1061.415074473295,56.9765006708617,6.391929288568711,2.365308461967957,0.5493948955271285,0.3009660960268104,0.5207305233877572,flowering
2026-01-12 07:00:00,20.283513860332064,70.58189604241174,7719.141228635976,1032.1252097310796,56.169995514206754,6.2826964638257445,2.3436525005317757,0.44297104838287577,0.31721176717970195,0.48168738444043385,flowering
2026-01-12 08:00:00,20.934637854882606,66.79952880105496,10155.865350687152,970.5620849043494,54.96258675287933,6.304006381883209,2.362480292270972,0.3096960818911821,0.6432528062353479,0.5121528804733992,flowering
2026-01-12 09:00:00,21.347656395991592,63.205112909299295,12104.943600556702,918.3179259986413,55.68921227677605,6.310054354923369,2.3695611417916775,0.2630451371443259,0.8525627641539456,0.5166093137906568,flowering
2026-01-12 10:00:00,21.960277320544137,61.67500074919392,14374.710483442454,932.7433095611185,55.698626983985584,6.339310317843013,2.3717034492478555,0.2921314171038491,0.9313285684049243,0.4866416319615774,flowering
2026-01-12 11:00:00,22.462696240923407,63.13338162483374,16174.664142442101,935.3217368417531,54.67133570030575,6.341745822356657,2.3808286183908165,0.2941035463366103,0.7978699924812617,0.4880976825595011,flowering
2026-01-12 12:00:00,22.761041595413328,64.18469547511138,17200.402835774083,977.3049689126046,53.83400905553767,6.2990197735282365,2.3723178947518693,0.29442242456028817,0.6589817937275941,0.5020457554503629,flowering
2026-01-12 13:00:00,22.846583250106065,61.82088791506689,17785.00466031959,978.2303170507685,51.80771614541837,6.320575713732005,2.384298718858753,0.2977981333057728,0.5889865335175571,0.5266324415042017,flowering
2026-01-12 14:00:00,23.088880927198456,61.9458326953612,17955.495807998526,1000.2457460299473,56.92987799054342,6.362135729546831,2.3642663760022438,0.23798111074781927,0.6656417471998214,0.5063170419856861,flowering
2026-01-12 15:00:00,23.060189170169405,62.30287431152195,17284.77585301081,972.4779853241848,68.76459092974284,6.304218020990095,2.3561941707691263,0.2630869311442152,0.6476437437668597,0.4949787488342546,flowering
2026-01-12 16:00:00,22.694807084802182,62.375015004314236,15963.757784520574,979.9448816421609,69.89740094341713,6.320580255594699,2.350284785622862,0.2308100296234278,0.6394635868539463,0.5031662527719909,flowering
2026-01-12 17:00:00,22.459316454560096,63.456488840819446,14570.928859711103,965.5695933349066,67.46038996036513,6.338245275171578,2.3716737680224944,0.31031878147237046,0.6266410438211926,0.49745709671132204,flowering
2026-01-12 18:00:00,22.078026771976937,66.39512566166773,12630.902119018087,1037.6133752549033,66.16395561476477,6.3420688435075725,2.3348416171810205,0.3290130786791754,0.324975630796869,0.5153352053783236,flowering
2026-01-12 19:00:00,21.44314497129703,66.88420302339121,10187.12804415688,1044.85546456294,65.58403225278691,6.3534143364135565,2.3785978128867638,0.3303190395797562,0.30883120803446573,0.520344902618998,flowering
2026-01-12 20:00:00,20.32305208680971,68.50077424445908,1015.8505560250145,1036.3654014731896,65.75979491075805,6.358847276160102,2.3582646213995013,0.3235365325565643,0.33510699285805057,0.4815924936443779,flowering
2026-01-12 21:00:00,19.965292964362877,69.58058416748692,119.9458186068407,1049.596502805132,65.99197180106202,6.314590634741364,2.380265351556093,0.3614978942809133,0.29593597689418283,0.5008956467979686,flowering
2026-01-12 22:00:00,19.569414306208724,70.61617567393344,260.7921306172165,1054.936089511866,65.93947191153325,6.306590493929314,2.376782933476996,0.4067332198955153,0.29713563595417175,0.5078301170220031,flowering
2026-01-12 23:00:00,19.173569330829242,70.93272448701683,112.93084854868853,1031.1235549810758,64.88271659976756,6.388629952650916,2.38319759791711,0.4330926857029385,0.3283205392945335,0.49998166534152916,flowering
2026-01-13 00:00:00,19.09942947136804,72.62677774846367,166.63797309228266,1048.1327279659833,65.68887774004102,6.392888988050206,2.3747453010569015,0.5428565869168649,0.28465654912066257,0.5012941128592252,flowering
2026-01-13 01:00:00,18.894188811179337,73.37175645006592,146.92762540099926,1051.4470869604945,65.54920218750648,6.3023248697059095,2.384643962994453,0.4989600913615629,0.31822374748440213,0.4714922451616829,flowering
2026-01-13 02:00:00,18.78091823114619,74.1789709784015,192.50108373422518,1044.0204272905328,64.4832507808333,6.339605420288815,2.386731675622408,0.5444313457905899,0.30219088849185216,0.4963721298741364,flowering
2026-01-13 03:00:00,18.78849579273852,73.34627497751143,69.45910982853731,1044.916777981511,60.67911187279406,6.354908904659394,2.3654591086910406,0.5220402879007817,0.3321425355639183,0.5264803907179608,flowering
2026-01-13 04:00:00,18.97694691161665,75.23668119854115,150.09269205224223,1038.3393048504615,58.360964115291985,6.348901114271972,2.3831922978869287,0.5108357862101268,0.25345229256457513,0.4718693869473866,flowering
2026-01-13 05:00:00,19.021669931052337,72.9756893739616,273.35209497447823,1041.478675095111,57.0507881903305,6.332742844555547,2.3612923122304115,0.556077059238769,0.29735666402622235,0.5450219751066122,flowering
2026-01-13 06:00:00,19.707144805473433,72.03777083660934,5522.479613178449,1022.1053905815148,56.77944382869949,6.322614892689756,2.3604003623126033,0.4808646721248812,0.332195629624403,0.5077865952282117,flowering
2026-01-13 07:00:00,20.184663412759047,71.28230342533153,7894.145805218174,1033.483096583877,54.9307594679756,6.356781360271916,2.3771947468138728,0.5021167248437056,0.2814567025059645,0.4823280129386051,flowering
2026-01-13 08:00:00,20.86664802267492,68.09751368098344,10021.273936840109,1000.0727661209088,54.59179756030948,6.381387806354522,2.3928939413335955,0.3294617901986651,0.6200725771036174,0.492465390163632,flowering
2026-01-13 09:00:00,21.535129770217708,65.95171826373793,12343.940586094317,973.8256776611357,52.99316443208181,6.41954852228966,2.3688774200414677,0.28090015529759815,0.6280577135923042,0.5244520933856085,flowering
2026-01-13 10:00:00,21.94117902604027,65.2259072744988,14488.088207415634,980.0935582810348,51.84898918888075,6.316574621972548,2.396681351271446,0.3002680811794128,0.6285064886942061,0.5190881786015374,flowering
2026-01-13 11:00:00,22.370314407457894,63.88879477661488,16024.323041695672,962.1952508613012,51.95901156653617,6.352379946094685,2.3850235495906054,0.31877057528583524,0.6475306375094471,0.4866113220616679,flowering
2026-01-13 12:00:00,22.76706891038234,63.20669176472527,17243.71052724234,967.0644551172767,51.1694401354103,6.370703468453917,2.3936803948520367,0.2676929035279875,0.6788190363024036,0.5158294243553067,flowering
2026-01-13 13:00:00,22.815205360508045,63.01010240647208,17933.26255960322,984.3793990965905,58.69077972670282,6.394373706192603,2.384718705937111,0.2608482113160867,0.6159602697904396,0.496514661208908,flowering
2026-01-13 14:00:00,22.978627223883812,61.44953262700554,17739.93476072765,966.2479217175265,69.55242514762107,6.353704894526522,2.400333771807254,0.23517951402725593,0.6786870939579109,0.5084111040476936,flowering
2026-01-13 15:00:00,23.17921979363098,62.10790380943271,17381.965573019992,971.9189439703774,66.03165169650305,6.337913032519978,2.3626106927753217,0.2332450218069365,0.6497280245434213,0.48040035152494026,flowering
2026-01-13 16:00:00,22.86874688764758,62.79676424551185,16436.2128482558,957.3703316908271,64.19063089397044,6.413795037788042,2.378169773404901,0.27546105544971566,0.6297912899900479,0.5005016526702561,flowering
2026-01-13 17:00:00,22.46852405750369,63.05124927244065,14510.717263291599,1001.9645088583976,61.56753475206343,6.424408877013132,2.395361672978771,0.3113064333735305,0.6138347958784208,0.500232487134314,flowering
2026-01-13 18:00:00,22.122756535332638,67.13627417528598,12513.183631232192,1036.6766018654798,61.19621255959347,6.326801641849364,2.3730718174125998,0.3609917405321245,0.34916201070554664,0.475749651774563,flowering
2026-01-13 19:00:00,21.501450443377955,67.72610404325482,10344.323983085855,1021.9963404481126,62.16933625154892,6.349699760894151,2.3747328316176746,0.3516688969879125,0.31316079461176133,0.4956232491881112,flowering
2026-01-13 20:00:00,20.256031559274373,68.53701981161669,840.231196127406,1046.4215440798332,61.5396501816304,6.389098768430187,2.3981548011016383,0.3291217173331422,0.281738450231401,0.46730437396290875,flowering
2026-01-13 21:00:00,19.859216366708555,70.47097483036164,135.4578747726653,1017.1096932243527,60.784328233820595,6.361950697576952,2.3894230988656973,0.3750665334009671,0.30849662269951117,0.5156779661410887,flowering
2026-01-13 22:00:00,19.455818110072887,71.11709047621659,191.11250734562444,1023.3030654694043,60.3724625605281,6.352517183720077,2.370868315739778,0.44555959489238967,0.32196724851724634,0.4964038019676724,flowering
2026-01-13 23:00:00,19.44021673528,71.86549481744278,254.64841271317292,1001.848889732722,58.76748065176821,6.346015059520088,2.3687646137821035,0.4697418185528097,0.3181886538922908,0.5072225940365167,flowering
2026-01-14 00:00:00,19.016700094530005,73.54470457419076,188.38462384274376,1042.0610320778023,57.14692821886278,6.356916257605053,2.393649926890064,0.5157560409522547,0.28540470778745913,0.4926106375045382,flowering
2026-01-14 01:00:00,18.942432529546537,74.09726357662123,175.1440393431087,1045.2658549925275,53.300474196892544,6.353323454306747,2.384628491821721,0.5812606793871269,0.2949715723745084,0.5113730573894025,flowering
2026-01-14 02:00:00,18.718647926159377,74.54885558236022,246.9650851750937,1052.3745724068415,52.33361445016302,6.344673498733024,2.380941081114498,0.5433130155282503,0.2986418926441852,0.5577239057674049,flowering
2026-01-14 03:00:00,18.950390006544133,74.60982227955728,247.90562517298645,1033.400615379816,52.37361706503062,6.37156784029919,2.3831327190897547,0.5168845522025067,0.2986946656298434,0.501590292593149,flowering
2026-01-14 04:00:00,18.77093170022176,73.77377755485844,115.87945558924048,1031.3751734748905,57.39686790657904,6.435218702480106,2.389066436228705,0.531708803235158,0.31879210119927726,0.47749402687970394,flowering
2026-01-14 05:00:00,19.166309727124204,72.55619634006683,239.55060554485593,1050.8755117359285,67.8827262284206,6.378176786546933,2.399087880702326,0.49100608894601866,0.3009559816354514,0.49158149626866293,flowering
2026-01-14 06:00:00,19.830800378699756,72.75287728421193,5494.706911746911,1055.5851208922497,66.51223032370474,6.3541293207914,2.4036250288220367,0.5024962259437379,0.2965273479085326,0.509809971558051,flowering
2026-01-14 07:00:00,20.43660900188266,72.79301533307276,7621.399007412755,1043.2663607191687,68.73821574612232,6.424209179847634,2.4079483033721916,0.5539889877608006,0.27419923834686505,0.469867976423848,flowering
2026-01-14 08:00:00,20.79687238680649,67.04968392339782,10008.404219309545,993.9797940691327,67.39979755595662,6.387724282180006,2.385481749048751,0.3521594121787896,0.6434516120935391,0.49135956299522404,flowering
2026-01-14 09:00:00,21.258798656575816,66.56936451479118,12310.050729193637,954.2507625752722,64.4825914810875,6.348786121328985,2.382407081216129,0.2968537741871371,0.6545053001926585,0.5158753302841275,flowering
2026-01-14 10:00:00,21.91928983939408,66.8824773179753,14409.178026532662,957.4328591430866,62.950263917021864,6.381504070662811,2.377096679517388,0.3216745209299506,0.6644212696235919,0.505511621926819,flowering
2026-01-14 11:00:00,22.349038030492533,64.3709769903793,16077.196225437105,936.4068628561403,59.5741593866611,6.307756172906281,2.405281166108269,0.3162542968400791,0.645010660854883,0.5022673000874897,flowering
2026-01-14 12:00:00,22.801874983676445,63.59620266368498,17070.21275433338,993.2041226575735,58.988796213241734,6.364535904388755,2.387177104142639,0.3082463019809875,0.6124963609061883,0.511021549785623,flowering
2026-01-14 13:00:00,23.03020845569125,63.192229271586484,17930.355961839392,965.0544022677122,57.20996206058843,6.361930434717208,2.403021745002457,0.2642524670316682,0.6534565147755022,0.4779343071379736,flowering
2026-01-14 14:00:00,23.090149097523454,61.91442879441195,17739.15924727739,993.9137637441781,56.36747808898054,6.363548438174038,2.388531506743584,0.2616063942353728,0.6459752807265765,0.5077228017824434,flowering
2026-01-14 15:00:00,23.14725083218545,62.107056530774095,17461.93186454936,982.6665222571773,55.54426390639994,6.395664790429684,2.3942538310560053,0.2705331535889229,0.6178361526094563,0.5130245480316291,flowering
2026-01-14 16:00:00,22.80643501282215,61.73685870162367,15962.675671842648,992.906220739689,54.97368555156343,6.377969839575012,2.4060077479316466,0.2927549791097521,0.6340654643535425,0.49264384587826765,flowering
2026-01-14 17:00:00,22.448975289522735,62.356781575878095,14513.970638884462,978.3667564416996,53.153749441668964,6.394832271886728,2.404095798973159,0.21735037048226832,0.653898689575101,0.518941786282019,flowering
2026-01-14 18:00:00,22.035664925638343,66.68708674100013,12742.90225635186,1048.1039641975005,58.03355570392403,6.424275974867787,2.407516468326927,0.3415812986822561,0.34578089125658557,0.5086724073370523,flowering
2026-01-14 19:00:00,21.451016130989302,69.33435027389582,10265.883853087156,1011.8534687336628,63.980861923101656,6.381651633562356,2.3971070376847043,0.3542547768212909,0.2876358651393596,0.4970844348955352,flowering
2026-01-14 20:00:00,20.226533067013232,69.49554973966046,995.3969540531699,1038.0072789469548,62.296805384380356,6.440868939628207,2.4047704459414647,0.3963643922750215,0.3238666766822758,0.5045259247219541,flowering
2026-01-14 21:00:00,19.87287748680553,69.9400238171287,307.39482176156423,1026.4745843856963,59.70619016389437,6.355303369870545,2.4040598134900892,0.40712414378101275,0.312454672750198,0.5082972574512351,flowering
2026-01-14 22:00:00,19.55023586434508,72.01603414824824,144.2909589360046,1212.6223054806223,56.294271928261146,6.418061946547387,2.4368360858511786,0.5167183152965222,0.3317678298959015,0.49391479191348364,flowering
2026-01-14 23:00:00,19.183794140060055,71.78207079620704,119.21918610408902,1228.6265682639757,54.13000523612779,6.397322398841763,2.3982848448282135,0.5240120230164026,0.3333528449384264,0.46342332035575234,flowering
2026-01-15 00:00:00,18.983650027723012,72.14714323056083,153.66917687679026,1028.3225555999047,53.36798893474067,6.412704348373768,2.384914586381609,0.4481449864789127,0.3656464330906777,0.5105610558941817,flowering
2026-01-15 01:00:00,18.743703937243392,72.21029039182841,253.0681464065809,987.0279026945326,52.841220279921856,6.368873290491599,2.4142446761504486,0.47014380340021483,0.4538241878574199,0.5176871196124356,flowering
2026-01-15 02:00:00,18.706597765370102,73.94371775788339,158.5728730816186,1045.1926181647639,52.20901413652425,6.386668062438779,2.416168051040995,0.5416200649430679,0.3109419495379206,0.5105738026009203,flowering
2026-01-15 03:00:00,18.82083243340484,74.86922497891037,156.41436509016316,1036.3543452075717,51.630690616777414,6.416281340607841,2.398698567202539,0.5958616941087701,0.31705024925342995,0.48911199941057304,flowering
2026-01-15 04:00:00,18.768929294856296,76.56994183155967,210.7655068646961,1059.9559843416257,52.32587944841621,6.464056919683305,2.415651367552407,0.5508910244331836,0.2989613020737901,0.46551900695463794,flowering
2026-01-15 05:00:00,19.122718006572683,73.89397250399551,201.8706648530381,1034.8058419407746,52.51980651061982,6.425856842530336,2.4193398800141988,0.5380964025905354,0.29884299892444766,0.49415744693500585,flowering
2026-01-15 06:00:00,19.686042844490764,72.7887029168238,5487.5389730710585,1038.681429895784,52.71268163548379,6.313639967868767,2.403639590975003,0.5649871219187687,0.32545366435478335,0.47431928218696395,flowering
2026-01-15 07:00:00,20.481608578258108,72.04775849594998,7837.82173304211,1031.3780321664735,58.45584258283057,6.452459910993014,2.3941873728569645,0.5511094117653845,0.319309304072468,0.5112294925163491,flowering
2026-01-15 08:00:00,20.817026983767935,67.92820423052608,10153.69609896728,940.0935265329763,65.08694614478115,6.471460170738356,2.391590749996793,0.35024057089755417,0.6899428597435405,0.4936227376702025,flowering
2026-01-15 09:00:00,21.313552886349694,66.98875177420955,12260.57804770217,939.9736576001605,62.873485304913714,6.4174086860105914,2.432086446998559,0.3070205528232934,0.6409531492506617,0.48623174680095826,flowering
2026-01-15 10:00:00,21.80705101434648,66.00522706657874,14321.561667570111,961.2061794480451,58.68681307203803,6.408409718975162,2.408763696090103,0.33721825277562106,0.5962077976415715,0.5261918658775526,flowering
2026-01-15 11:00:00,22.475308167197397,64.91809650333339,15975.956801825916,970.2444875224811,56.14965204299411,6.395638952632475,2.4041944228509657,0.31093437156800485,0.6428513487469393,0.5070267700616483,flowering
2026-01-15 12:00:00,22.654726799937972,63.88353860490638,17242.991330060442,981.8146643854211,55.297613770464,6.467143995223624,2.416758502292191,0.28721175875703125,0.6298074334044538,0.5234560095198509,flowering
2026-01-15 13:00:00,22.866615803927218,63.124796838036,17823.614988839337,956.8888032808005,55.60636636249415,6.425566463862487,2.4157829364859085,0.2986376965810485,0.6345607867652407,0.5177112685916909,flowering
2026-01-15 14:00:00,23.013591005968408,63.09040008085404,17776.293083203655,971.2772353494523,74.00654741216114,6.408971939785926,2.3968005112298854,0.3128845935602381,0.6353852533665346,0.48096289487754706,flowering
2026-01-15 15:00:00,22.901735383623905,62.44490069686601,17378.57471525577,955.2098444346742,73.71862868085204,6.449277845755062,2.3809354509144187,0.2466651369709595,0.6702570335242427,0.4899015404070916,flowering
2026-01-15 16:00:00,22.73213454647681,63.912432388512336,16009.224806332168,994.4389236513686,71.90385288063298,6.439837631138867,2.4086075536221205,0.3189174157980454,0.5842119091652519,0.49401727625064046,flowering
2026-01-15 17:00:00,22.360900262425698,63.727653277304945,14656.763566712594,962.357626124595,68.79747905834334,6.433787051638671,2.384752637025246,0.2886898426613727,0.6728256728132668,0.5005138155166601,flowering
2026-01-15 18:00:00,21.974829523498315,66.97759061473006,12403.648393669451,1030.0712102548644,65.88964574335374,6.4074958014801195,2.4137498295146527,0.28520117255716787,0.33131941239752216,0.5473309912689319,flowering
2026-01-15 19:00:00,21.53991608803732,69.5243267505759,10238.03809822641,1051.2940044845525,62.45570880632809,6.459023936086754,2.4243331890633613,0.4633754458684938,0.2936433135210867,0.4928046362507477,flowering
2026-01-15 20:00:00,20.370818478348358,70.24724979070656,866.8570075510441,1011.928958574137,60.70333101460701,6.476606912469067,2.422671858052336,0.47019415456914215,0.3268483295035679,0.5200695764724849,flowering
2026-01-15 21:00:00,19.797459116842358,72.49229246930794,137.01097525602123,1047.3169228203099,58.96328075993156,6.390358484928502,2.412593219772192,0.5103078597384676,0.2915603764763735,0.5051295483290748,flowering
2026-01-15 22:00:00,19.46039293677666,72.21865419921274,139.25198106208768,1030.1019870580956,57.755115395684776,6.4209697487753035,2.4229023810185693,0.5134381095138901,0.32142251269236743,0.486712249234003,flowering
2026-01-15 23:00:00,19.315110218734198,72.27637171024809,227.55557931299882,1054.2159536716683,55.18777579556368,6.439657434341917,2.43640103388709,0.5412645329432938,0.29329763087760924,0.4629076705857136,flowering
2026-01-16 00:00:00,18.96688832878262,73.56552503330975,192.70757714379377,1049.4344113235854,53.22091475306281,6.450678678484251,2.3959676995900403,0.5982703129563773,0.29076362424758223,0.47945309026806154,flowering
2026-01-16 01:00:00,18.78377513759881,73.82109103010713,99.87524241399161,1060.0106632624875,53.89174074525008,6.418073674373251,2.443277325897805,0.47390859749606146,0.278714138353237,0.4828836329641832,flowering
2026-01-16 02:00:00,18.729110094982463,74.83977655546647,153.37469910850112,1047.5068187182637,52.18061535794478,6.424061971346021,2.4308794082947043,0.5803499353570173,0.29154354858560455,0.48508164929013775,flowering
2026-01-16 03:00:00,18.813368090250204,75.19190975121658,42.383145500245895,1044.051871835732,51.14938522738126,6.508267525669983,2.412306250547731,0.5299857990100075,0.299013243502834,0.5308384782418969,flowering
2026-01-16 04:00:00,18.776780009132136,74.03385476224959,193.13611659014987,1049.4361890784392,63.50326451794272,6.435516461663927,2.430661216104822,0.5507433739655986,0.3025536427713844,0.49106697167795926,flowering
2026-01-16 05:00:00,19.09832817909054,72.87520786207361,52.5624771563549,1045.6542403069768,63.527745366115205,6.4638663058378585,2.4189523449481785,0.5520032269799416,0.34376751218799373,0.5094562532441815,flowering
2026-01-16 06:00:00,19.883046326561487,74.12711351469815,5557.081756801327,1043.5759372273014,61.15434016534535,6.4876414913518445,2.4072186189882103,0.5526976784125013,0.2752369236108423,0.510810771081499,flowering
2026-01-16 07:00:00,20.304797435462294,72.20446678864937,7917.238299631499,1125.291251823746,60.80244254424704,6.46116504545689,2.4191321951409184,0.45517322495881524,0.31442513457316096,0.4877653554170856,flowering
2026-01-16 08:00:00,20.882590965738274,68.20301412257894,10183.713864183437,1167.0559495871614,60.566146361769434,6.455756243863655,2.402260203824872,0.3472718164626379,0.6205803550726164,0.5172178083221777,flowering
2026-01-16 09:00:00,21.448672842884513,67.38564398163614,12478.567507929663,991.1747478793435,59.89924407712183,6.441678154259416,2.430273788359039,0.3548779107543991,0.6506642728466537,0.5018422842289868,flowering
2026-01-16 10:00:00,21.924386937352043,66.24424921039504,14329.2859597314,973.3011082621769,60.54675592995778,6.441444899397159,2.4365673451958516,0.31026518719850155,0.6657378335384897,0.4897670094091986,flowering
2026-01-16 11:00:00,22.320825417326912,65.02282979432465,16186.865012833494,943.2568843208632,59.9451336109961,6.482371575103255,2.4338229861028924,0.2841252005584833,0.6389062563020168,0.49284846819801986,flowering
2026-01-16 12:00:00,22.737038860478922,65.03291462180916,17177.73152145318,943.7987958187672,58.02363434088022,6.45873159989467,2.4506140004731622,0.26311873999164,0.648876907806664,0.5353226729251415,flowering
2026-01-16 13:00:00,22.996199006136813,64.23315365936897,17876.349281569946,989.4054534268089,55.95944119953502,6.471624155726029,2.416519528832192,0.2627801096598043,0.6389158866333433,0.5314185533111435,flowering
2026-01-16 14:00:00,23.127036576743947,63.17722019550248,18050.22993014368,955.637219034529,53.914423329763444,6.432368957883245,2.4314662516795873,0.25250698091835433,0.6496118009019997,0.4837179669039889,flowering
2026-01-16 15:00:00,23.01160099277741,62.26888564425929,17404.209292660682,983.8063961043454,51.874892060748124,6.426922673100346,2.4210219808408646,0.2559920090690238,0.6871054565578909,0.49803379898478967,flowering
2026-01-16 16:00:00,22.701824431342107,63.75402308828513,16179.501890323683,971.1909801840706,66.85487912435256,6.458110198629085,2.4268333835703584,0.2747799262921233,0.639351803697656,0.47265637559872214,flowering
2026-01-16 17:00:00,22.568008552255055,63.460538956246154,14488.201507120262,962.3090548475551,66.95783361342608,6.396883211120823,2.4269894553945446,0.2800318473382034,0.637438274103479,0.5027876794585532,flowering
2026-01-16 18:00:00,21.968440062011847,67.80544374952507,12612.362730671439,1040.0221771466845,65.79968644977457,6.442574973969914,2.4184749207173706,0.3531956679522967,0.3310593266754617,0.49510107094917805,flowering
2026-01-16 19:00:00,21.5184768455084,68.51352420867256,10209.230419990885,1030.0884013312618,65.83606534711565,6.432997725247977,2.439980011473376,0.35130611259353933,0.2778266786425047,0.4791417958275374,flowering
2026-01-16 20:00:00,20.382600737691757,70.2896459238952,753.6777719208598,1031.8082260362833,64.49342382384579,6.469489541973791,2.4450275657687617,0.4449780399836049,0.3167046384753584,0.5051629608970608,flowering
2026-01-16 21:00:00,19.771731387711007,71.77073324614315,70.72095477249188,1035.6371762244728,63.76531383489725,6.466798668577478,2.430121435528138,0.5308413999940356,0.3103087256990558,0.49390494272258073,flowering
2026-01-16 22:00:00,19.607985112168397,72.46101354672676,146.60548910080416,1025.0377970061481,61.090028335333024,6.440494293405256,2.437208573083389,0.5397197285029719,0.29962011166293406,0.49902093819989685,flowering
2026-01-16 23:00:00,19.295028369388145,73.11286126287425,275.5672765873133,1049.1718941808133,59.244077354350615,6.436729966562798,2.4422266689392833,0.528332088789122,0.3058857169538937,0.504917384752606,flowering
2026-01-17 00:00:00,19.10749792479534,74.5775443167299,179.8806335742836,1154.4464160176085,59.1736854795343,6.425744186894943,2.4314572891447095,0.5777311406895692,0.2773270244028751,0.4895200225646235,flowering
2026-01-17 01:00:00,18.910097507378993,74.90920609372306,145.5509780181394,1210.8675788200042,57.73495113393534,6.442496540836246,2.44157247061318,0.5590911570254776,0.314629526519794,0.5059193437710384,flowering
2026-01-17 02:00:00,18.720393264540803,75.21714265868016,214.7100433475783,1023.1569100010706,56.374106718689205,6.44870286924429,2.4163147939798244,0.5677213674613406,0.28792887919989024,0.4991315867754447,flowering
2026-01-17 03:00:00,18.549395270032065,74.44749289698193,106.9044101033071,1065.2404599544095,53.95007350995876,6.453193465816976,2.4256585078908004,0.5210166675157023,0.27743515204543184,0.5112462346759922,flowering
2026-01-17 04:00:00,18.936088703545572,74.33115078606468,244.79033307029394,1018.990189970286,52.704609506722896,6.487064991442256,2.4426939045163065,0.5439542777820613,0.3214356875902991,0.5117310475492188,flowering
2026-01-17 05:00:00,19.018506177602102,75.25919719984377,170.06409808071075,1041.5784402012807,68.54947125248135,6.508903539491591,2.4222009686020702,0.5043075824585638,0.26524840350624695,0.5084065119908759,flowering
2026-01-17 06:00:00,19.755492560539157,73.77301880302042,5386.980003014712,1044.1078977845698,66.99638128387795,6.437931249692082,2.4125903430145312,0.5422598354211329,0.2899799205070949,0.4828956829749629,flowering
2026-01-17 07:00:00,20.437433632446474,71.46467253231732,7737.334693045365,1026.8587553783461,64.95752002396779,6.455443947434141,2.4259993124847754,0.46674688947361426,0.342999716104484,0.4920872025283644,flowering
2026-01-17 08:00:00,21.10577544682494,68.6350372073759,10074.033995863452,965.0165798868215,64.6869607637341,6.477057013960578,2.4408754462308226,0.3602607329750114,0.6720636544046434,0.504277473426338,flowering
2026-01-17 09:00:00,21.3766459822847,66.79101510433249,12339.34476627328,962.149464785612,62.83905414424521,6.488869993174533,2.4139153924986925,0.3335254362493822,0.693330540414952,0.5286886488258998,flowering
2026-01-17 10:00:00,21.872841590417632,66.52672524860263,14431.9579280931,979.9838508111515,61.51711224047244,6.437260121928897,2.4569320850861485,0.29970179078864123,0.6402911709285929,0.48732463931578973,flowering
2026-01-17 11:00:00,22.38418621332266,66.1585082114154,16118.79847160168,989.8647410700924,60.01177543138679,6.453083607152628,2.4559180063107795,0.28517862578275444,0.6402161552208908,0.5036645104037577,flowering
2026-01-17 12:00:00,22.636283831584677,65.28363189970611,17299.515993091998,962.811567331346,58.56585299504752,6.529274557680775,2.4332364374377415,0.28704676264771695,0.6357124201445582,0.4958792348301717,flowering
2026-01-17 13:00:00,23.043349614735202,61.982113388914364,18028.307698214074,956.3109400601842,57.42061444575395,6.484476540169935,2.413997353661827,0.2648982490732233,0.7183382519531124,0.48116631184748654,flowering
2026-01-17 14:00:00,22.988443289333414,63.786940195107384,17958.559505506528,984.1195198694301,55.45240866919041,6.459461273806703,2.46098615712225,0.26932065232948543,0.6102037761818527,0.4846262531203538,flowering
2026-01-17 15:00:00,22.813362884557122,64.12289238840002,17490.990083209614,963.9886880277498,53.54668576620556,6.488819308889323,2.4299404215345546,0.31132632312553943,0.6031697860383359,0.4944388971398656,flowering
2026-01-17 16:00:00,22.75308872941136,63.25853611719098,16120.510898540357,970.2554327112479,52.81709081528228,6.496022567548697,2.408771370762416,0.2775625916366495,0.6209408333885659,0.4947328447267428,flowering
2026-01-17 17:00:00,22.400582589592087,63.69699239912553,14375.190055328363,944.7605150168578,52.24388455197712,6.438995898991705,2.46415197754394,0.28634299913797306,0.6448133811759892,0.4768632757322466,flowering
2026-01-17 18:00:00,22.087671402704306,68.36568823182051,12414.217203205122,1046.0998522012815,61.509361219290234,6.503362628179501,2.4516525402971903,0.38172140299522545,0.3449486523420568,0.5233700847175407,flowering
2026-01-17 19:00:00,21.639725888764644,68.82988130580152,10415.697381979631,1051.5583552331116,66.51003337128935,6.481823710875339,2.4393383041630674,0.38663719370012434,0.3027764492239535,0.5361662477450878,flowering
2026-01-17 20:00:00,20.259480948485045,71.60933485898234,912.1172056151403,1021.5531168013807,65.88365456519637,6.5107043862248375,2.4349499776387615,0.46222525090019556,0.2860189339117462,0.495084881416999,flowering
2026-01-17 21:00:00,19.784502460532085,72.00724017023511,169.09479855346368,1041.554310050257,65.41177943586446,6.506132313802849,2.4606909889049806,0.5138013141947376,0.30062086253101145,0.49370648788382665,flowering
2026-01-17 22:00:00,19.58832399733485,72.55576208971523,152.7198759320183,1046.1379822779961,62.75142817374964,6.446033266173033,2.4363431573470167,0.5356511915257468,0.30243754426318475,0.5056672517543263,flowering
2026-01-17 23:00:00,19.23412368067905,72.35709349639193,159.98582690182798,1031.0731859511293,57.810157821745676,6.447561985128908,2.4657182910109796,0.5183678902294256,0.32382141775528034,0.49291999009879134,flowering
2026-01-18 00:00:00,19.01534103357187,75.55815219858191,193.32973036428356,1051.0885308270056,55.687715585726025,6.479540774641511,2.44320188316784,0.553160082536764,0.30484584933984654,0.49417050161397746,flowering
2026-01-18 01:00:00,18.924200823250334,75.13481051589862,185.42913126903787,1113.1321066283856,55.74035058692875,6.495743008518467,2.439899262034108,0.5734747802072271,0.27939349291546406,0.47869239727685914,flowering
2026-01-18 02:00:00,18.73634596244077,75.22298329230206,89.45376485714809,1249.3624889963273,52.98046325849355,6.485599064758165,2.4448620228577522,0.5456772167873822,0.28908619164467436,0.49828334982928596,flowering
2026-01-18 03:00:00,18.90940283338419,74.34579023106545,182.64257754652476,1040.3675453532007,52.16151851405755,6.459684390386875,2.4564856938709863,0.5789159579613257,0.29509634346418495,0.5145181118639822,flowering
2026-01-18 04:00:00,18.88049952608198,74.49184800232825,119.5107842258386,1037.2130927512055,66.95125056181735,6.474698401980223,2.448756822194502,0.5292578200320625,0.289831382347399,0.5114457782166933,flowering
2026-01-18 05:00:00,18.98435629499078,74.19669660608001,187.34167685728275,1009.3385739039444,66.45524500598616,6.523720131259837,2.471132539799359,0.5393150074991296,0.32644402012979074,0.4908965811949922,flowering
2026-01-18 06:00:00,19.753467046437525,75.33321794310194,5338.361654613914,1052.7800358704174,66.64809353367774,6.47885147256319,2.4445552634242387,0.5686005109375429,0.2611573164813507,0.5345977407371293,flowering
2026-01-18 07:00:00,20.212461679208413,73.11129493907009,7685.605760446736,1054.2451558538312,65.10700398198681,6.520521599243881,2.458770201778789,0.5611822052825574,0.30594789337144346,0.4799173803420977,flowering
2026-01-18 08:00:00,20.900136505242763,69.49907526596978,10294.644412262156,981.288941087334,62.473313936128115,6.482385715502538,2.4767860897357097,0.40422360280626063,0.6486864524751339,0.48220727430967164,flowering
2026-01-18 09:00:00,21.28692214388492,68.13705509178101,12391.834424654613,990.6157115995662,62.19640286089008,6.512145264064951,2.4726810641104406,0.36509712521534715,0.6560833728989067,0.5099349112098773,flowering
2026-01-18 10:00:00,21.896620903547667,68.1931531764016,14550.074493331364,987.4547744481059,58.936996685693096,6.501818958745581,2.442034057159718,0.36257715746223673,0.6156961955738761,0.4601567813703629,flowering
2026-01-18 11:00:00,22.36393034275213,65.55166115496742,16011.59394269983,946.099703562384,59.51297018214334,6.5602971549365945,2.4474610887189643,0.3428114344262266,0.6619703873369102,0.5011644864770098,flowering
2026-01-18 12:00:00,22.73894098197827,64.64982711589552,17270.7320196769,986.7513635477708,59.82070859035337,6.525995324232102,2.4649900758704435,0.3239307265709546,0.633302587531425,0.4840484696758318,flowering
2026-01-18 13:00:00,23.0905964530664,64.16798149021383,17681.249026834303,969.4552677069265,59.320781203339926,6.515194101213251,2.457850851609019,0.31805544278766834,0.646574647447438,0.4988783642644817,flowering
2026-01-18 14:00:00,23.234050782561397,63.58286200285272,18062.21481580086,962.6231809532222,57.64096119571354,6.490498604980996,2.463052958752412,0.2712843129467593,0.7139943730462783,0.4905267382125233,flowering
2026-01-18 15:00:00,22.861699188792713,63.61317620840035,17500.17541580303,983.9249253644366,53.26496360623571,6.48281304105841,2.461248501777752,0.27200597315860997,0.6371071665796595,0.4838202636233709,flowering
2026-01-18 16:00:00,22.834460632749536,63.15770587684614,16250.92581329543,963.8216671331888,51.939849732570515,6.516467805654369,2.426493535330662,0.2605195421212552,0.670651558076263,0.47917187532978617,flowering
2026-01-18 17:00:00,22.519828915745506,63.89544931851582,14599.348590890704,954.4780464590511,58.34230776991223,6.532837383702663,2.4719417061637228,0.3003181826396601,0.6941830753904665,0.5127643511691442,flowering
2026-01-18 18:00:00,21.93446711581929,68.58149168214403,12724.424385600816,1032.4716797483175,65.74265008328439,6.473958566215802,2.4753356227854897,0.38630470147462814,0.3323306853460682,0.4998066550770847,flowering
2026-01-18 19:00:00,21.43591368075575,69.82256466462428,10439.640885652685,1038.8715755538838,63.41142991630239,6.533687989989041,2.4464916657062257,0.40113726192164223,0.32339937298108135,0.5164566177475937,flowering
2026-01-18 20:00:00,20.354143917561696,70.98192583810682,961.5319682451781,1033.5953572255926,61.42151870281331,6.551742882572384,2.4539688287383288,0.4917042030658909,0.3311417628292394,0.5307819297936508,flowering
2026-01-18 21:00:00,20.020514210977357,71.78516866786698,70.3484499300338,1054.2393587815266,59.48380258685359,6.516309535315834,2.4678422539764315,0.4696632956573232,0.298781844542881,0.48497631930721713,flowering
2026-01-18 22:00:00,19.54532200167537,72.0023564364722,159.33032739626861,1029.8294487479204,55.73460361736883,6.536860191088522,2.4485953746732427,0.5231269768711143,0.3206638908043927,0.4825564703770096,flowering
2026-01-18 23:00:00,19.33010309033767,70.35461838523705,166.58024565709295,980.8131820235226,53.46764105829661,6.495337670540027,2.4734291767064183,0.39503565528676843,0.5561884092506156,0.46217191055506807,flowering
2026-01-19 00:00:00,19.978043968335975,68.81761893422093,196.35628140795416,1225.9107420624323,76.88182984278099,6.7971814613959936,2.7593526038842486,0.4037406894995377,0.3238595975209491,0.5161112493460772,fruiting
2026-01-19 01:00:00,19.820746087051095,69.07513648926624,180.82938770699366,1246.768519402383,77.24929619823094,6.792866270972386,2.7479606269519388,0.3376614433924383,0.31670134915340425,0.5244189767099944,fruiting
2026-01-19 02:00:00,19.78569144709442,70.71210581193222,257.95771723918716,1221.6709656365135,76.7076255423348,6.80643038584859,2.7619368985652826,0.4811753700179548,0.2963215029586046,0.4893420375419284,fruiting
2026-01-19 03:00:00,19.94485459632644,72.35582114308448,367.5015409213316,1232.4387525006916,74.26381922670139,6.83116221113071,2.7797398263822886,0.5248371670999242,0.30054944835814745,0.4961641160312637,fruiting
2026-01-19 04:00:00,19.865617223051252,71.0932446322545,257.5616492490702,1261.5356497857706,72.77780359064177,6.855383278683891,2.7618033029910793,0.4854687721768282,0.2807203660355792,0.5060060303480681,fruiting
2026-01-19 05:00:00,20.009808051883567,70.74993126901845,261.0449850288987,1233.195812946259,71.43629031368539,6.83309224966404,2.7733432943146368,0.45324184023051944,0.3005211161421388,0.504751638343199,fruiting
2026-01-19 06:00:00,20.834751865396132,69.32724587696337,6006.241648000742,1261.6271671110392,68.56938885797054,6.828854571304269,2.787380266273322,0.4582947863022305,0.29282353503214226,0.5195476791227867,fruiting
2026-01-19 07:00:00,21.35564258108344,68.57926217092478,8639.270867780624,1230.6833055164273,67.44296149574863,6.792448062808543,2.7686688904235184,0.4093287518654831,0.30593462348510375,0.5094348275197911,fruiting
2026-01-19 08:00:00,21.992996591487827,63.622854355340415,11290.862885594739,1164.963931097065,65.52990370160698,6.856958510224455,2.76244420067674,0.2995499887123306,0.6558486446616923,0.5141298225472599,fruiting
2026-01-19 09:00:00,22.564048163676258,63.31999711305667,13761.605107318652,1164.8686312300833,65.86781604610954,6.799197674874164,2.7570015851414347,0.24948371052782134,0.6248914740050207,0.5005457292905777,fruiting
2026-01-19 10:00:00,22.958060762555558,61.11498673975405,15814.51656864142,1158.421294253016,65.56842249895826,6.7517262483834815,2.7741088285462294,0.24535985495303905,0.6587193351517996,0.49419756339324433,fruiting
2026-01-19 11:00:00,23.568444252165673,60.69935824850774,18010.9630097985,1179.4643060172505,64.68457885276761,6.768702400393896,2.745126591892691,0.17461571270605988,0.6509965769886843,0.44213011703792654,fruiting
2026-01-19 12:00:00,23.867889338898745,58.89989125514347,19098.827849743535,1163.3055697964808,64.78484418899043,6.815377323574502,2.77696827560276,0.14387198627578088,0.6487598978219445,0.4979599814720685,fruiting
2026-01-19 13:00:00,24.1313859536866,58.34146391689197,19727.29798410125,1128.5269244054023,65.92891127825699,6.798029090113213,2.7607232094941128,0.11431956515446007,0.6808124154268375,0.498648330434368,fruiting
2026-01-19 14:00:00,24.133150376463664,58.29174019170488,19890.200464921054,1154.4864549504512,65.22122713312054,6.8497576086079315,2.7691873607832975,0.10632090889439354,0.6740731561398845,0.5050189550987773,fruiting
2026-01-19 15:00:00,24.254889596476705,57.2899161297951,19136.46395674848,1169.3297326174695,65.23279869251029,6.91007250398929,2.7738542736092957,0.07632846477351607,0.6673079194426791,0.4803039227253268,fruiting
2026-01-19 16:00:00,24.00252495289585,58.99986756775086,18224.578282750364,1164.368226643453,62.444344025130725,6.827865616944178,2.7553773414656706,0.14695484969224212,0.6559484105409709,0.5104039342981009,fruiting
2026-01-19 17:00:00,23.51455415019282,57.77450184943297,16119.611357036323,1167.5489253874478,69.89008932447861,6.808791273519865,2.762780195628117,0.08288634695111714,0.6926334041939498,0.4987572248451561,fruiting
2026-01-19 18:00:00,23.13875334081673,63.08761923564617,13856.64140240778,1246.8851503546332,73.94101475621825,6.838117309248535,2.7842154231150538,0.27817704230507706,0.3186821265740595,0.5116598659700582,fruiting
2026-01-19 19:00:00,22.512039037277358,64.59491664567885,11229.500425504952,1218.5359156771146,73.23127579048518,6.843522028388288,2.743393331854069,0.34591324928155176,0.318936166539817,0.5202585845578951,fruiting
2026-01-19 20:00:00,21.23376492826304,67.60030439577811,965.6855625717112,1258.664433545384,72.60829627571987,6.850358272256526,2.767925554311312,0.2826390814049459,0.2638324533196447,0.5099934564407463,fruiting
2026-01-19 21:00:00,20.740843771881092,67.51044860702854,288.4083875739802,1253.4631486395863,70.95951675965104,6.842642826204884,2.7630846516651633,0.3751577198449971,0.28603081847576894,0.48658311219187006,fruiting
2026-01-19 22:00:00,20.524546003806233,68.53147174399697,265.517404488155,1251.4457079662936,71.24470880689506,6.880258792893861,2.781756231132295,0.3971213045465436,0.31067114361317477,0.5309272218146777,fruiting
2026-01-19 23:00:00,20.28464428027905,69.07680517031741,225.5070113891078,1242.0028434687224,71.36417918780845,6.825359795239575,2.7615394890460565,0.35578044684998966,0.3008882639967786,0.5017938137434985,fruiting
2026-01-20 00:00:00,19.946263081235383,70.93305616583467,115.74521571702417,1252.436084683079,70.08501883754964,6.837247071752842,2.744681605997174,0.44959659080268616,0.27786907270474126,0.4883837562215308,fruiting
2026-01-20 01:00:00,19.819765177113638,71.11183861044618,78.26742384445434,1219.1142324348639,67.86184414052542,6.869655996788375,2.7766506513367966,0.4715053142504296,0.3031522073593309,0.49385000363976655,fruiting
2026-01-20 02:00:00,19.637399835629296,72.08114883573613,485.00190833472135,1267.9433660394411,64.18455968017169,6.88875930654413,2.772952161147335,0.5352878306736532,0.28485461719818744,0.5023601349492582,fruiting
2026-01-20 03:00:00,19.781405989117417,71.5892145203532,96.79271561128131,1250.4166262496576,64.35524885261523,6.84096155112125,2.7897104354861884,0.4743379772248315,0.3264321442591132,0.48354386645687825,fruiting
2026-01-20 04:00:00,20.079204335383547,71.63564715744657,216.1669676031582,1225.353552228397,64.07227717175928,6.876378715586507,2.776812529822045,0.47047485642694714,0.3076349030817847,0.4966277521621126,fruiting
2026-01-20 05:00:00,20.000719671104516,71.38597895517476,103.46988930774732,1236.7402215009697,62.974399517810504,6.856974927702528,2.7716562246158536,0.5434240743681199,0.3177104067435144,0.5044334644335758,fruiting
2026-01-20 06:00:00,20.73336081615113,70.10301529340367,5946.1938613800385,1248.176673017398,70.90801677624678,6.790838441560652,2.770974971651846,0.4866276199457073,0.3108226347036826,0.5210320297303929,fruiting
2026-01-20 07:00:00,21.577954159191226,69.55705026931777,8398.33682218386,1230.1288884588603,71.20367037980495,6.872238386939704,2.7659537209348724,0.40798037681561183,0.33263137683833394,0.49885802351569225,fruiting
2026-01-20 08:00:00,21.842988697759377,65.00458709976742,11057.764984503612,1151.5362427158832,67.16267313757628,6.898620766200241,2.7503760150592105,0.3286232881960361,0.5978917933986193,0.5164868949599392,fruiting
2026-01-20 09:00:00,22.49483092403497,63.325368278505145,13655.834641029185,1173.9778238487393,67.59286119986274,6.831349430205555,2.747610039783742,0.2866424723096875,0.6616420534561022,0.5156354951687625,fruiting
2026-01-20 10:00:00,22.97888126791347,62.332436078321216,15818.6779616438,1172.6427790877578,66.63181059505123,6.814523478824113,2.7776626216330507,0.27958687694207596,0.63308538288943,0.49673038743062947,fruiting
2026-01-20 11:00:00,23.554739314314457,60.50172025566298,18006.34929345428,1174.3247434010898,63.146686110868266,6.8547062371303085,2.78144347514861,0.20965223389507578,0.6802649733630489,0.5094076060741909,fruiting
2026-01-20 12:00:00,23.84650799096563,60.20685629387472,18938.440268363254,1146.6586948245877,74.61423069516631,6.865166536896953,2.794735259447794,0.17529703656980508,0.704913874696938,0.5205565712245316,fruiting
2026-01-20 13:00:00,24.222620449136144,59.19936466165398,19978.58044638422,1173.425756937502,72.10846143111213,6.887023282907059,2.7841275637505016,0.11652386004484322,0.641642209838491,0.48693445713814815,fruiting
2026-01-20 14:00:00,24.315105117172223,58.13486876841214,19965.48109671441,1173.050995757746,69.48104121264815,6.868400248296499,2.781271182209032,0.08193018992170885,0.6823003890677951,0.5090021990166728,fruiting
2026-01-20 15:00:00,24.123605794296285,58.6172689342319,19326.040194173624,1197.5544440220565,69.09553404179123,6.874284241571608,2.761513667047877,0.1420214496468166,0.6234945445427628,0.5254234076706058,fruiting
2026-01-20 16:00:00,23.833094721725207,59.131160817516104,17705.046971629046,1188.5672665823213,65.06643849045946,6.874617757627218,2.7715907065274497,0.13709721629253865,0.6527229341641073,0.49912468600907306,fruiting
2026-01-20 17:00:00,23.67591565051983,59.31010362201504,16371.96474522449,1168.880056154974,71.2948502170033,6.858091856664077,2.7855081239008395,0.09252262055235623,0.586839225312871,0.47833894876218697,fruiting
2026-01-20 18:00:00,23.309830970918224,63.404138865629754,13839.000667053253,1226.496192929672,74.2712173140237,6.8768806414546475,2.74620428819026,0.2560720730676003,0.32530884589531334,0.46465050054694995,fruiting
2026-01-20 19:00:00,22.72137707313667,65.32897314565597,11624.840694186516,1256.760639600846,71.39616494105303,6.846250337670841,2.7833587518748133,0.2788816164085894,0.27537723155038385,0.502703725620477,fruiting
2026-01-20 20:00:00,21.279900183801956,66.05301782722114,966.0863622867396,1247.5464096079222,70.13483024990609,6.867667585516604,2.765352689683547,0.28699302958232814,0.3021624591902909,0.5023426992201377,fruiting
2026-01-20 21:00:00,20.934836207293248,66.7859924438264,234.14466095538668,1238.4489608046017,68.14980508754338,6.879117006973517,2.743955101258335,0.3555031540012154,0.28539323040108294,0.5135781172402484,fruiting
2026-01-20 22:00:00,20.59840100504756,68.45481242909285,236.18049120359612,1247.105997081648,67.69584651953156,6.877203950554354,2.8036015974559922,0.36641901823722317,0.302746025150673,0.5016655081810718,fruiting
2026-01-20 23:00:00,20.222377438573574,68.65680749970103,245.83235538437248,1221.2761655916424,66.32378501987745,6.845582740788597,2.7592902816164417,0.3714397764731065,0.3224542774291747,0.5224382918238698,fruiting
2026-01-21 00:00:00,20.091369913072523,69.68021522483419,290.5806567595639,1217.5628454605555,64.35560318175227,6.900694833732689,2.7930165705732093,0.42311492796675004,0.3349074882399193,0.47275157675340923,fruiting
2026-01-21 01:00:00,20.094717240715077,70.71637112445119,261.70883254991804,1248.2083150505866,65.7353401280405,6.87095100088177,2.796470845001043,0.4563556284212586,0.2712376722926369,0.5011761719186293,fruiting
2026-01-21 02:00:00,19.783290014262448,70.88812401457204,255.9487705492368,1226.6521542590515,67.2069418771629,6.869887576504916,2.792033144701337,0.4533989571442114,0.3370177555533748,0.5338405298790263,fruiting
2026-01-21 03:00:00,19.532896322720376,72.33466733184473,47.18790971117975,1271.7478268503694,66.62363548744216,6.816465887176901,2.799733564842386,0.5478045458518662,0.3164254368155498,0.5048505577169159,fruiting
2026-01-21 04:00:00,19.838332039175203,70.65503454284726,76.38270936893231,1215.0093276783116,65.18505458465818,6.932782899586414,2.79066558727841,0.41439054264561914,0.3242592659973762,0.4990036429629467,fruiting
2026-01-21 05:00:00,19.96225770581932,71.13906571519307,176.32069129450983,1253.3129390453382,64.20371152077634,6.904262489674415,2.795438863572357,0.4478211205134101,0.28212925236460423,0.5162737905934419,fruiting
2026-01-21 06:00:00,20.962591494255147,69.49807629598293,6293.301441881082,1240.6083565988397,63.71599652767728,6.8559131444645205,2.8030354550075542,0.40410520634094094,0.31602555009022704,0.5085259290052045,fruiting
2026-01-21 07:00:00,21.36496450217925,69.13363238527977,8557.713836421788,1230.5663505398663,62.02582761729182,6.847852735240475,2.78304370343753,0.40075768665126704,0.31559508471883546,0.4722326448489698,fruiting
2026-01-21 08:00:00,21.957178580593133,65.35252053381738,11163.595141237665,1160.9392124517003,61.628684839246716,6.863353948792589,2.788419594103018,0.31153321579334897,0.6454400136621711,0.5069731642440563,fruiting
2026-01-21 09:00:00,22.516385917065605,62.99228868886154,13547.45396926281,1179.6681057416001,61.20214317669709,6.8878281178369605,2.796638302343602,0.2576206626781799,0.6699689409726043,0.4691826149412491,fruiting
2026-01-21 10:00:00,22.91163268231285,62.57211546340495,16129.229441825462,1178.4569439123725,61.140132138830815,6.874212004125282,2.773482218431159,0.318771914100648,0.6198048113196054,0.5058158824288047,fruiting
2026-01-21 11:00:00,23.53801685146166,61.68425899488796,17854.476999581308,1188.3202997142719,63.262374469660074,6.911441929433998,2.776908143964708,0.2364252738913413,0.6199520785856828,0.5060666453152001,fruiting
2026-01-21 12:00:00,23.89923514868725,60.24421894555533,19070.470821750958,1151.489300945076,82.93967647991211,6.911539723582384,2.804057228647244,0.1999552136290544,0.6528262083894614,0.47320113202667774,fruiting
2026-01-21 13:00:00,24.250086610000356,58.68284165049349,19980.942606701894,1169.0393134350752,83.10031538036425,6.8705028704882976,2.8011399903589496,0.09062149067883518,0.6657943018507101,0.48678718253671877,fruiting
2026-01-21 14:00:00,24.29996886095236,59.253595833342594,19918.711973740068,1180.8932017338454,82.61410126304547,6.885616147776273,2.7851195686195047,0.18323664423723307,0.6308118323108869,0.4871758794504973,fruiting
2026-01-21 15:00:00,24.121236616073414,57.69790173747703,19183.237986566033,1164.5524019874456,80.48051666741655,6.884259746864546,2.7923757102708056,0.09295761596336449,0.6754961760853418,0.4956178933675348,fruiting
2026-01-21 16:00:00,23.99284245333993,60.499510597687326,18008.343107519886,1181.6337851077164,78.3906424633069,6.897738041555038,2.7914808629497556,0.15071420078817585,0.638006312639288,0.4690072752848751,fruiting
2026-01-21 17:00:00,23.64551390955513,59.46799544907163,16164.189929307753,1167.9532510719857,75.94726452798405,6.911258916445312,2.779925738096439,0.19787885422214804,0.665299976183585,0.49108485613266906,fruiting
2026-01-21 18:00:00,23.08741701921943,63.5731676652096,13715.981861181275,1220.265194739554,73.09145996237038,6.886265621900523,2.826750725205539,0.27626498417673023,0.33684482476751526,0.4996505573405115,fruiting
2026-01-21 19:00:00,22.606063012880345,64.7854965395153,11109.867681807567,1249.7864432386034,71.271827087207,6.874221608332128,2.783006254367347,0.3047725129762305,0.271207374113604,0.5081180916198073,fruiting
2026-01-21 20:00:00,21.29263272838551,66.02821556553339,950.9251351857087,1346.7519520401495,71.87285399470953,6.896725264393219,2.814257604868334,0.31622547701982934,0.3013302357750524,0.5124979642110152,fruiting
2026-01-21 21:00:00,21.014037974795176,67.57603405689501,60.02901068912042,1258.3939510231578,70.7215988095781,6.9062190348152015,2.8189356228842413,0.3062819091066055,0.2992407265520372,0.4980753848910587,fruiting
2026-01-21 22:00:00,20.661278025532273,68.9285087672239,197.37033141451798,1247.2526247774078,66.1139903242297,6.911206317879974,2.7973690754831964,0.43147477123730454,0.3270012300215052,0.49882619614788787,fruiting
2026-01-21 23:00:00,20.19038674915692,69.8099202988874,134.36172348772746,1230.6092631591675,65.02678982491318,6.898885789118874,2.795945182247252,0.4609528320459484,0.3142724625074499,0.5088055200209071,fruiting
2026-01-22 00:00:00,20.240515868658736,70.44036332399362,169.9876297897364,1228.87819667782,64.9358398433165,6.954861638313915,2.8022859992511435,0.469889261725329,0.2990410636097868,0.5255088738826265,fruiting
2026-01-22 01:00:00,19.83063398874507,73.42955921877233,132.4560505313647,1230.1509845896517,65.62072668849179,6.90759861863357,2.7973914343988344,0.5448733154988733,0.27155999684798443,0.4808136589139577,fruiting
2026-01-22 02:00:00,19.729255817343493,72.0914005283818,191.56741678443632,1230.809245671619,65.92964027251581,6.879975412872864,2.8160105885157054,0.5104284775332548,0.2969664152638943,0.48859919043750183,fruiting
2026-01-22 03:00:00,19.64807366641099,72.60086580220924,236.11966936612455,1236.0989163262816,65.62023135357173,6.886475588842482,2.7866326465966194,0.5684956287147366,0.34291484802529343,0.49122837830413113,fruiting
2026-01-22 04:00:00,19.67480593709529,71.64472511957311,363.2855725263603,1243.0932812381093,63.209662338472704,6.891081027398023,2.8243054130186267,0.48997522153426626,0.2817424206998039,0.4911242599297836,fruiting
2026-01-22 05:00:00,20.046714020158536,70.97811922922573,203.6344662149285,1245.5613920338603,60.99076794167351,6.865130717589551,2.7966219045067184,0.4491165457701914,0.2808301311989027,0.5216549263932756,fruiting
2026-01-22 06:00:00,20.846098033205003,71.26606098718752,5907.334542064379,1221.0662182383646,74.85648105014701,6.9391725076671165,2.836364589135766,0.4976309736995915,0.31541548035456185,0.47352672469283913,fruiting
2026-01-22 07:00:00,21.411067102296467,69.76460193904056,8614.74221087299,1208.7037465553028,83.01854218160274,6.934244240001061,2.791686485754152,0.3970796317698062,0.3023973150576075,0.49138311609241936,fruiting
2026-01-22 08:00:00,21.88514778597705,65.21933587132234,10869.53469035327,1159.7475018961434,81.06993990707501,6.905360206594625,2.8133254836966586,0.2868274416224119,0.6446335720751684,0.4986007007674033,fruiting
2026-01-22 09:00:00,22.37053090013578,63.57776634592087,13829.454168076321,1174.1733747504431,80.78087073199063,6.931170014315389,2.7645478161682875,0.2726850783507576,0.6336989722282953,0.49078176114847305,fruiting
2026-01-22 10:00:00,23.06314368747763,62.50833656242572,16145.105153520437,1191.8846016113248,79.54542881312346,6.90123530834648,2.8010637162333474,0.23251069570999663,0.627137548672171,0.48127275765117455,fruiting
2026-01-22 11:00:00,23.72706293084262,62.03273399353297,17864.84608919607,1179.556452954491,77.63476961303427,6.9304128736008375,2.8400757071473426,0.24218401956380423,0.6305797467049059,0.4895302684258567,fruiting
2026-01-22 12:00:00,23.853112850072524,59.431765338280485,19028.550750453174,1145.747512226873,76.5389834831648,6.894350311867367,2.795055347916211,0.11480831414808847,0.751717332273038,0.5183752273369316,fruiting
2026-01-22 13:00:00,24.073527272925407,59.69310620668748,19962.408045473352,1175.1986266627264,75.97880920982709,6.943967520990703,2.782802998882003,0.18011259782907027,0.6990705598542727,0.4924104461719793,fruiting
2026-01-22 14:00:00,24.18920310757392,59.145396911118446,19772.88356565105,1172.2009390830315,73.42466531360272,6.90903771321188,2.7793238634838744,0.11582800592050872,0.6413957736366521,0.5066459067297114,fruiting
2026-01-22 15:00:00,24.243029725534274,58.6949931879416,19153.773555624583,1186.078665551381,72.85746945486234,6.93180337486197,2.808548814616483,0.14654402402678543,0.608052503785603,0.49962580475411494,fruiting
2026-01-22 16:00:00,24.018528782413057,60.39297560039798,18157.93495722246,1198.577399143659,71.53009484847107,6.956570464494772,2.8007648722098284,0.19423640309767862,0.6209408116780478,0.4883563617692279,fruiting
2026-01-22 17:00:00,23.629021725663303,60.688552541159886,15936.883548655182,1146.8868588998869,70.10319876270178,6.917810135713007,2.831520608288733,0.1946482514791726,0.701338626492955,0.49227526015538,fruiting
2026-01-22 18:00:00,23.209118122097767,63.59101543971408,13771.055547177406,1263.4237854970895,67.80680375795554,6.945080985953873,2.8123293420711097,0.2877717129484267,0.33332777982796785,0.4830789002626788,fruiting
2026-01-22 19:00:00,22.657118448868545,64.53779363023588,11213.046242406866,1222.1170843054697,63.76474425998945,6.9449755940813285,2.8174598594214193,0.30532537230392437,0.32133091173432554,0.4694296089261138,fruiting
2026-01-22 20:00:00,21.35088708767113,67.23382942169654,1162.8693122514717,1245.7828015738323,61.37491037201695,6.937148576127875,2.8097280573433054,0.29891611771107207,0.26758844264235954,0.5194324169275952,fruiting
2026-01-22 21:00:00,20.844651318914075,68.33156251781533,121.32820155585836,1250.894538116325,61.280681052650884,6.92978770335369,2.8394680745228817,0.3053972583958627,0.28830462390573514,0.480234974143619,fruiting
2026-01-22 22:00:00,20.5704980861115,70.6214911133865,183.0960532979445,1252.7559709153566,73.74951548084506,6.951948726026434,2.821648898352723,0.4687851054903296,0.27730506248882686,0.4934893231821958,fruiting
2026-01-22 23:00:00,20.166169716844816,70.10771819847476,203.6590827983605,1243.038102235329,77.33563406394815,6.932649399082223,2.8258593256475373,0.3539219284015947,0.29202158157636954,0.5087675279124365,fruiting
2026-01-23 00:00:00,19.986096418666996,71.85029108979872,117.94360632484295,1234.6473193470767,74.33640060646161,6.94378827853662,2.827707277351261,0.48914948141342557,0.2923768761338685,0.5226181858502628,fruiting
2026-01-23 01:00:00,19.918991441749675,70.73757123717343,230.73315625559871,1241.907324690887,71.89491824132324,6.935192734268153,2.826314514267926,0.467495097500362,0.3098660547912669,0.5196396392349935,fruiting
2026-01-23 02:00:00,19.723653715808574,72.79118798427102,180.63877510453514,1254.6907893725281,71.23433089587606,6.890917655835835,2.8071572066441726,0.507184392500258,0.31305885568826236,0.4998916932108626,fruiting
2026-01-23 03:00:00,19.745370418034977,72.60497711138882,316.6736557260134,1246.7703718765138,69.87414790145763,6.930800259285818,2.8209338091064837,0.540536031522496,0.3008094187654908,0.5306186733502578,fruiting
2026-01-23 04:00:00,19.89476197315816,70.2968651219207,161.46195600136005,1181.4824412875298,69.43165139155222,6.901877826345554,2.821301300972278,0.4236437548935326,0.5662868127600507,0.500936874370758,fruiting
2026-01-23 05:00:00,20.041715417215276,69.25496681902776,195.91092702531373,1175.6015452461088,68.58865967156585,6.924448894071337,2.820687667289468,0.40522725668069404,0.5844686020900899,0.492536972379827,fruiting
2026-01-23 06:00:00,20.751645584136426,69.31662674837541,6272.626240147895,1185.6384369689174,69.75075509207143,6.959882281185419,2.80713408040997,0.4100074992752134,0.5323109445406554,0.5349492443675222,fruiting
2026-01-23 07:00:00,21.325180974103212,70.02935286431092,8661.78048151378,1214.7576985774313,67.50115486174062,6.959383732756361,2.805940721919075,0.40445741908966687,0.2964594635058379,0.5040698620276745,fruiting
2026-01-23 08:00:00,22.022039095046622,66.42495348205466,11325.792008416392,1140.0323966181415,65.50907330665152,6.923182474892811,2.816695598975624,0.33066238818079285,0.6189812697705831,0.48784396219295184,fruiting
2026-01-23 09:00:00,22.51063918793511,63.905986320035296,13690.430085142083,1165.379086163446,62.713545268382695,6.968538297930139,2.839308743713879,0.29283244217878257,0.6628400322070852,0.5026165496063796,fruiting
2026-01-23 10:00:00,22.944898992067905,62.836669036660766,15920.292521677971,1175.505945749772,64.61890456073995,6.9852876100630885,2.8180561310059153,0.31392586044719445,0.7034420280737792,0.5059388216988516,fruiting
2026-01-23 11:00:00,23.588041923340025,61.993888597200936,17849.9935802562,1164.8602339377912,78.89445332348762,6.96301606505791,2.80880174263631,0.25644861598904883,0.5998794832585365,0.49645479644361995,fruiting
2026-01-23 12:00:00,23.877940947856786,60.42666288969147,19193.544462476686,1143.848785491427,75.24835209760134,6.960320525491813,2.8118808190326425,0.17487711554139648,0.6286231251731138,0.48931070080346756,fruiting
2026-01-23 13:00:00,24.251161085722988,60.2207814861327,19997.595849397218,1178.4981400767856,74.23475198961096,6.893826118708127,2.8304883601818585,0.26421623608657924,0.6253928934188732,0.515043615968979,fruiting
2026-01-23 14:00:00,24.23395713052741,59.824762333178576,19926.416795896886,1188.9313490949505,72.0675127411334,7.020936619102468,2.861467655803368,0.19535073712169368,0.6400843986271098,0.5138363330228513,fruiting
2026-01-23 15:00:00,24.12968015414448,60.27978763872604,19354.328390865503,1169.8682775930672,69.18707944292989,6.958997938743135,2.8338772562686483,0.16905861641083408,0.6326097597034057,0.5113994992247549,fruiting
2026-01-23 16:00:00,23.95110610309749,59.42470875758954,17914.698616329028,1171.2308987247795,63.279198110151945,6.928866309439297,2.8270313546047134,0.1499703021090173,0.6324978467157271,0.5127070291332877,fruiting
2026-01-23 17:00:00,23.627260111009644,59.327388700757545,16101.763217969352,1178.5057201050124,69.34783908756789,6.967688125636722,2.830603832622876,0.1690814630430106,0.6355666119248214,0.509979136938715,fruiting
2026-01-23 18:00:00,23.17255808122506,64.44106147750414,14078.87564021436,1231.77410212597,73.75138442607603,6.951035817209099,2.8150933553218387,0.3169765877029998,0.3325789201296536,0.5220828017290273,fruiting
2026-01-23 19:00:00,22.774571390609186,65.73107252755302,11302.882224287949,1249.706072276876,71.10370947650725,6.945590425064662,2.8446025140174136,0.31100285458987437,0.2862192365071984,0.4967429416098755,fruiting
2026-01-23 20:00:00,21.40752670952087,67.18110969441568,861.7159713976145,1227.5646202531655,68.108389959917,6.933304818989029,2.842827846707255,0.2945084900436577,0.28747056481628014,0.4963463458912041,fruiting
2026-01-23 21:00:00,20.915053777418514,68.69983413128182,362.41372362063913,1252.4710521514842,65.03595257875507,7.038799226012457,2.821033779394756,0.3247331153929833,0.2664544798153642,0.5096258259906784,fruiting
2026-01-23 22:00:00,20.520578473394117,69.64750272334335,40.162116412119644,1238.029722290608,61.987716019939974,6.937388359103732,2.8653828647926702,0.3618079033589628,0.2836629478424389,0.496439879211866,fruiting
2026-01-23 23:00:00,20.184330058103683,70.33967801739618,261.1947291821673,1302.5169150522786,83.48516708694433,6.9650435400413775,2.8356331622817943,0.4476029123240604,0.31690921637590036,0.5034583380784777,fruiting
2026-01-24 00:00:00,20.126781392261567,70.95458691078916,396.5131205738153,1240.4552013471973,81.89151658968986,6.968903903869582,2.8230320968399383,0.529220908028134,0.3118280137791325,0.5286360667683137,fruiting
2026-01-24 01:00:00,19.900543499326716,70.81217705093519,144.9442396110595,1235.4580246780188,79.15284242197905,6.966663244582989,2.8317557890619303,0.44291170956137177,0.26544444959096036,0.5036765008338001,fruiting
2026-01-24 02:00:00,19.803921530764963,73.31188618488517,233.88541901472126,1245.7670668753851,78.71082611302015,6.9417929938580585,2.8193019706035485,0.5455478869808577,0.32727491187427143,0.5110025288591769,fruiting
2026-01-24 03:00:00,20.012340355531347,72.94894779775349,209.99347557706753,1213.9118514397294,76.97391214518498,6.986422499728113,2.821093926633873,0.5334801309323765,0.3005394213821195,0.4703755260971855,fruiting
2026-01-24 04:00:00,19.94980820644887,72.44157428057785,217.85079724394396,1223.8032883049034,72.46704612889268,7.010189323752523,2.8221904563125424,0.5143217991917568,0.3121873737305875,0.4564892700078527,fruiting
2026-01-24 05:00:00,20.20464175885053,73.06346769324924,195.3071672142107,1248.6699543959057,69.16528776701124,6.947112961369707,2.852249593638847,0.4865363176012023,0.3034502126601897,0.5272944447094062,fruiting
2026-01-24 06:00:00,20.95810208426133,71.23633518800031,6307.696444229838,1212.073809306792,67.2209886656582,6.954984820864333,2.8494585493858087,0.4667601985514335,0.33379990016020417,0.5192423028779926,fruiting
2026-01-24 07:00:00,21.349847027154855,70.51566630024759,8401.626781907089,1263.8218109162215,66.51514884586452,6.983043196080832,2.8306614615757364,0.4788383575329547,0.2977531038293227,0.492688559107368,fruiting
2026-01-24 08:00:00,22.008656764494052,66.49668820056907,10883.166527555697,1178.5287556624135,63.46362589873784,6.951759213070428,2.844012419026249,0.3537158000515512,0.6346135722923404,0.5061025864453069,fruiting
2026-01-24 09:00:00,22.567949396937546,63.83902396661545,13961.029751810753,1180.5888875254102,64.58100129181217,6.9568597770950165,2.8509925148612996,0.2692111670781127,0.6216373909196613,0.47154926609526976,fruiting
2026-01-24 10:00:00,23.0864163982658,62.946056263718965,15905.756584650064,1181.311284772603,74.86769602755449,6.951626014531487,2.841502998977937,0.29641819853410484,0.6901106719373263,0.4974382879078903,fruiting
2026-01-24 11:00:00,23.783400091618955,61.610344548460745,17797.443291631786,1170.3271977203428,71.89327748401028,7.008447897457134,2.8408889552239494,0.17244716700530194,0.677430574136269,0.5294304020046324,fruiting
2026-01-24 12:00:00,24.00222310326376,61.72416586302872,19237.04247930212,1181.2633537313632,70.66467403002046,7.024705319796888,2.8144246257497385,0.24220605935205744,0.614035421061682,0.5070746718515088,fruiting
2026-01-24 13:00:00,24.131755038476356,61.124511333577004,19933.58173266862,1183.8432277636016,69.18592452911815,6.972349352417758,2.829806585116501,0.2287728083555308,0.6188001971729425,0.491899302347555,fruiting
2026-01-24 14:00:00,24.115140837593206,59.29147360395091,19831.439124769782,1157.163856527453,70.13210928864714,6.9286980465618635,2.8157616426292833,0.14274772179637119,0.69518135382788,0.5128101771797187,fruiting
2026-01-24 15:00:00,24.381318783912945,59.26398233689407,19177.07777389709,1168.82459170673,70.27991935681301,6.9657141625115075,2.840615479311968,0.18756847529529388,0.6633642180926361,0.518665765482945,fruiting
2026-01-24 16:00:00,23.96001690086884,59.53207380476707,18076.235889011794,1148.744420914215,68.04993110145728,6.974593374306942,2.8408062336555777,0.15400756070318092,0.6289561526866561,0.4994582768458227,fruiting
2026-01-24 17:00:00,23.57851778011595,60.76067704441832,16302.494604011283,1156.9633498287662,65.10602125368342,6.958513049180635,2.8343996176866484,0.1606302189996446,0.629005298507439,0.48582451295843004,fruiting
2026-01-24 18:00:00,23.199001961427467,64.68100604403797,13845.333431831134,1226.050222931696,63.16190513630978,6.993758969252393,2.843307939977107,0.2711570713981703,0.36594057947589986,0.4946698093520685,fruiting
2026-01-24 19:00:00,22.666657458104194,63.33728358267933,11486.461127915696,1181.6703835129854,71.45063353342262,6.935734946094556,2.829792890686555,0.2883248079285626,0.5692176807426327,0.5053466645697055,fruiting
2026-01-24 20:00:00,21.35983166922118,65.39773820691691,1235.416772742024,1204.6526769342527,79.68408307284005,7.02493591698133,2.861702668153424,0.30130605294813856,0.541316023090537,0.5204904724462907,fruiting
2026-01-24 21:00:00,20.82133127051898,67.85930633182072,284.05107413238557,1242.1335004189054,78.21693005003657,6.921523106502121,2.8564912638544193,0.343528186618455,0.3064535829485247,0.5143052612887898,fruiting
2026-01-24 22:00:00,20.53547035318542,69.72824445316881,249.46187819431466,1233.705529214477,76.82439066083616,6.948389569887742,2.8680575624623192,0.39300157808690445,0.2961475402148466,0.4739211297323502,fruiting
2026-01-24 23:00:00,20.46062876044115,69.89898243135588,181.53478455594086,1234.4346821677575,74.46376388667964,6.984986158455006,2.881274890723708,0.3996857721727764,0.3164001013222342,0.47690605476611897,fruiting
2026-01-25 00:00:00,20.056802681937693,71.05129506177924,236.7989690606844,1239.2667666513341,73.19840090722442,7.049689884782656,2.865745983372138,0.5316363497415595,0.30597406982029324,0.5043230620892519,fruiting
2026-01-25 01:00:00,19.859686156370213,71.38311727784308,336.0894863975282,1213.6434731964252,70.63584274922393,6.956426912611644,2.885636908275114,0.5114276912103981,0.3062123422128078,0.5052397591603351,fruiting
2026-01-25 02:00:00,19.785032830709326,72.92611844046279,81.32587073972472,1254.190263565816,66.63027327893472,7.031895654895814,2.865737917458544,0.5410414339360523,0.30863465723903233,0.4899385490935532,fruiting
2026-01-25 03:00:00,19.884498568608127,73.32333308838862,140.77156188332003,1237.694155359745,63.36724878500613,6.993875749735135,2.851630511862284,0.581144887223172,0.2866475198629541,0.4722993828062991,fruiting
2026-01-25 04:00:00,19.77872341075721,72.15203890145203,63.1777170607346,1234.9081066400258,62.58942608757678,6.946349273890445,2.8480851124152817,0.5604924533359509,0.2945070777482445,0.5182732448373076,fruiting
2026-01-25 05:00:00,19.900209033534075,72.56586607702832,175.13704150814286,1213.2040608871123,65.837739976605,7.020527719450219,2.8343818281808737,0.5788891966940161,0.3057686386418057,0.4812757909411498,fruiting
2026-01-25 06:00:00,21.049903948088335,70.50486428252592,6108.336313985499,1224.4731886813722,74.85945898728572,6.994826100519138,2.8132532548705615,0.4598128096763551,0.2901766207071117,0.48357039094566456,fruiting
2026-01-25 07:00:00,21.346849062397506,70.48275992252587,8577.654518043159,1209.752036412295,75.06218764434273,7.027218194921658,2.8482655603196654,0.4491096721073802,0.3012132101869925,0.49333627531434016,fruiting
2026-01-25 08:00:00,22.065829204703366,65.98200693336162,11291.580272347392,1162.9692349918162,74.84676124877281,7.010500353172927,2.8588859049500432,0.27104576934453045,0.6504536719735284,0.5254629682388992,fruiting
2026-01-25 09:00:00,22.524026828275776,65.14316737879588,13533.038731006978,1155.8400216856428,72.8280469598666,7.002814675322345,2.8528501178399392,0.3093324209783996,0.6291901504699702,0.5065678759980116,fruiting
2026-01-25 10:00:00,22.945002546237436,63.09258528307456,15992.358707228108,1198.2814786796862,72.75067965104047,7.049369775659237,2.85769905549021,0.2993257732888463,0.6546711323369897,0.49100095762916124,fruiting
2026-01-25 11:00:00,23.56593483208869,61.86635387689241,17800.62991474863,1177.6529658204213,72.46444400809901,7.0240227375508555,2.8713777982794215,0.28731778550191345,0.6661037737542354,0.49748988287456664,fruiting
2026-01-25 12:00:00,23.974278287483056,60.078048334303936,18998.60408646987,1150.6297902788065,72.85782752460659,7.034705485346915,2.874010277587287,0.13135341219091143,0.6413077468017914,0.5306824800973633,fruiting
2026-01-25 13:00:00,24.207876766954772,61.4452227486452,20184.13044589569,1161.442348287471,71.53585705431905,7.0150238464673285,2.84661111189633,0.24761126886550322,0.6422929682361868,0.4971514007933672,fruiting
2026-01-25 14:00:00,24.266393908678243,59.69985783639442,19818.92918722893,1174.3053467244576,68.82941250491776,6.990229321719518,2.8772417283118634,0.13590302965865428,0.6509752496913727,0.5088537630625107,fruiting
2026-01-25 15:00:00,24.182014508322293,60.84216826133832,19432.357427714163,1168.5193575212832,66.9275660752743,7.054405642104641,2.8626042997159047,0.19475272903852917,0.6341703311904879,0.4670717745682674,fruiting
2026-01-25 16:00:00,23.94738631294157,60.187543475235316,17733.227855519854,1165.3757719081357,64.70699412709237,7.037890404826393,2.8748117095789136,0.21185656273205775,0.6378914803971468,0.48771666011856224,fruiting
2026-01-25 17:00:00,23.54402805973385,62.025217741368714,16070.24448897926,1282.8282827337016,63.11770182639745,7.0166799824259085,2.848565700851331,0.2425070300790353,0.6698532432439985,0.4927738667164405,fruiting
2026-01-25 18:00:00,23.207326353228467,63.74001944745663,13980.833244072865,1404.5629277248481,61.6862274383692,7.019413403273034,2.8582852893439044,0.26622795304383473,0.42565541532807544,0.49780967839492196,fruiting
2026-01-25 19:00:00,22.76377526310638,64.18837469029314,11267.215526544516,1291.9866802214128,62.04122816732865,7.0425385259661075,2.832947128877626,0.2855731834004357,0.4192338956444346,0.4598889887028262,fruiting
2026-01-25 20:00:00,21.22686816035814,67.21133337801477,1076.8353546779458,1233.4533769751777,75.59040507126704,6.9855217517234784,2.8682657961241933,0.3155729487093935,0.31062640924362184,0.4950079820228015,fruiting
2026-01-25 21:00:00,20.90214211153873,69.00646441354083,270.7661155879743,1253.1472684638886,73.51505466465402,7.005553692100874,2.8605932284692916,0.37684650236206485,0.2813925718072537,0.5000990522941314,fruiting
2026-01-25 22:00:00,20.61180482392747,70.38803884503571,155.10125426668054,1243.851632566512,71.27208471576695,7.0180622084248085,2.8856581732749196,0.4576099132952906,0.3030961243863523,0.5024757700810683,fruiting
2026-01-25 23:00:00,20.232328639146303,67.98880939073383,162.98967000350737,1210.4555379756418,68.8266099030401,6.97614166708816,2.855245661237251,0.34897802334356626,0.5227599251325902,0.5117887418805873,fruiting
2026-01-26 00:00:00,20.064729053656404,69.40848619001636,141.72219096120568,1192.97714276706,67.62505710320829,7.079354672278167,2.8669496298607124,0.385079181011384,0.5942565757830366,0.5102636981652829,fruiting
2026-01-26 01:00:00,19.918538893739026,70.07425199607478,148.8294486819549,1210.2434494010597,65.0087721646385,7.06720424683634,2.856810038308009,0.4376088286215413,0.4965175479096418,0.5267263382787187,fruiting
2026-01-26 02:00:00,19.826560413912944,72.55191415937838,210.27708974355355,1241.2437712706505,69.44068766466377,7.043780615863105,2.8708752645731113,0.5200641190004263,0.30332293343600997,0.5206515756240039,fruiting
2026-01-26 03:00:00,19.687371496740287,72.84632492711371,329.21151394760363,1231.9243985289575,85.14467564652088,7.033217416992674,2.864089891876372,0.5507401056564222,0.2833847025742057,0.5109251156431307,fruiting
2026-01-26 04:00:00,19.81787864042988,72.15228476953767,189.35871929484188,1229.9931900850881,82.48169419900911,6.9719766650008514,2.877912044016234,0.5325972087995193,0.3121956277134888,0.5174486580989028,fruiting
2026-01-26 05:00:00,20.227473861959368,72.97506475909304,256.15955055363605,1257.633150347385,79.203586889664,7.045468172307618,2.86868078556108,0.5270797802741812,0.3188967487239529,0.49755989975766507,fruiting
2026-01-26 06:00:00,20.853259680167493,70.16840461008856,6359.804215834548,1232.9047349733223,76.35740346572005,7.047423762952739,2.8519060147052215,0.42110810231190937,0.4238391811257765,0.5031423438294899,fruiting
2026-01-26 07:00:00,21.26849305635975,68.43277771203275,8614.524985704202,1183.8912981612211,74.3466799139605,7.0479486152326585,2.8757901380755695,0.45043353662367086,0.5756555219334512,0.5066405550077664,fruiting
2026-01-26 08:00:00,21.974642624754622,65.24167322064626,11127.422342938191,1142.0989249602933,72.19994934005287,7.064040682733835,2.8717222552693165,0.2896886107953871,0.672263094045472,0.5124381432465652,fruiting
2026-01-26 09:00:00,22.63329306552971,64.65825664582782,13766.564427020885,1174.6192197845253,71.21849937070266,7.034418301830962,2.8746476713459526,0.29165058059109533,0.6887460824806532,0.46731920863885046,fruiting
2026-01-26 10:00:00,23.123289845423397,63.89285393955981,16078.319194635571,1169.6999866002934,69.48029776922816,7.009500136574251,2.882451130345982,0.310229398477124,0.6575842743208923,0.5227624913688801,fruiting
2026-01-26 11:00:00,23.609151925948975,63.165233936040266,17640.23460752948,1153.5219456501477,67.20026896387782,7.046159546681973,2.8560827556385533,0.274984663990171,0.6752958221407864,0.5278219033299969,fruiting
2026-01-26 12:00:00,23.916508187130074,60.59958366770751,19115.59083362864,1179.1699293902138,65.88757541119242,7.028351678314177,2.8455056534327094,0.20742796084472878,0.6799717886976212,0.5056842417136526,fruiting
2026-01-26 13:00:00,24.044113839410613,61.42993643543337,19890.373350266498,1200.406301322455,66.14297979303406,7.014440136094749,2.8438755881362376,0.26947289943852454,0.6177335908856866,0.5118841185915616,fruiting
2026-01-26 14:00:00,24.29318370595209,61.37123192589117,19705.157155801553,1180.7696758181416,65.95757530689308,7.051912926330497,2.8811980203141907,0.24568732623615064,0.5956775665827257,0.5160032712873193,fruiting
2026-01-26 15:00:00,24.11813370842457,60.52412103834806,19273.273712288872,1174.5479488374992,64.40076451527658,7.076632897603197,2.8743309924215263,0.19392315853394812,0.6038281600419569,0.5035932483829448,fruiting
2026-01-26 16:00:00,23.88368605608662,60.11752723301718,17844.568609405644,1133.0595023001256,65.72475439021213,7.042948397709857,2.8696191762478427,0.15420694849159647,0.6696463748288498,0.4906475548095479,fruiting
2026-01-26 17:00:00,23.630044080744028,61.73404833931903,16244.855933992943,1165.761922058626,63.55720965624153,7.0835311895967505,2.866110877864042,0.25099595164012095,0.6638516753519641,0.4655832676204426,fruiting
2026-01-26 18:00:00,23.084984810719035,65.78905418923327,14067.00958614571,1227.7901586449805,62.084940176187665,7.109589752741679,2.8622998281688887,0.2879895252474259,0.3406834389843893,0.5038851762338298,fruiting
2026-01-26 19:00:00,22.557442672726335,65.80606902727054,11557.957155550183,1239.170592706075,71.1772532725863,7.078367411420099,2.873837936806163,0.28254510903840563,0.35308528551184154,0.45535723733367695,fruiting
2026-01-26 20:00:00,21.324609267873367,66.55283979226327,936.7540265146721,1230.2823749706592,74.09551574057176,7.068284768645634,2.8738165894815944,0.3178418016562567,0.3151885484462276,0.5301692938533707,fruiting
2026-01-26 21:00:00,20.90748624288106,70.55344980644125,84.57726837895673,1248.0735734616237,71.73397567471969,7.004758337455072,2.8561330663254854,0.42428903261259615,0.31908703393761145,0.5022007275849582,fruiting
2026-01-26 22:00:00,20.523303084793877,70.0533916168509,57.75085970505153,1227.3340208409277,70.39337181188604,7.026772914801055,2.885927040061065,0.49403845944145325,0.327030599258563,0.5319118006664979,fruiting
2026-01-26 23:00:00,20.25396569176144,71.96148634058284,215.89575111545574,1220.8920112024027,68.28970412442602,7.041166402886759,2.8805251951339055,0.48864651386747693,0.3159004092897097,0.4759761024652005,fruiting
2026-01-27 00:00:00,18.925919486006247,67.48972416369212,146.81399538800292,933.4799220062787,65.79304941872263,6.875300860234326,2.643042007957796,0.3547473612824184,0.2941292639670386,0.5157501207135021,harvest
2026-01-27 01:00:00,18.671927432101885,66.4393489972359,184.7528047526897,916.411953080562,64.63785448016579,6.799474631530695,2.675698493185015,0.34605893365672286,0.33969473126168387,0.5109376766976842,harvest
2026-01-27 02:00:00,18.524149413295262,69.77614996585993,234.03148152382366,951.2677671525726,64.08118923894266,6.819768723954319,2.677815890404767,0.4220471268108737,0.2921995511024369,0.51479789465997,harvest
2026-01-27 03:00:00,18.449879128224136,68.50628058965717,160.96772912756182,924.3150883624465,62.349042692224714,6.842280041941829,2.6655741437692213,0.3253521191650072,0.3118013633446946,0.5048586385229298,harvest
2026-01-27 04:00:00,18.739341347232152,68.44812905261679,259.0516255480299,974.9167004804834,61.87290110413094,6.846591467259903,2.662899611662437,0.3833184235424501,0.3062623647277197,0.47752472577448635,harvest
2026-01-27 05:00:00,18.86095125888313,68.26166535728218,195.48704036592486,946.956066947937,62.89322652955622,6.908674782011642,2.6653796328764874,0.3546786552793088,0.2810884217546987,0.5025419638428421,harvest
2026-01-27 06:00:00,19.483963106736216,67.24923249931494,5037.046292529147,930.3492682651008,63.18401847172595,6.871101397108338,2.6818871055189337,0.33652166674075507,0.3266813749887493,0.5033293299764274,harvest
2026-01-27 07:00:00,20.121053780343583,66.80756944682554,7235.048165226527,926.6117521982957,62.452156863471494,6.857952740161809,2.6802645229221187,0.36112668964390654,0.2982337326236764,0.5059227374985944,harvest
2026-01-27 08:00:00,20.675779297004993,62.85173114846017,9635.333522947782,877.85376137419,60.69888396683353,6.873584679802339,2.678297871468868,0.30434635104995844,0.5864371113747929,0.484513270849297,harvest
2026-01-27 09:00:00,21.363861820862827,60.67870384021624,11610.928831339485,871.0088825260291,60.27557971147786,6.905890940125126,2.6555246306456097,0.20728347047928172,0.6734193625132452,0.48694466241018736,harvest
2026-01-27 10:00:00,21.796091735318942,59.49233853585962,13734.323788380745,869.552296536082,58.76405559880962,6.847510964600865,2.660045080425991,0.1528205416083904,0.6536887486388819,0.4764383490371058,harvest
2026-01-27 11:00:00,22.387311938479623,59.12435033944637,14985.903598248004,855.6308221388826,59.57791134781299,6.894558918206606,2.6773132661991403,0.13863784168609306,0.6327430737540775,0.4675662078626582,harvest
2026-01-27 12:00:00,22.83765929323494,56.45213023526333,16332.849799897,863.5710863988487,59.689888965825354,6.836527560729045,2.665305951511469,0.06147000391831411,0.6472426924035294,0.48929460651532025,harvest
2026-01-27 13:00:00,23.11179487175441,56.16786002658574,16892.068021240986,862.409361116412,57.39406102905243,6.81681801359649,2.674483660164357,0.07851544061220452,0.6258559969035706,0.5014159546588989,harvest
2026-01-27 14:00:00,23.13256230348848,55.44840215250097,16997.250074247197,883.453227110516,55.10893122909661,6.841284753016615,2.681444045076743,0.0540546556271733,0.6396066921122322,0.496241717223831,harvest
2026-01-27 15:00:00,23.089056066734404,55.660880850839455,16315.71574695989,886.7041058931703,53.9988923264393,6.834871993323354,2.6667417152854775,0.05796191051831311,0.5934485111004483,0.5321472123087841,harvest
2026-01-27 16:00:00,22.825006499705168,55.88130864562965,15225.532788508974,854.7418981789311,54.83389424916461,6.821572422300933,2.6863891207358725,0.04888607175886465,0.644731087178189,0.504314803548396,harvest
2026-01-27 17:00:00,22.45130043167254,56.896127785735935,13724.340598790755,858.214500467704,52.79847211689313,6.845979718400368,2.678041595228638,0.06083989449302769,0.6635255159356416,0.5045896457070894,harvest
2026-01-27 18:00:00,22.155690441366644,59.755911911579695,11741.299764121008,942.1953294798585,50.306510573884765,6.835216343736934,2.684874519584083,0.15821721909834222,0.34669890239918044,0.5026245918098714,harvest
2026-01-27 19:00:00,21.43000032343857,61.896332319632954,9790.708421429556,941.1968628705011,51.33114546307841,6.870752775747629,2.6822732121988797,0.22521980458935534,0.29763681715268653,0.48069667804635247,harvest
2026-01-27 20:00:00,20.205128149289205,64.10916439994911,853.8872382152167,917.809179353049,62.40094302437134,6.926282153616332,2.66033469890933,0.2489289816244613,0.2720467746492851,0.5085056252647079,harvest
2026-01-27 21:00:00,19.843948858875375,64.88711278079028,317.48792587802313,953.793186676546,58.244938138208624,6.7937451621476574,2.6754973009066667,0.2944415950025336,0.2809104244918747,0.5018087471218099,harvest
2026-01-27 22:00:00,19.399423745769834,64.66257238427764,219.7940581898146,936.6532051989852,57.75448042973587,6.898080434501355,2.6617948086744656,0.2837332524672896,0.3262437082694797,0.4934371494561787,harvest
2026-01-27 23:00:00,19.270644557037183,65.66206311088432,87.84892561328223,947.3959377670905,56.7354951240283,6.886053523253388,2.6825667049112614,0.3019572416921759,0.3032027724032102,0.490124264193031,harvest
2026-01-28 00:00:00,18.839664380937098,67.9343510151389,145.15797185437575,925.8559665855247,53.83401704234118,6.8754893238640555,2.684981809941137,0.364983422868673,0.28823746903311354,0.5147872637183198,harvest
2026-01-28 01:00:00,18.54277400873926,67.62741018000354,120.43482211375198,924.0104739864773,51.77500196534999,6.860489418566523,2.6804177404095895,0.3210801204430143,0.30643028051206384,0.4836019519353081,harvest
2026-01-28 02:00:00,18.58157544000588,69.80993827917932,118.6713348340312,925.0786111723601,49.9442553053143,6.835488388166709,2.676178184014484,0.3870293501676849,0.31888839964423726,0.4952757317054463,harvest
2026-01-28 03:00:00,18.518756606950543,69.62266399721703,160.01783810331574,945.8658558080366,50.12612545594026,6.914007254866877,2.702148481659805,0.3940013824071437,0.3031241447343179,0.5211688574297335,harvest
2026-01-28 04:00:00,18.581060517944938,69.70897428568779,133.57255077097747,935.6907429638377,47.91978675011489,6.874915820739713,2.678236483132025,0.40545109602762475,0.28982193611596957,0.49282297486723586,harvest
2026-01-28 05:00:00,18.78101075751852,68.03793989318005,81.6989058533701,938.6501936269341,55.09420980591732,6.894165763565191,2.6870904182964317,0.32202921069218876,0.3212298012958916,0.509458982810267,harvest
2026-01-28 06:00:00,19.613827235346093,68.01914386705232,5268.064837669941,898.2812336127964,56.31530777493785,6.881729746553334,2.6938321358317303,0.3017542818992367,0.30512856897608026,0.5177470142124788,harvest
2026-01-28 07:00:00,20.018901502908857,65.49732961280617,7305.2671462526405,949.36726736051,53.80090744510441,6.94021389773803,2.6989054210009074,0.2913558772037809,0.3066957317687111,0.5197422676410266,harvest
2026-01-28 08:00:00,20.55658632379766,61.921641923369094,9432.846366440037,869.0584175452896,53.343516857775626,6.900184110501416,2.718497287405109,0.22898813355996808,0.6579579302449658,0.495662480927779,harvest
2026-01-28 09:00:00,21.44383929716623,61.886922735753664,11763.265945087762,878.5053909432546,50.39243712940615,6.852163260910191,2.70155970979314,0.2410837607742841,0.6324835972874695,0.502795437004748,harvest
2026-01-28 10:00:00,21.908790780627626,58.3216521458732,13610.130381351208,871.2373164798882,54.536167551873966,6.872180462573123,2.6637819110840835,0.06819522266889749,0.6619810450162066,0.4960067763047013,harvest
2026-01-28 11:00:00,22.330031163194256,58.90605210943361,15273.69708775796,862.2219544211345,68.52785761629625,6.887800743076608,2.696907621759744,0.16921369268200007,0.6363127846895468,0.49225735791868247,harvest
2026-01-28 12:00:00,22.685107481433995,58.44242259564452,16395.12888361728,884.2624608449456,67.26031606043871,6.87044290233345,2.716640231843155,0.0867133873377966,0.5963078385415188,0.5095671943513685,harvest
2026-01-28 13:00:00,23.174111533930652,56.2132347415528,17049.084911423208,883.2939189606153,65.55703914063024,6.899588435155823,2.6788048510389504,0.04739214499822459,0.6967943742291197,0.49040247280443977,harvest
2026-01-28 14:00:00,23.011194187139917,56.79966671563114,16819.668462688827,893.6881596185799,63.818778853168375,6.912953066983053,2.6969139454244693,0.07893592947932852,0.6177350021243798,0.4997251902008255,harvest
2026-01-28 15:00:00,23.08656082547619,56.81218008883334,16411.658357495817,864.0860502924089,64.34900327114448,6.937347219646752,2.69660278545153,0.06604012057028845,0.6295981259802735,0.5091095670499716,harvest
2026-01-28 16:00:00,22.829301548695863,56.11497557622122,15517.755510448505,883.6956502421209,64.29127626942694,6.894200119674821,2.7106485237550597,0.0612345499744725,0.6819951759218031,0.4880353855922652,harvest
2026-01-28 17:00:00,22.512878460276728,56.842020882447855,13937.895835166682,875.5927001198198,61.02179229444544,6.946860142970866,2.7241197733251514,0.0526644745807951,0.6429915645781605,0.460957522355311,harvest
2026-01-28 18:00:00,22.077788980119603,59.95961911501076,11899.023061269087,927.5882595888762,56.56157306178266,6.880447397652824,2.7025890063833184,0.12237780276135572,0.3154471661200287,0.5066572129817659,harvest
2026-01-28 19:00:00,21.560796885488244,61.59502098893885,9760.16547590406,963.424637244846,54.48637891971879,6.911078541950885,2.7003837418431877,0.19192703542198017,0.2835843256687958,0.4915810605651403,harvest
2026-01-28 20:00:00,20.32328667654299,63.09922152901229,751.1113913148034,947.933622781116,50.29976225483259,6.89762705830628,2.6980188979905413,0.3071216701365547,0.3105161083584536,0.5057959658795036,harvest
2026-01-28 21:00:00,19.685670264008426,64.39490383438805,118.95815115942986,933.4853849081533,49.61452452642373,6.88822983145436,2.6948166307437886,0.3047475156973076,0.2990901825267663,0.5068886872477983,harvest
2026-01-28 22:00:00,19.565012082570394,65.22682269377405,139.99607773219148,931.9573367489107,47.61793659462543,6.904019039388541,2.71710243837081,0.2805620636178734,0.29535900920353986,0.5400121658369967,harvest
2026-01-28 23:00:00,19.15880976912402,67.62327632785662,204.2030429860616,948.3833510121063,55.30201843527238,6.93766852652278,2.7208621672710973,0.3375692369947921,0.2864424265769407,0.4905760631897655,harvest
2026-01-29 00:00:00,18.793047189471142,67.35658077829034,121.92768878492195,913.2199162140904,61.481861189807624,6.923670353598268,2.6922123119835155,0.320167774327292,0.3008766304957444,0.5146748676469753,harvest
2026-01-29 01:00:00,18.63202897972421,68.88110011391556,174.01351937082165,949.3510335848272,57.64660932603193,6.917466764007673,2.7035892612243466,0.35424024649521996,0.28362160010918486,0.5054995070768614,harvest
2026-01-29 02:00:00,18.421402404663127,68.68616199549791,129.82686591659072,945.8308848981783,56.51719332721442,6.873209874586035,2.695697741972518,0.371889873849343,0.33221178437826765,0.4724615284291595,harvest
2026-01-29 03:00:00,18.61611761144886,68.12998273245843,156.40969395590014,933.101908548551,53.99475130998326,6.957633335086514,2.7362023527546886,0.34395246745579405,0.2961213266266846,0.5127654490678456,harvest
2026-01-29 04:00:00,18.55732792501954,68.4409366678292,114.32198540387681,935.6395878551879,51.61585151930921,6.954657464529333,2.7068264211658026,0.37109402361280175,0.31160228447136107,0.5012632205955035,harvest
2026-01-29 05:00:00,18.743136778728598,68.68389238878468,94.67275192138307,942.0281527058393,52.050008167682826,6.882081619754988,2.6769675839350637,0.36420526072817516,0.3172880883398639,0.4789830115938414,harvest
2026-01-29 06:00:00,19.543776179877153,67.37204490905258,5116.504253151744,932.9153878967876,49.36298412567328,6.9162713417299075,2.6938659913979226,0.3454612376534876,0.3066221201000983,0.4937306976620137,harvest
2026-01-29 07:00:00,20.307876187115284,66.44761729692131,7307.235133660572,922.0986319133777,46.75668254033081,6.960955108862627,2.7106841924086535,0.35786637997806053,0.30554608773789377,0.4939161574006537,harvest
2026-01-29 08:00:00,20.686642478035054,62.240489690356576,9482.203312613265,886.3626170776657,61.8198931819006,6.895173539875592,2.7153354964449363,0.2705845365193266,0.642040528677877,0.49669099853114734,harvest
2026-01-29 09:00:00,21.23238568657224,59.85780492422845,11848.393523820747,829.9156072384326,64.23484385633316,6.903299054495449,2.7165105556890103,0.1979362169343035,0.7880786479815193,0.5133443225932429,harvest
2026-01-29 10:00:00,21.849337305916645,58.441945684270166,13705.512900497277,824.6229146100764,61.1859723420254,6.993223564461149,2.711146082277004,0.07952639808900867,0.9009465655272658,0.48970695958786914,harvest
2026-01-29 11:00:00,22.63514318868705,58.70918462882247,15061.317750746277,870.9997734140243,59.859793790226725,6.938820321496903,2.726180385763674,0.10465460764614798,0.6935887951799025,0.4912231131170295,harvest
2026-01-29 12:00:00,22.703581818902837,58.23903383237073,16382.289205988736,873.8858902819661,60.828773395620125,6.933538081120294,2.7337266789343304,0.15824225585522497,0.6135015152278261,0.5149099509604274,harvest
2026-01-29 13:00:00,23.010988605344703,56.78403317174138,17003.265596525463,874.7795353752687,59.497833443038665,6.960629080430106,2.6996985169044954,0.05309438060886789,0.6274921177894207,0.5224708796939023,harvest
2026-01-29 14:00:00,23.170884427624838,55.86824355093998,16883.587511374197,861.3308003499842,57.77617589333599,6.8869110522068615,2.701837010086105,0.07320917753837794,0.6157148476300024,0.5139752785129229,harvest
2026-01-29 15:00:00,23.054518250642353,56.21845449927373,16402.27257802047,869.0721915997638,57.85273436902606,6.933281625547859,2.7338213877354662,0.03605563733699426,0.6515191071861256,0.5128994813576082,harvest
2026-01-29 16:00:00,22.82704259135488,56.59540057248328,15267.633495610544,914.5206284267614,55.09227160260149,6.926895456436207,2.681704481153915,0.08453083756723156,0.6272369553711057,0.48129034648625346,harvest
2026-01-29 17:00:00,22.500436321380946,57.576276833162005,13735.712275079188,864.5720574537568,52.21341799176858,6.943558838780469,2.693337646260316,0.12899948823233837,0.5960774792278641,0.5109469904258435,harvest
2026-01-29 18:00:00,22.03543647231885,60.778829461488066,11872.640733762326,927.5671280332355,49.00262115580312,6.9528041231430855,2.7142834188576614,0.20578202541331017,0.3447356351874323,0.49786113490650513,harvest
2026-01-29 19:00:00,21.667384165466753,62.70814233866624,9939.973597499915,954.2477114527637,52.545973400934336,6.940688187502539,2.7299661572410794,0.2958378780465978,0.302358020635315,0.505026461911118,harvest
2026-01-29 20:00:00,20.164788537305373,64.13485383073943,870.9309416855131,936.5710784770428,59.63178595893865,6.962061649814885,2.7117611038082234,0.2910345470784156,0.31959014117536433,0.49407287950259154,harvest
2026-01-29 21:00:00,19.73095768335673,65.59379476492096,111.99355173356982,928.3854764899767,57.99830672482193,6.929146607198664,2.7086709442453203,0.30059258284046764,0.2957500314559398,0.5113745098983694,harvest
2026-01-29 22:00:00,19.441876366625532,65.60583580995932,87.8317452831982,915.8485743330871,54.80838745438245,6.923777965818107,2.7236285090974524,0.3199621246354452,0.311409881964306,0.4720468015642005,harvest
2026-01-29 23:00:00,19.06945933540474,66.41340659420497,96.01503369249521,949.7814450200353,51.18652897120484,6.951734765325131,2.721469636739483,0.33334662656559305,0.3222742495490235,0.5182134671398556,harvest
2026-01-30 00:00:00,18.91415525169386,67.76550519020402,361.1338204280558,940.0554626934921,51.70935073847113,6.959348848704466,2.721038590095478,0.3625106794135633,0.30308153397334353,0.49518825845930553,harvest
2026-01-30 01:00:00,18.739048784200833,68.41510155996846,123.39822524729045,945.901105250567,49.25452532054852,6.945740626730529,2.709534721855153,0.3339618459437505,0.3176876406041304,0.4721709972331767,harvest
2026-01-30 02:00:00,18.467451102199615,70.79385787685908,235.36077611287178,910.6772548186723,51.651173886281505,6.944450589093489,2.7020765193387355,0.42829193275523725,0.2947327157790931,0.5023116571830805,harvest
2026-01-30 03:00:00,18.440897561552152,69.61228067252758,91.3720724314109,945.906694107015,65.30325932978646,6.956825275571248,2.740255862399126,0.3439134591592865,0.27385984158606097,0.5157671312420845,harvest
2026-01-30 04:00:00,18.608983400143448,69.42855531511952,198.91753496655056,929.1897377335553,65.12439808480359,6.963299048308621,2.7204058785374934,0.38074377900601847,0.28310442594085367,0.47218572985830204,harvest
2026-01-30 05:00:00,18.6355419866861,69.45233113201729,27.341868079091054,948.3854066029448,60.53167683235424,6.96399489191337,2.7258291966627977,0.34608523741330144,0.3317313527580839,0.5151159319418449,harvest
2026-01-30 06:00:00,19.465142488458245,68.51039803603248,5113.097056163782,913.587707319763,57.61854986509863,6.940371097529764,2.7008143004335,0.36062433317428505,0.29942882851804936,0.4975918814713143,harvest
2026-01-30 07:00:00,20.21164487516536,67.13422339829705,7266.118210323481,942.3791580462624,54.13909088791082,6.962804284517446,2.7236593060354557,0.3069598002858734,0.28206586502941833,0.5036255654045271,harvest
2026-01-30 08:00:00,20.747485668138328,62.305261615113835,9501.337794966532,875.4030429453229,53.45161657295702,6.910709768707818,2.7072429792404393,0.2621938548392914,0.662757716073391,0.5020102262084771,harvest
2026-01-30 09:00:00,21.195334543857168,61.41493337325851,11749.01231132788,858.7303965039345,53.36472574142749,7.004144712555019,2.7368616119776283,0.2090864237145986,0.6705802752208688,0.5124388178766877,harvest
2026-01-30 10:00:00,21.957048863127394,60.01241905440043,13581.948784685786,851.5071581374244,52.14761658330524,6.958174753333363,2.732671823211799,0.15575252477664606,0.6340584995402162,0.4998094135308652,harvest
2026-01-30 11:00:00,22.37605028007819,58.16456262724285,15374.431178874436,842.4274506199731,49.32045673420115,6.933944294170953,2.7315916918744207,0.12627780849054768,0.6482946104834657,0.5180058411441334,harvest
2026-01-30 12:00:00,23.082958348900988,57.588768471929875,16414.717263203038,882.9888866252116,51.12621650436764,6.923000573379853,2.7120190033362,0.07296900111145745,0.6449603009652211,0.5359256247716636,harvest
2026-01-30 13:00:00,23.141715771436626,57.42326291381692,16616.995677991876,868.910963953073,60.39058290422401,6.8590998846973505,2.716832748899535,0.06720264047435498,0.6427522154923299,0.497698378112484,harvest
2026-01-30 14:00:00,23.17866647939294,56.8942937947015,16970.55995888865,887.9051235277412,57.53803617926052,6.931775923558372,2.7564796058754872,0.062185807721199006,0.6213398486603695,0.4808384436094712,harvest
2026-01-30 15:00:00,23.117188443179117,56.81945391951683,16232.824273743856,862.2784300602048,56.17964072846008,6.917295296867039,2.754982191444905,0.08073871304867349,0.6450681329973712,0.5008419532079831,harvest
2026-01-30 16:00:00,22.99786167110979,56.590077667427515,15195.103031550852,873.3367510305521,56.90331172748096,6.955760874612071,2.747779717178855,0.07176032920592534,0.6623866749831541,0.4916761868781612,harvest
2026-01-30 17:00:00,22.536034533650252,57.67575374328436,13819.807224394453,900.0784450042592,56.29925162092349,6.935009032859132,2.751116121449105,0.05377286982868357,0.6637512103904614,0.5003036016720609,harvest
2026-01-30 18:00:00,22.138050648687102,61.154391292702066,11799.527527217842,920.1118272298041,52.44209990186132,6.935592985053842,2.7355426358629527,0.23783201801155315,0.331831817898435,0.4753277460585006,harvest
2026-01-30 19:00:00,21.489675082652575,62.61550622870325,9723.64787917331,933.4281762410538,52.02679386546877,6.922573228311872,2.7446053595840105,0.27655720364576936,0.30881861682864437,0.46858171102873225,harvest
2026-01-30 20:00:00,20.119629143287565,65.8613333135137,857.0471880343276,938.9508853513886,51.963667220099985,6.959076390205737,2.7328326136147454,0.320056496305852,0.2919181277427542,0.49038473987271436,harvest
2026-01-30 21:00:00,19.742093125868866,64.79527494872279,102.38252286576716,927.3186248750063,50.09074369204398,6.94589978876964,2.7160412819628497,0.2716404094041342,0.29291934580192885,0.4967728798406315,harvest
2026-01-30 22:00:00,19.49896103318104,65.99893615143874,135.17576181982926,917.6466610469246,48.23350043367694,6.9959267588297385,2.7104088593842377,0.32196553562480984,0.31541276607749724,0.517651519262928,harvest
2026-01-30 23:00:00,19.217106895491114,68.31454962885995,240.33441086002549,950.085140945297,46.69017064497166,6.950279171940406,2.730612523891594,0.3555125939674065,0.30689513002971797,0.5184806293990984,harvest
