datetime,temp,humidity,air_velocity,co2,solar_radiation,vpd,dew_point,day_night_flag,hour_sin,hour_cos,month_sin,month_cos,cond_early_blight,cond_late_blight,cond_leaf_mold,cond_powdery_mildew,cond_spider_mites,exposure_count_12h_early_blight,exposure_count_12h_late_blight,exposure_count_12h_leaf_mold,exposure_count_12h_powdery_mildew,exposure_count_12h_spider_mites,exposure_count_24h_early_blight,exposure_count_24h_late_blight,exposure_count_24h_leaf_mold,exposure_count_24h_powdery_mildew,exposure_count_24h_spider_mites,exposure_count_6h_early_blight,exposure_count_6h_late_blight,exposure_count_6h_leaf_mold,exposure_count_6h_powdery_mildew,exposure_count_6h_spider_mites,night_exposure_24h_early_blight,night_exposure_24h_late_blight,night_exposure_24h_leaf_mold,night_exposure_24h_powdery_mildew,night_exposure_24h_spider_mites,air_velocity_max_12h,air_velocity_max_24h,air_velocity_max_6h,air_velocity_mean_12h,air_velocity_mean_24h,air_velocity_mean_6h,air_velocity_min_12h,air_velocity_min_24h,air_velocity_min_6h,air_velocity_std_12h,air_velocity_std_24h,air_velocity_std_6h,co2_max_12h,co2_max_24h,co2_max_6h,co2_mean_12h,co2_mean_24h,co2_mean_6h,co2_min_12h,co2_min_24h,co2_min_6h,co2_std_12h,co2_std_24h,co2_std_6h,dew_point_max_12h,dew_point_max_24h,dew_point_max_6h,dew_point_mean_12h,dew_point_mean_24h,dew_point_mean_6h,dew_point_min_12h,dew_point_min_24h,dew_point_min_6h,dew_point_std_12h,dew_point_std_24h,dew_point_std_6h,humidity_max_12h,humidity_max_24h,humidity_max_6h,humidity_mean_12h,humidity_mean_24h,humidity_mean_6h,humidity_min_12h,humidity_min_24h,humidity_min_6h,humidity_std_12h,humidity_std_24h,humidity_std_6h,solar_radiation_max_12h,solar_radiation_max_24h,solar_radiation_max_6h,solar_radiation_mean_12h,solar_radiation_mean_24h,solar_radiation_mean_6h,solar_radiation_min_12h,solar_radiation_min_24h,solar_radiation_min_6h,solar_radiation_std_12h,solar_radiation_std_24h,solar_radiation_std_6h,temp_max_12h,temp_max_24h,temp_max_6h,temp_mean_12h,temp_mean_24h,temp_mean_6h,temp_min_12h,temp_min_24h,temp_min_6h,temp_std_12h,temp_std_24h,temp_std_6h,vpd_max_12h,vpd_max_24h,vpd_max_6h,vpd_mean_12h,vpd_mean_24h,vpd_mean_6h,vpd_min_12h,vpd_min_24h,vpd_min_6h,vpd_std_12h,vpd_std_24h,vpd_std_6h,air_velocity_lag1,air_velocity_lag12,air_velocity_lag2,air_velocity_lag24,air_velocity_lag3,air_velocity_lag6,dew_point_lag1,dew_point_lag12,dew_point_lag2,dew_point_lag24,dew_point_lag3,dew_point_lag6,humidity_lag1,humidity_lag12,humidity_lag2,humidity_lag24,humidity_lag3,humidity_lag6,solar_radiation_lag1,solar_radiation_lag12,solar_radiation_lag2,solar_radiation_lag24,solar_radiation_lag3,solar_radiation_lag6,temp_lag1,temp_lag12,temp_lag2,temp_lag24,temp_lag3,temp_lag6,vpd_lag1,vpd_lag12,vpd_lag2,vpd_lag24,vpd_lag3,vpd_lag6,temp_x_rh,vpd_x_rh,dewpoint_spread,air_velocity_night_mean_12h,air_velocity_night_mean_24h,air_velocity_night_mean_6h,co2_night_mean_12h,co2_night_mean_24h,co2_night_mean_6h,dew_point_night_mean_12h,dew_point_night_mean_24h,dew_point_night_mean_6h,humidity_night_mean_12h,humidity_night_mean_24h,humidity_night_mean_6h,solar_radiation_night_mean_12h,solar_radiation_night_mean_24h,solar_radiation_night_mean_6h,temp_night_mean_12h,temp_night_mean_24h,temp_night_mean_6h,vpd_night_mean_12h,vpd_night_mean_24h,vpd_night_mean_6h
2025-12-29 22:00:00,-1.9539058,1.2397207,-0.4055843,1.0030288,-0.7768363,-1.232216,-1.7933404,-1.015142,-0.70710677,1.2247449,-0.06028283,1.9002224,-0.29279897,-0.16673686,-0.16673686,1.4326701,-0.2908696,-0.42030957,-0.26738998,-0.26738998,1.6359682,-0.4529817,-0.5170121,-0.34086284,-0.34086284,1.8344563,-0.59837115,-0.35111368,-0.21341594,-0.21341594,1.7586812,-0.3602915,-0.53807634,-0.34862095,-0.34862095,2.006658,-0.19204375,-0.55498284,-0.7290221,-0.47303668,-0.42762175,-0.45399112,-0.4159355,-0.25405747,-0.066703565,-0.33774647,-0.49269378,-0.8195255,-0.31557742,0.22742942,0.0,0.6527231,1.0968535,1.4190454,1.2355824,-0.47384495,0.1714012,1.5508862,0.24142073,-0.16125026,-0.94540733,-0.9860943,-2.1376412,-1.6611664,-1.2625716,-2.428739,-1.6410677,-1.1849899,-2.3503993,-1.4542512,0.024029337,-0.63304394,-0.7941803,0.66801935,0.40430275,0.9307705,0.6991562,0.64210117,1.0799962,0.31604135,0.6375218,1.1457721,0.83010525,-0.3527979,-0.86780244,0.46570322,-0.19218229,-0.6010801,0.41978672,-0.16520143,-0.7775775,-0.20182401,0.0,-0.5091942,0.75683326,-0.17144479,-0.4067358,-0.7630539,-1.6881051,-1.6168675,-1.3267208,-2.1262407,-1.7727779,-1.8587064,-2.1166465,-1.8904706,0.5486425,-0.5343031,-0.53017926,-0.58794194,-1.0462372,-1.1784452,-0.8839655,-1.0411804,-1.172741,-0.9638102,-0.7526551,-1.1348581,-0.18438947,-1.1424013,-0.98195225,-0.4055843,-0.4055843,-0.4055843,-0.4055843,-0.4055843,-0.4055843,-1.7166785,0.03601525,-1.594954,-1.7857674,-1.4364452,-0.8560578,1.1918535,-0.3087381,1.115616,1.0931047,1.0161959,0.6516441,-0.7768363,1.2595998,-0.7768363,-0.7746815,-0.7768363,0.39789945,-1.8731155,0.19760294,-1.7447958,-1.8625677,-1.5776696,-0.9656469,-1.2009989,0.13519938,-1.1494836,-1.159033,-1.0788279,-0.7831827,-0.7949372,-1.4282274,-1.2397207,-0.42259786,-0.43944895,-0.4157698,0.0,0.0,0.0,-1.6246281,-2.4443934,-1.8836601,0.4744977,0.6009681,0.62299937,0.11509709,-0.057747427,-0.4973986,-1.4343818,-2.213024,-1.7054466,-0.75891846,-0.96796155,-0.8988456
2025-12-29 23:00:00,-1.9813583,1.2560906,-0.4055843,1.0030288,-0.7768363,-1.242671,-1.8193703,-1.015142,-0.36602542,1.3660254,-0.06028283,1.9002224,-0.29279897,-0.16673686,-0.16673686,1.4326701,-0.2908696,-0.42030957,-0.26738998,-0.26738998,1.9052633,-0.4529817,-0.5170121,-0.34086284,-0.34086284,1.8344563,-0.59837115,-0.35111368,-0.21341594,-0.21341594,1.7586812,-0.3602915,-0.53807634,-0.34862095,-0.34862095,2.006658,-0.19204375,-0.55498284,-0.7290221,-0.47303668,-0.42762175,-0.45399112,-0.4159355,-0.25405747,-0.066703565,-0.33774647,-0.49269378,-0.8195255,-0.31557742,0.22742942,0.0,0.6527231,1.4241427,1.4190454,1.2355824,-0.47384495,0.1714012,1.5508862,-0.5868904,-0.16125026,-0.94540733,-0.9860943,-2.1376412,-1.8650293,-1.4984438,-2.428739,-1.7827342,-1.2242242,-2.3503993,-1.4849676,-0.18726178,-0.63304394,-1.1070788,0.6861971,0.42355984,0.94796985,0.84760267,0.6493674,1.1631564,0.32634562,0.6375218,1.2741066,0.2228437,-0.26403803,-1.2186153,0.46570322,-0.19218229,-1.1385069,0.10717967,-0.16520143,-0.89424264,-0.20182401,0.0,-0.5091942,0.6562646,-0.17144479,-1.0802218,-0.7630539,-1.6881051,-1.8158199,-1.5866283,-2.1324513,-1.919876,-1.9059628,-2.1166465,-1.9264585,0.23764208,-0.499928,-0.86033666,-0.5887293,-1.0462372,-1.2674502,-1.0335646,-1.0453857,-1.2357948,-0.98167235,-0.772899,-1.1494302,-0.4857931,-1.1274452,-1.1345496,-0.4055843,-0.4055843,-0.4055843,-0.4055843,-0.4055843,-0.4055843,-1.7929859,0.2089925,-1.7163284,-1.8117704,-1.5946064,-1.0536509,1.2398511,-0.3456531,1.191974,1.1094573,1.1157131,0.77601594,-0.7768363,1.4943761,-0.7768363,-0.7746815,-0.7768363,-0.1687483,-1.9535928,0.33968595,-1.8728013,-1.889932,-1.7444682,-1.1739949,-1.2322377,0.22062376,-1.2010162,-1.1700099,-1.1494888,-0.8907736,-0.81529343,-1.4440969,-1.2560906,-0.42259786,-0.43944895,-0.4157698,0.0,0.0,0.0,-1.7191713,-2.4443934,-2.0686235,0.51931614,0.6143508,0.71299285,0.026453882,-0.057747427,-0.61958176,-1.5301028,-2.2250857,-1.8929226,-0.802708,-0.9767651,-0.984007
2025-12-30 00:00:00,-1.0013386,-0.004762897,0.309179,1.0030288,-0.7768363,-0.47125775,-1.4279591,-1.015142,2.2650515e-17,1.4142135,-0.06028283,1.9002224,-0.29279897,-0.16673686,-0.16673686,-0.6979974,-0.2908696,-0.42030957,-0.26738998,-0.26738998,1.9052633,-0.4529817,-0.5170121,-0.34086284,-0.34086284,1.6701144,-0.59837115,-0.35111368,-0.21341594,-0.21341594,1.3228512,-0.3602915,-0.53807634,-0.34862095,-0.34862095,1.7536874,-0.19204375,0.13695395,-0.039987963,0.22870447,-0.36482176,-0.42065483,-0.29376796,-0.25405747,-0.066703565,-0.33774647,0.20228544,-0.40853086,0.9443145,0.22742942,0.0,0.6527231,1.7538035,1.4190454,1.2355824,4.554002,0.1714012,1.5508862,-2.9978542,-0.16125026,-0.94540733,-1.7325029,-2.1376412,-2.0452528,-1.6915419,-2.398248,-1.8151484,-1.2242242,-2.3503993,-1.4849676,-0.7888983,-0.703822,-1.3566691,0.6861971,0.42355984,0.94796985,0.87831306,0.5866258,1.0065414,0.69108063,0.6375218,0.3402819,-0.35002553,-0.39060536,1.9190774,0.38261506,-0.19218229,-1.1385069,-0.21645495,-0.16520143,-0.89424264,-0.20182401,0.0,-0.5091942,0.41376454,-0.17144479,-1.0802218,-1.6645718,-1.6881051,-1.4505167,-1.7380253,-2.0590215,-1.849971,-1.9059628,-2.1166465,-1.9264585,-0.5189736,-0.67839676,-0.17620063,-1.1924596,-1.0462372,-0.8066611,-1.1041781,-0.99928737,-1.1425964,-0.98167235,-0.772899,-1.1494302,-0.99348354,-1.1774482,-0.21074685,-0.4055843,-0.4055843,-0.4055843,-0.4055843,-0.4055843,-0.4055843,-1.819013,0.2331049,-1.7926276,-1.7857674,-1.7159678,-1.2512438,1.2562222,-0.3362943,1.2399747,1.2370782,1.1920753,0.9003878,-0.7768363,1.5744538,-0.7768363,-0.7746815,-0.7768363,-0.7768363,-1.981042,0.35139665,-1.953269,-1.9428759,-1.8724573,-1.3823428,-1.2426927,0.21972373,-1.2322552,-1.2289016,-1.2010216,-0.9912181,-1.0749424,-0.49069548,0.004762897,-0.36051032,-0.37983721,-0.29362503,0.0,0.0,0.0,-1.7488048,-2.3881433,-2.1109443,0.43731368,0.49879572,0.54350865,-0.047415454,-0.057747427,-0.61958176,-1.4917257,-2.082474,-1.8038291,-0.74661005,-0.88026327,-0.8581316
2025-12-30 01:00:00,-0.92085207,-0.0527572,0.309179,1.0030288,-0.7768363,-0.42237985,-1.3516434,-1.015142,0.36602542,1.3660254,-0.06028283,1.9002224,-0.29279897,-0.16673686,-0.16673686,-0.6979974,-0.2908696,-0.42030957,-0.26738998,-0.26738998,1.6359682,-0.4529817,-0.5170121,-0.34086284,-0.34086284,1.5057724,-0.59837115,-0.35111368,-0.21341594,-0.21341594,0.8870212,-0.3602915,-0.53807634,-0.34862095,-0.34862095,1.5007168,-0.19204375,0.13695395,-0.039987963,0.22870447,-0.30202174,-0.38731855,-0.17160042,-0.25405747,-0.066703565,-0.33774647,0.444416,-0.25106725,1.2780738,0.22742942,0.0,0.6527231,1.7538035,1.4190454,1.2355824,4.554002,0.1714012,1.5508862,-2.9978542,-0.16125026,-0.94540733,-1.877726,-2.1376412,-1.9665645,-1.803084,-2.3677568,-1.7992427,-1.2242242,-2.3503993,-1.4849676,-1.0858333,-0.7644214,-1.2471622,0.6861971,0.42355984,0.94796985,0.8400905,0.52388424,0.82156205,0.6382464,0.6375218,0.29074663,0.12257012,-0.52446586,3.296261,0.13901284,-0.19218229,-1.1385069,-0.52906203,-0.16520143,-0.89424264,-0.20182401,0.0,-0.5091942,0.049543273,-0.17144479,-1.0802218,-1.8040415,-1.6881051,-1.373724,-1.7876574,-1.9855915,-1.7298937,-1.9059628,-2.1166465,-1.9264585,-0.72268957,-0.83906615,0.42646495,-1.1497207,-1.0462372,-0.7633515,-1.0961845,-0.9521205,-1.0249573,-0.98167235,-0.772899,-1.1494302,-0.9530849,-1.2269394,0.24680032,0.309179,-0.4055843,-0.4055843,-0.4055843,-0.4055843,-0.4055843,-1.4276439,-0.39048365,-1.8186518,-1.7095302,-1.7922586,-1.4353712,-0.0047176667,0.359288,1.256347,1.1891348,1.2400786,1.016284,-0.7768363,1.4943761,-0.7768363,-0.7746815,-0.7768363,-0.7768363,-1.0011352,-0.4747554,-1.980715,-1.8626477,-1.9529146,-1.5764921,-0.47127128,-0.49966106,-1.2427104,-1.197702,-1.2322606,-1.0787116,-1.0422283,-0.43439382,0.0527572,-0.29842278,-0.32022545,-0.17148024,0.0,0.0,0.0,-1.869078,-2.3318932,-2.0901778,0.39827922,0.38324058,0.34332934,-0.28540957,-0.057747427,-0.61958176,-1.5451175,-1.9398623,-1.6507909,-0.7372289,-0.7815244,-0.6992462
2025-12-30 02:00:00,-0.7928165,-0.1291051,0.309179,1.0030288,-0.7768363,-0.34209245,-1.2302428,-1.015142,0.70710677,1.2247449,-0.06028283,1.9002224,-0.29279897,-0.16673686,-0.16673686,-0.6979974,-0.2908696,-0.42030957,-0.26738998,-0.26738998,1.366673,-0.4529817,-0.5170121,-0.34086284,-0.34086284,1.3414303,-0.59837115,-0.35111368,-0.21341594,-0.21341594,0.45119122,-0.3602915,-0.53807634,-0.34862095,-0.34862095,1.5007168,-0.19204375,0.13695395,-0.039987963,0.22870447,-0.23922175,-0.35398227,-0.04943287,-0.25405747,-0.066703565,-0.33774647,0.59612936,-0.13931629,1.374745,0.22742942,0.0,0.6527231,1.7538035,2.4782732,1.2355824,4.554002,0.1714012,1.5508862,-2.9978542,-0.2204045,-0.94540733,-2.0669842,-2.1376412,-1.8413898,-1.8863491,-2.2601292,-1.7314838,-1.2242242,-2.0209026,-1.4849676,-1.3955873,-1.2306038,-0.95646185,0.6861971,0.42355984,0.94796985,0.78771466,0.4834258,0.6061439,0.5541994,0.6375218,0.21194734,0.6559534,-0.41254646,3.9477043,-0.24850231,-0.19218229,-1.1385069,-0.8093378,-0.16520143,-0.89424264,-0.20182401,0.0,-0.5091942,-0.40203846,-0.17144479,-1.0802218,-1.9858019,-1.6881051,-1.2515645,-1.808593,-1.8811086,-1.5559747,-1.9059628,-1.7750622,-1.9264585,-0.81898767,-1.1699862,0.85061055,-1.0795174,-1.0462372,-0.6922106,-1.071973,-0.9094884,-0.88026613,-0.98167235,-0.772899,-1.1494302,-0.8415244,-1.2442617,0.49802274,0.309179,-0.4055843,0.309179,-0.4055843,-0.4055843,-0.4055843,-1.3513365,-0.51181054,-1.4273249,-2.511644,-1.81828,-1.5934849,-0.052715253,0.43562317,-0.00467465,0.6713491,1.2564516,1.1158062,-0.7768363,1.2595998,-0.7768363,-0.7746815,-0.7768363,-0.7768363,-0.92065805,-0.6025656,-1.0009246,-2.136564,-1.980357,-1.743212,-0.42239285,-0.5779135,-0.47128224,-1.042749,-1.2427158,-1.1493683,-0.9930299,-0.34329814,0.1291051,-0.23633525,-0.27338767,-0.04933546,0.0,0.0,0.0,-1.958861,-2.3330123,-2.0017097,0.34479076,0.30963612,0.11021011,-0.49878925,-0.2834551,-0.61958176,-1.5676391,-1.8742872,-1.4291317,-0.7088143,-0.72018623,-0.50382376
2025-12-30 03:00:00,-0.62595737,-0.22860365,0.309179,1.0030288,-0.7768363,-0.23264529,-1.0720305,-1.015142,1.0,1.0,-0.06028283,1.9002224,-0.29279897,-0.16673686,-0.16673686,-0.6979974,-0.2908696,-0.42030957,-0.26738998,-0.26738998,1.0973778,-0.4529817,-0.5170121,-0.34086284,-0.34086284,1.1770884,-0.59837115,-0.35111368,-0.21341594,-0.21341594,0.0153612215,-0.3602915,-0.53807634,-0.34862095,-0.34862095,1.5007168,-0.19204375,0.13695395,-0.039987963,0.22870447,-0.17642175,-0.32064596,0.07273467,-0.25405747,-0.066703565,-0.33774647,0.69266677,-0.053016555,1.2780738,0.22742942,0.0,0.6527231,1.7538035,3.5375006,1.2355824,4.554002,0.1714012,1.5508862,-2.9978542,-0.44978073,-0.94540733,-2.2873802,-2.1376412,-1.6782588,-1.9327631,-2.1525018,-1.6118714,-1.2242242,-1.6371958,-1.4849676,-1.6222372,-1.6567514,-0.69931555,0.6861971,0.42355984,0.94796985,0.71689373,0.44296736,0.36028704,0.44466713,0.6375218,0.10925413,1.2327539,-0.25265667,3.887638,-0.7535219,-0.19218229,-1.1385069,-1.038182,-0.16520143,-0.89424264,-0.20182401,0.0,-0.5091942,-0.8947024,-0.17144479,-1.0802218,-1.8257831,-1.6881051,-1.092363,-1.7921308,-1.7766259,-1.3282142,-1.9059628,-1.7750622,-1.9264585,-0.7426894,-1.4245822,0.9962907,-0.98381674,-1.0462372,-0.5952319,-1.0266088,-0.8645437,-0.7067249,-0.98167235,-0.772899,-1.1494302,-0.6644333,-1.2419691,0.5402345,0.309179,-0.4055843,0.309179,-0.4055843,0.309179,-0.4055843,-1.229949,-0.66992676,-1.3510258,-2.353594,-1.4269955,-1.7148098,-0.12906839,0.5351051,-0.052675344,0.57195616,-0.0046381354,1.1921723,-0.7768363,0.8861249,-0.7768363,-0.7746815,-0.7768363,-0.7768363,-0.7926373,-0.76913106,-0.92045695,-1.9702402,-1.000693,-1.8711406,-0.34210458,-0.6752478,-0.4224034,-0.97156525,-0.4712856,-1.2008979,-0.93415123,-0.221779,0.22860365,-0.17424773,-0.2327949,0.072809316,0.0,0.0,0.0,-2.008908,-2.3128731,-1.8455404,0.2724654,0.2378386,-0.15584904,-0.67301303,-0.47906843,-0.61958176,-1.5499299,-1.7958055,-1.1388516,-0.65557504,-0.65499735,-0.26943582
2025-12-30 04:00:00,-0.4316458,-0.34447214,0.309179,1.0030288,-0.7768363,-0.09804864,-0.88778836,-1.015142,1.2247449,0.70710677,-0.06028283,1.9002224,-0.29279897,-0.16673686,-0.16673686,-0.6979974,-0.2908696,-0.42030957,-0.26738998,-0.26738998,0.8280827,-0.4529817,-0.5170121,-0.34086284,-0.34086284,1.0127463,-0.59837115,-0.35111368,-0.21341594,-0.21341594,-0.42046878,-0.3602915,-0.53807634,-0.34862095,-0.34862095,1.5007168,-0.19204375,0.13695395,-0.039987963,0.22870447,-0.11362175,-0.28730968,0.19490221,-0.25405747,-0.066703565,-0.33774647,0.7469859,0.015758254,0.9443145,0.22742942,0.0,0.6527231,1.7538035,4.5967283,1.2355824,4.554002,0.1714012,1.5508862,-2.9978542,-0.8533746,-0.94540733,-2.3233283,-2.1376412,-1.4882888,-1.9362628,-2.0448742,-1.4439391,-1.2242242,-1.2254277,-1.4849676,-1.6416308,-2.0140712,-0.6014321,0.6861971,0.42355984,0.94796985,0.62459314,0.4025089,0.08606578,0.31711414,0.6375218,-0.010334653,1.8097583,-0.0363196,2.8493745,-1.3416296,-0.19218229,-1.1385069,-1.1999993,-0.16520143,-0.89424264,-0.20182401,0.0,-0.5091942,-1.3712132,-0.17144479,-1.0802218,-1.6141186,-1.6881051,-0.9069691,-1.7321178,-1.6721431,-1.050281,-1.9059628,-1.7750622,-1.9264585,-0.49670807,-1.5712479,0.70536083,-0.86612535,-1.0462372,-0.47596878,-0.9565326,-0.81678224,-0.5034632,-0.98167235,-0.772899,-1.1494302,-0.4453341,-1.2108694,0.2875445,0.309179,-0.4055843,0.309179,-0.4055843,0.309179,-0.4055843,-1.0717537,-0.854057,-1.2296513,-2.1695411,-1.3507046,-1.7910779,-0.22857372,0.65095425,-0.12903342,0.45621058,-0.052641425,1.2401781,-0.7768363,0.39940283,-0.7768363,-0.7746815,-0.7768363,-0.7768363,-0.62579733,-0.9631007,-0.7924514,-1.7765521,-0.9202357,-1.9515599,-0.23265629,-0.78223145,-0.34211445,-0.883575,-0.42240667,-1.2321352,-0.8730563,-0.07632609,0.34447214,-0.11216018,-0.19727622,0.1949541,0.0,0.0,0.0,-2.0126817,-2.2722056,-1.6262835,0.17820407,0.16627422,-0.4526033,-0.79620785,-0.65023005,-0.61958176,-1.4853706,-1.7034975,-0.78462684,-0.5733338,-0.58408856,0.005092993
2025-12-30 05:00:00,-0.22312377,-0.46881434,0.309179,1.0030288,-0.7768363,0.05533844,-0.6900721,-1.015142,1.3660254,0.36602542,-0.06028283,1.9002224,-0.29279897,-0.16673686,-0.16673686,-0.6979974,-0.2908696,-0.42030957,-0.26738998,-0.26738998,0.55878747,-0.4529817,-0.5170121,-0.34086284,-0.34086284,0.84840435,-0.59837115,-0.35111368,-0.21341594,-0.21341594,-0.85629874,-0.3602915,-0.53807634,-0.34862095,-0.34862095,1.5007168,-0.19204375,0.13695395,-0.039987963,0.22870447,-0.05082175,-0.2539734,0.31706974,-0.25405747,-0.066703565,0.3952305,0.7645709,0.07107741,-0.31557742,0.22742942,0.0,0.6527231,1.7538035,5.655956,1.2355824,4.554002,0.1714012,1.5508862,-2.9978542,-1.4385278,-0.94540733,-2.0868142,-2.1376412,-1.2844257,-1.89371,-1.9372467,-1.2345138,-1.2242242,-0.8913283,-1.0230838,-1.4282764,-2.2783878,-0.7941803,0.6861971,0.42355984,-0.37676287,0.50924194,0.36205047,-0.21251252,0.18023291,0.49398994,-0.13866922,2.32828,0.23711357,-0.86780244,-1.9727471,-0.19218229,-1.1385069,-1.2837622,-0.16520143,-0.89424264,-0.20182401,0.0,-0.5091942,-1.8071642,-0.17144479,-1.0802218,-1.3869746,-1.6881051,-0.7080168,-1.6253691,-1.5676602,-0.729264,-1.9059628,-1.7750622,-0.6417345,-0.15085293,-1.5910989,-0.53017926,-0.73200357,-1.0462372,-0.34005582,-0.8597653,-0.7658444,-0.27083832,-0.98167235,-0.772899,-0.07424698,-0.21334851,-1.1433287,-0.6501488,0.309179,-0.4055843,0.309179,-0.4055843,0.309179,-0.4055843,-0.88753134,-1.0516531,-1.0714731,-1.9720281,-1.2293433,-1.8170915,-0.34445015,0.7752757,-0.2285452,0.3320003,-0.12900363,1.256552,-0.7768363,-0.16739699,-0.7768363,-0.7746815,-0.7768363,-0.7768363,-0.43150812,-1.1712557,-0.6256313,-1.5686991,-0.7922466,-1.9789894,-0.098058194,-0.88977444,-0.2326652,-0.7827472,-0.3421175,-1.2425898,-0.8164351,0.08438874,0.46881434,-0.05007265,-0.16593622,0.31709886,0.0,0.0,0.0,-1.9667981,-2.213046,-1.3528521,0.060402542,0.09430014,-0.77571607,-0.85997814,-0.80125505,-0.61958176,-1.3705355,-1.5981764,-0.37549168,-0.45976806,-0.5066469,0.3192803
2025-12-30 06:00:00,-0.014601752,-0.5931566,0.309179,1.0030288,-0.7768363,0.21844678,-0.4923559,-1.015142,1.4142135,1.6192573e-16,-0.06028283,1.9002224,-0.29279897,-0.16673686,-0.16673686,-0.6979974,-0.2908696,-0.42030957,-0.26738998,-0.26738998,0.2894923,-0.4529817,-0.5170121,-0.34086284,-0.34086284,0.68406236,-0.59837115,-0.35111368,-0.21341594,-0.21341594,-0.85629874,-0.3602915,-0.53807634,-0.34862095,-0.34862095,1.5007168,-0.19204375,0.13695395,-0.039987963,0.22870447,0.011978246,-0.22063711,0.31706974,-0.25405747,-0.066703565,0.3952305,0.7469859,0.11533263,-0.31557742,0.22742942,0.0,0.6527231,1.7538035,6.7151833,1.2355824,4.554002,0.1714012,1.5508862,-2.9978542,-2.216641,-0.94540733,-1.8503001,-2.1376412,-1.0805627,-1.8051047,-1.8296192,-1.0610087,-1.2242242,-0.8913283,-0.9330277,-1.0922823,-2.4359663,-0.57003003,0.6861971,0.42355984,-0.42718872,0.37084022,0.32159203,-0.31436253,0.043351687,0.3493243,-0.2670038,2.7208874,0.56119627,-0.6164915,-1.9727471,-0.19218229,-1.1385069,-1.2837622,-0.16520143,-0.89424264,-0.20182401,0.0,-0.5091942,-1.8071642,-0.17144479,-1.0802218,-1.1598306,-1.6881051,-0.50906456,-1.4718847,-1.4631774,-0.54910636,-1.9059628,-1.7750622,-0.5362234,0.20754507,-1.4830664,-0.29366523,-0.5893816,-1.0462372,-0.19552912,-0.7360437,-0.7115646,-0.1472318,-0.98167235,-0.772899,-0.006121779,0.002426301,-1.035692,-0.45363653,0.309179,-0.4055843,0.309179,-0.4055843,0.309179,0.309179,-0.68983644,-1.2492492,-0.8872707,-1.7745152,-1.0711821,-1.4259242,-0.46880087,0.89959717,-0.34442914,0.20778999,-0.2285208,-0.004602389,-0.7768363,-0.7756481,-0.7768363,-0.7746815,-0.7768363,-0.7768363,-0.22301012,-1.3794107,-0.43136516,-1.3608463,-0.625448,-0.999788,0.05533053,-0.9901742,-0.09806595,-0.67493904,-0.23266795,-0.47120544,-0.7690712,0.24976613,0.5931566,0.012014882,-0.13807844,0.31709886,0.0,0.0,0.0,-1.871257,-2.1384768,-1.1263192,-0.0809392,0.021984655,-0.8859352,-0.85997814,-0.9354995,-0.61958176,-1.2054243,-1.4820108,-0.14588135,-0.31456876,-0.42287087,0.48622546
2025-12-30 07:00:00,0.17970984,-0.709025,0.309179,1.0030288,-0.16755827,0.3796183,-0.30811375,-1.015142,1.3660254,-0.36602542,-0.06028283,1.9002224,-0.29279897,-0.16673686,-0.16673686,-0.6979974,-0.2908696,-0.42030957,-0.26738998,-0.26738998,0.020197138,-0.4529817,-0.5170121,-0.34086284,-0.34086284,0.5197204,-0.59837115,-0.35111368,-0.21341594,-0.21341594,-0.85629874,-0.3602915,-0.53807634,-0.34862095,-0.34862095,1.5007168,-0.19204375,0.13695395,-0.039987963,0.22870447,0.074778244,-0.18730083,0.31706974,-0.25405747,-0.066703565,0.3952305,0.69266677,0.15004013,-0.31557742,0.22742942,0.0,0.6527231,1.7538035,7.8477798,1.2355824,4.554002,0.1714012,1.5508862,-2.9978542,-3.4492698,-0.94540733,-1.6299042,-2.1376412,-0.8905927,-1.6735852,-1.7537845,-0.8674889,-1.2242242,-0.8913283,-0.78976923,-0.75021166,-2.3581543,-0.45340514,0.6861971,0.42355984,-0.5074047,0.2109588,0.2838179,-0.42796144,-0.084201306,0.21451734,-0.38659257,2.914144,0.91706157,-0.48573503,-1.3403946,-0.19218229,-0.6000284,-1.1998354,-0.16494894,-0.7773492,-0.20182401,0.0,-0.5091942,-1.37036,-0.17147546,-0.40541777,-0.948166,-1.6881051,-0.32367054,-1.2748495,-1.3816378,-0.34816664,-1.9059628,-1.7750622,-0.36837953,0.50117785,-1.2139568,-0.17060752,-0.44845313,-0.9022129,-0.05271858,-0.5868904,-0.66098595,-0.003500388,-0.98167235,-0.772899,0.10578149,0.17288807,-0.88749444,-0.31277874,0.309179,-0.4055843,0.309179,-0.4055843,0.309179,0.309179,-0.49214154,-1.4333795,-0.68959713,-1.2098744,-0.8869996,-1.3496561,-0.5931516,1.0154463,-0.4687879,0.03885757,-0.344411,-0.05260814,-0.7768363,-0.7756481,-0.7768363,-0.16634789,-0.7768363,-0.7768363,-0.014512111,-1.5733804,-0.22289193,-0.8704827,-0.43120688,-0.9193687,0.2184406,-1.0776286,0.0553241,-0.4529484,-0.09806835,-0.4223294,-0.7332675,0.4079349,0.709025,0.07410242,-0.11315306,0.31709886,0.0,0.0,0.0,-1.7294425,-2.05235,-0.8736544,-0.24421693,-0.050079983,-1.0088686,-0.79608303,-0.8856027,-0.4971595,-0.99346316,-1.358169,0.11021566,-0.13952295,-0.33392867,0.6803517
2025-12-30 08:00:00,0.346569,-0.8085236,0.309179,1.0030288,0.40019846,0.52540505,-0.1499014,-1.015142,1.2247449,-0.70710677,-0.06028283,1.9002224,-0.29279897,-0.16673686,-0.16673686,-0.6979974,-0.2908696,-0.42030957,-0.26738998,-0.26738998,-0.24909803,-0.4529817,-0.5170121,-0.34086284,-0.34086284,0.5197204,-0.59837115,-0.35111368,-0.21341594,-0.21341594,-0.85629874,-0.3602915,-0.53807634,-0.34862095,-0.34862095,1.5007168,-0.19204375,0.13695395,-0.039987963,0.22870447,0.13757825,-0.15396455,0.31706974,-0.25405747,-0.066703565,0.3952305,0.59612936,0.17619883,-0.31557742,0.22742942,0.0,0.6527231,1.7538035,9.048745,1.2355824,4.554002,0.1714012,1.5508862,-2.9978542,-5.2508044,-0.94540733,-1.4406458,-2.1376412,-0.72746176,-1.5052145,-1.707576,-0.6671425,-1.2242242,-0.8913283,-0.60307115,-0.4796278,-2.2067,-0.45340514,0.6861971,0.42355984,-0.61194414,0.032632332,0.24854514,-0.5455677,-0.19373356,0.098756,-0.4892858,2.826376,1.2850056,-0.48573503,-0.7511358,-0.19218229,-0.098246254,-1.0377015,-0.16446117,-0.5515284,-0.20182401,0.0,-0.5091942,-0.8929166,-0.17128564,0.26250425,-0.7664055,-1.6881051,-0.16446911,-1.0404165,-1.3214779,-0.14013852,-1.9059628,-1.7750622,-0.14964111,0.6648623,-0.90208423,-0.17060752,-0.32097712,-0.7705919,0.07645988,-0.4156008,-0.61529243,0.1519696,-0.98167235,-0.772899,0.25832713,0.2668944,-0.7174324,-0.24761039,0.309179,-0.4055843,0.309179,-0.4055843,0.309179,0.309179,-0.30791923,-1.5914958,-0.49192357,-0.69717324,-0.6893474,-1.2283312,-0.709028,1.1149282,-0.5931467,-0.110097654,-0.4687765,-0.12897426,-0.16755827,-0.7756481,-0.7768363,0.4005288,-0.7768363,-0.7768363,0.1797771,-1.7399459,-0.014418689,-0.42770144,-0.22276053,-0.79144007,0.37961385,-1.1482539,0.21843559,-0.22680107,0.055322103,-0.342045,-0.7089374,0.546771,0.8085236,0.13618995,-0.090720214,0.31709886,0.0,0.0,0.0,-1.5478922,-1.959004,-0.6120767,-0.42633152,-0.12094339,-1.1361387,-0.6726471,-0.6901926,-0.26065785,-0.74127126,-1.2304735,0.3753468,0.061501924,-0.24186343,0.89033216
2025-12-30 09:00:00,0.47460452,-0.8848715,0.309179,1.0030288,0.8877422,0.6420756,-0.028500801,-1.015142,1.0,-1.0,-0.06028283,1.9002224,-0.29279897,-0.16673686,-0.16673686,-0.6979974,-0.2908696,-0.42030957,-0.26738998,-0.26738998,-0.5183932,-0.4529817,-0.5170121,-0.34086284,-0.34086284,0.5197204,-0.59837115,-0.35111368,-0.21341594,-0.21341594,-0.85629874,-0.3602915,-0.53807634,-0.34862095,-0.34862095,1.5007168,-0.19204375,0.13695395,-0.039987963,0.22870447,0.20037824,-0.12062826,0.31706974,-0.25405747,-0.066703565,0.3952305,0.444416,0.19447051,-0.31557742,0.22742942,0.0,0.6527231,1.7538035,10.308421,1.2355824,4.554002,0.1714012,1.5508862,-2.9978542,-7.778971,-0.94540733,-1.2954228,-2.1376412,-0.60228693,-1.3085668,-1.6868081,-0.47362274,-1.2242242,-0.8913283,-0.3856566,-0.33221957,-2.1013207,-0.57003003,0.6861971,0.42355984,-0.73368293,-0.1598475,0.21542035,-0.65916663,-0.2777806,0.009929198,-0.5680851,2.3551242,1.6488293,-0.6164915,-0.24512792,-0.19218229,0.33264384,-0.80840933,-0.16377135,-0.23216961,-0.20182401,0.0,-0.5091942,-0.39928856,-0.17071481,0.8544102,-0.62693584,-1.513359,-0.042309556,-0.777287,-1.2796772,0.06080122,-1.9059628,-1.7750622,0.10508517,0.639498,-0.62707144,-0.29366523,-0.21896033,-0.665258,0.17983909,-0.22710896,-0.57499933,0.30873415,-0.98167235,-0.772899,0.44592574,0.24828221,-0.54509556,-0.27493346,0.309179,-0.4055843,0.309179,-0.4055843,0.309179,0.309179,-0.14972393,-1.7128227,-0.30772114,-0.27135128,-0.4916952,-1.0702175,-0.8085334,1.1912633,-0.7090306,-0.22892465,-0.593142,-0.22849652,0.40019846,-0.7756481,-0.16755827,0.8873168,-0.7768363,-0.7768363,0.346617,-1.8677561,0.17984743,-0.062677294,-0.014314152,-0.6247202,0.5254021,-1.1997606,0.3796102,-0.021240301,0.21843402,-0.23260197,-0.69428754,0.65512216,0.8848715,0.19827749,-0.070423834,0.31709886,0.0,0.0,0.0,-1.3358516,-1.8629786,-0.35941195,-0.6229001,-0.18944646,-1.2590722,-0.49808237,-0.39030728,0.073806025,-0.45820907,-1.1030734,0.6314438,0.28271535,-0.14940704,1.1020612
2025-12-30 10:00:00,0.555091,-0.9328658,0.309179,1.0030288,1.2618476,0.7176154,0.04781481,-1.015142,0.70710677,-1.2247449,-0.06028283,1.9002224,-0.29279897,-0.16673686,-0.16673686,-0.6979974,-0.2908696,-0.42030957,-0.26738998,-0.26738998,-0.7876884,-0.4529817,-0.5170121,-0.34086284,-0.34086284,0.5197204,-0.59837115,-0.35111368,-0.21341594,-0.21341594,-0.85629874,-0.3602915,-0.53807634,-0.34862095,-0.34862095,1.5007168,-0.19204375,0.13695395,-0.039987963,0.22870447,0.26317823,-0.08729197,0.31706974,-0.25405747,-0.066703565,0.3952305,0.20228544,0.20527717,-0.31557742,0.22742942,0.0,0.6527231,1.7538035,11.613146,1.2355824,4.554002,0.1714012,1.5508862,-2.9978542,-11.302699,-0.94540733,-1.2041317,-2.1376412,-0.5235988,-1.0941435,-1.6855614,-0.30011767,-1.2242242,-0.8913283,-0.15234207,-0.34596345,-2.0933712,-0.7941803,0.6861971,0.42355984,-0.86432475,-0.36122453,0.18394376,-0.7610166,-0.33061478,-0.045909666,-0.61762035,1.329219,1.9967955,-0.86780244,0.14314562,-0.19218229,0.66327745,-0.527585,-0.16292648,0.15896346,-0.20182401,0.0,-0.5091942,0.053176906,-0.16973172,1.2412277,-0.5392615,-1.4008042,0.03448315,-0.4961182,-1.2519639,0.24095885,-1.9059628,-1.7750622,0.37844014,0.35990044,-0.42040575,-0.53017926,-0.15290828,-0.5970582,0.24677324,-0.027696718,-0.5396823,0.45491472,-0.98167235,-0.772899,0.65971416,0.06931476,-0.38456503,-0.40364736,0.309179,-0.4055843,0.309179,-0.4055843,0.309179,0.309179,-0.028336413,-1.789092,-0.14954291,0.038572334,-0.30751264,-0.8860901,-0.8848865,1.2392497,-0.8085424,-0.30952552,-0.7090322,-0.34439266,0.8877422,-0.7756481,0.40019846,1.2608424,-0.16755827,-0.7768363,0.4746378,-1.9481009,0.34666756,0.19971395,0.17992695,-0.43057084,0.6420739,-1.2309839,0.5253998,0.13624524,0.37960905,-0.09801037,-0.6868648,0.72401667,0.9328658,0.260365,-0.05197258,0.31709886,0.0,0.0,0.0,-1.1046438,-1.7687402,-0.13287899,-0.8285549,-0.25435534,-1.3692913,-0.2842851,-0.02753039,0.48343894,-0.15574105,-0.98013467,0.8610541,0.5167449,-0.05969506,1.2994952
2025-12-30 11:00:00,0.58254343,-0.94923574,0.309179,1.0030288,1.4970202,0.74377567,0.07384464,-1.015142,0.36602542,-1.3660254,-0.06028283,1.9002224,-0.29279897,-0.16673686,-0.16673686,-0.6979974,-0.2908696,-0.42030957,-0.26738998,-0.26738998,-1.0569836,-0.4529817,-0.5170121,-0.34086284,-0.34086284,0.5197204,-0.59837115,-0.35111368,-0.21341594,-0.21341594,-0.85629874,-0.3602915,-0.53807634,-0.34862095,-0.34862095,1.5007168,-0.19204375,0.13695395,-0.039987963,0.22870447,0.32597825,-0.053955685,0.31706974,0.50932336,-0.066703565,0.3952305,-0.49269378,0.20885415,-0.31557742,0.22742942,0.0,0.6527231,1.7538035,12.94619,1.2355824,4.554002,0.1714012,1.5508862,-2.9978542,-16.478954,-0.94540733,-1.1729941,-2.1376412,-0.4967597,-0.8736573,-1.6965864,-0.15845136,-0.6342585,-0.8913283,0.080972455,-0.55434346,-2.1722653,-1.1070788,-0.7138937,0.42355984,-0.99496657,-0.5656362,0.15350327,-0.8441768,-0.34863552,-0.06495526,-0.63451594,-0.78265375,2.3209798,-1.2186153,0.38722456,-0.19218229,0.87112236,-0.21436621,-0.16198418,0.5952157,-0.20182401,0.0,-0.5091942,0.41811097,-0.1684365,1.2876387,-0.50935745,-1.3624138,0.060675714,-0.20879655,-1.2331063,0.38805696,-0.21896057,-1.7750622,0.65179515,-0.28473762,-0.2734371,-0.86033666,-0.13003376,-0.5734399,0.26995325,0.1754602,-0.507958,0.5782941,0.3362734,-0.772899,0.8870519,-0.35456014,-0.2418373,-0.6294486,0.309179,-0.4055843,0.309179,-0.4055843,0.309179,0.309179,0.047970973,-1.8151059,-0.028168501,0.21147685,-0.1493515,-0.6884971,-0.9328841,1.2556169,-0.88490045,-0.34640747,-0.80854934,-0.46876454,1.2618476,-0.7756481,0.8877422,1.4956504,0.40019846,-0.7768363,0.55511504,-1.975505,0.47467312,0.34159073,0.34672555,-0.22222292,0.71761453,-1.2414339,0.6420726,0.2216048,0.525399,0.055370968,-0.68464845,0.74765027,0.94923574,0.32245255,-0.03512578,0.31709886,0.0,0.0,0.0,-0.86689866,-1.6804315,0.05208441,-1.0373088,-0.31447908,-1.4592848,-0.045825243,0.35790974,0.9403251,0.15334591,-0.8655633,1.0485301,0.7551692,0.024091007,1.4661336
2025-12-30 12:00:00,0.555091,-0.9328658,0.309179,1.0030288,1.5772332,0.7176154,0.04781481,-1.015142,1.9584172e-16,-1.4142135,-0.06028283,1.9002224,-0.29279897,-0.16673686,-0.16673686,-0.6979974,-0.2908696,-0.42030957,-0.26738998,-0.26738998,-1.0569836,-0.4529817,-0.5170121,-0.34086284,-0.34086284,0.5197204,-0.59837115,-0.35111368,-0.21341594,-0.21341594,-0.85629874,-0.3602915,-0.53807634,-0.34862095,-0.34862095,1.5007168,-0.19204375,0.13695395,-0.039987963,0.22870447,0.32597825,-0.0206194,0.31706974,0.50932336,-0.066703565,0.3952305,-0.49269378,0.20527717,-0.31557742,0.22742942,0.0,0.6527231,1.7538035,14.288893,1.2355824,4.554002,17.387667,1.5508862,-2.9978542,-30.166853,-0.94540733,-1.1729941,-2.3933659,-0.4967597,-0.70178676,-1.7117969,-0.058278147,-0.51922965,-0.8913283,0.298387,-0.68465495,-2.2835937,-1.4758396,-0.7671881,0.42355984,-1.1167053,-0.65166205,0.123416185,-0.9029799,-0.34863552,-0.06495526,-0.63451594,-0.9520095,2.615674,-1.6320595,0.47047535,-0.18471934,0.94201446,0.10990178,-0.16100863,1.0468572,-0.20182401,0.0,0.52546746,0.6610856,-0.16702591,0.77376515,-0.50935745,-1.3624138,0.060675714,-0.034376476,-1.2172693,0.492071,-0.080411404,-1.7750622,0.9065214,-0.42209187,-0.15382993,-1.2494377,-0.13003376,-0.5734399,0.26995325,0.2970481,-0.4777639,0.66775346,0.4197804,-0.772899,1.11169,-0.4193795,-0.11697499,-0.92732126,0.309179,0.309179,0.309179,-0.4055843,0.309179,0.309179,0.073998,-1.4239324,0.048130646,0.2355791,-0.0279902,-0.49090415,-0.94925517,-0.0050261915,-0.93290114,-0.33705705,-0.88491154,-0.5931364,1.4970202,-0.7756481,1.2618476,1.575739,0.8877422,-0.7768363,0.5825643,-0.99721014,0.5551408,0.35328445,0.47471464,-0.013874999,0.74377507,-0.4703932,0.7176139,0.22070546,0.64207214,0.21847318,-0.6868648,0.72401667,0.9328658,0.32245255,-0.01968288,0.31709886,0.0,0.0,0.0,-0.6815746,-1.6016525,0.18287328,-1.1251621,-0.3687692,-1.5229198,0.20104657,0.7289491,1.4133284,0.34097874,-0.7627657,1.1810957,0.89786434,0.0990979,1.586959
2025-12-30 13:00:00,0.47460452,-0.8848715,0.309179,1.0030288,1.4970202,0.6420756,-0.028500801,-1.015142,-0.36602542,-1.3660254,-0.06028283,1.9002224,-0.29279897,-0.16673686,-0.16673686,-0.6979974,-0.2908696,-0.42030957,-0.26738998,-0.26738998,-1.0569836,-0.4529817,-0.5170121,-0.34086284,-0.34086284,0.35537836,-0.59837115,-0.35111368,-0.21341594,-0.21341594,-0.85629874,-0.3602915,-0.53807634,-0.34862095,-0.34862095,1.2477462,-0.19204375,0.13695395,-0.039987963,0.22870447,0.32597825,0.012716887,0.31706974,0.50932336,-0.066703565,0.3952305,-0.49269378,0.19447051,-0.31557742,0.22742942,0.0,0.6527231,1.7538035,14.288893,1.2355824,4.554002,17.387667,1.5508862,-2.9978542,-30.166853,-0.94540733,-1.1729941,-2.3933659,-0.4967597,-0.5476919,-1.6813056,-0.0064246804,-0.33624518,-0.8913283,0.48508507,-0.930419,-2.1404064,-1.816901,-0.85196716,0.42355984,-1.2212448,-0.7287907,0.060674597,-0.9334187,-0.34863552,-0.06495526,-0.63451594,-1.27141,2.8851242,-2.0144477,0.47047535,-0.18471934,0.94201446,0.42312062,-0.1600663,1.3662161,-0.20182401,0.0,1.4896187,0.7618511,-0.16573192,0.16814879,-0.50935745,-1.3624138,0.060675714,0.122004285,-1.1438394,0.5459126,0.13998848,-1.7750622,1.1252599,-0.68113834,0.15525332,-1.6093115,-0.13003376,-0.5734399,0.26995325,0.40591156,-0.40854502,0.71479017,0.55695,-0.772899,1.3148853,-0.57729787,0.011219186,-1.2178879,0.309179,0.309179,0.309179,-0.4055843,0.309179,0.309179,0.047970973,-1.3476632,0.07415487,-0.38774723,0.048300706,-0.3067768,-0.9328841,-0.05301248,-0.9492733,0.35790333,-0.93291485,-0.70903254,1.5772332,-0.7756481,1.4970202,1.4956504,1.2618476,-0.16755827,0.55511504,-0.9168653,0.5825868,-0.4716686,0.5551719,0.18027437,0.71761453,-0.42153895,0.7437746,-0.49813363,0.7176136,0.37963864,-0.69428754,0.65512216,0.8848715,0.32245255,0.012606818,0.31709886,0.0,0.0,0.0,-0.51541764,-1.5711837,0.2505746,-1.2039292,-0.43136156,-1.5558597,0.43950644,0.7299302,1.7477922,0.5092057,-0.68551767,1.2497168,1.0256262,0.17758657,1.6504877
2025-12-30 14:00:00,0.346569,-0.8085236,0.309179,1.0030288,1.2618476,0.52540505,-0.1499014,-1.015142,-0.70710677,-1.2247449,-0.06028283,1.9002224,-0.29279897,-0.16673686,-0.16673686,-0.6979974,-0.2908696,-0.42030957,-0.26738998,-0.26738998,-1.0569836,-0.4529817,-0.5170121,-0.34086284,-0.34086284,0.19103634,-0.59837115,-0.35111368,-0.21341594,-0.21341594,-0.85629874,-0.3602915,-0.53807634,-0.34862095,-0.34862095,0.99477565,-0.19204375,0.13695395,-0.039987963,0.22870447,0.32597825,0.04605317,0.31706974,0.50932336,-0.066703565,0.3952305,-0.49269378,0.17619883,-0.31557742,0.22742942,0.0,0.6527231,1.7538035,14.288893,1.2355824,4.554002,17.387667,1.5508862,-2.9978542,-30.166853,-0.94540733,-1.1729941,-2.3933659,-0.4967597,-0.42187396,-1.6508145,-0.0064246804,-0.09777515,-0.8913283,0.48508507,-1.2587427,-2.0303354,-1.816901,-0.96245337,0.42355984,-1.2212448,-0.791766,-0.002066987,-0.9334187,-0.34863552,-0.06495526,-0.63451594,-1.6981066,3.0487094,-2.0144477,0.47047535,-0.18471934,0.94201446,0.7039449,-0.15922146,1.5315284,-0.20182401,0.0,2.317554,0.71777123,-0.16475068,-0.39197677,-0.50935745,-1.3624138,0.060675714,0.24968864,-1.0704095,0.5459126,0.4272192,-1.7750622,1.1252599,-1.0272064,0.37625405,-1.6093115,-0.13003376,-0.5734399,0.26995325,0.49463186,-0.3416512,0.71479017,0.7439385,-0.772899,1.3148853,-0.8050077,0.08531612,-1.2178879,0.309179,0.309179,0.309179,-0.4055843,0.309179,0.309179,-0.028336413,-1.2263364,0.048130646,-0.5090231,0.07432211,-0.14866306,-0.8848865,-0.12934764,-0.93290114,0.43417025,-0.9492879,-0.8085548,1.4970202,-0.7756481,1.5772332,1.2608424,1.4970202,0.40019846,0.4746378,-0.7890551,0.5551408,-0.5992933,0.5826144,0.3469942,0.6420739,-0.34129032,0.7176139,-0.5763267,0.7437744,0.52541995,-0.7089374,0.546771,0.8085236,0.32245255,0.044896517,0.31709886,0.0,0.0,0.0,-0.37975103,-1.5407149,0.2505746,-1.2682422,-0.4939539,-1.5558597,0.65330374,0.73080987,1.9209235,0.64656246,-0.60826963,1.2497168,1.129748,0.2534388,1.6504877
2025-12-30 15:00:00,0.17970984,-0.709025,0.309179,1.0030288,0.8877422,0.3796183,-0.30811375,-1.015142,-1.0,-1.0,-0.06028283,1.9002224,-0.29279897,-0.16673686,-0.16673686,-0.6979974,-0.2908696,-0.42030957,-0.26738998,-0.26738998,-1.0569836,-0.4529817,-0.5170121,-0.34086284,-0.34086284,0.02669435,-0.59837115,-0.35111368,-0.21341594,-0.21341594,-0.85629874,-0.3602915,-0.53807634,-0.34862095,-0.34862095,0.7418051,-0.19204375,0.13695395,-0.039987963,0.22870447,0.32597825,0.07938946,0.31706974,0.50932336,-0.066703565,0.3952305,-0.49269378,0.15004013,-0.31557742,0.22742942,0.0,0.6527231,1.7538035,14.288893,1.2355824,4.554002,17.387667,1.5508862,-2.9978542,-30.166853,-0.94540733,-1.1729941,-2.3933659,-0.4967597,-0.33290723,-1.6203233,-0.058278147,0.17992908,-0.8913283,0.298387,-1.6076899,-1.9594058,-1.4758396,-1.0911174,0.42355984,-1.1167053,-0.83629626,-0.06480857,-0.9029799,-0.34863552,-0.06495526,-0.63451594,-2.1516063,3.0939488,-1.6320595,0.47047535,-0.18471934,0.94201446,0.933237,-0.15853164,1.5315284,-0.20182401,0.0,2.317554,0.5496912,-0.16418146,-0.39197677,-0.50935745,-1.3624138,0.060675714,0.33997512,-0.99697965,0.492071,0.7617065,-1.7750622,0.9065214,-1.3950126,0.49786523,-1.2494377,-0.13003376,-0.5734399,0.26995325,0.557249,-0.27768975,0.66775346,0.9738945,-0.772899,1.11169,-1.0538231,0.10491628,-0.92732126,0.309179,0.309179,0.309179,-0.4055843,0.309179,0.309179,-0.14972393,-1.06822,-0.028168501,-0.66707283,0.048300706,-0.02733812,-0.8085334,-0.22882956,-0.88490045,0.5335632,-0.93291485,-0.88492095,1.2618476,-0.7756481,1.4970202,0.8873168,1.5772332,0.8877422,0.346617,-0.62248963,0.47467312,-0.7656171,0.5551719,0.47492284,0.5254021,-0.23189606,0.6420726,-0.67358714,0.7176136,0.64208615,-0.7332675,0.4079349,0.709025,0.32245255,0.07718621,0.31709886,0.0,0.0,0.0,-0.28382027,-1.510246,0.18287328,-1.3137184,-0.5565463,-1.5229198,0.82786846,0.7315281,1.9209235,0.7436884,-0.5310216,1.1810957,1.2032353,0.32596597,1.586959
2025-12-30 16:00:00,-0.014601752,-0.5931566,0.309179,1.0030288,0.40019846,0.21844678,-0.4923559,-1.015142,-1.2247449,-0.70710677,-0.06028283,1.9002224,-0.29279897,-0.16673686,-0.16673686,-0.6979974,-0.2908696,-0.42030957,-0.26738998,-0.26738998,-1.0569836,-0.4529817,-0.5170121,-0.34086284,-0.34086284,-0.13764764,-0.59837115,-0.35111368,-0.21341594,-0.21341594,-0.85629874,-0.3602915,-0.53807634,-0.34862095,-0.34862095,0.48883453,-0.19204375,0.13695395,-0.039987963,0.22870447,0.32597825,0.11272574,0.31706974,0.50932336,-0.066703565,0.3952305,-0.49269378,0.11533263,-0.31557742,0.22742942,0.0,0.6527231,1.7538035,14.288893,1.2355824,4.554002,17.387667,1.5508862,-2.9978542,-30.166853,-0.94540733,-1.1729941,-2.3933659,-0.4967597,-0.28685465,-1.5898322,-0.15845136,0.47794244,-0.8913283,0.080972455,-1.8600743,-1.9317564,-1.1070788,-1.2291908,0.42355984,-0.99496657,-0.8593468,-0.12755015,-0.8441768,-0.34863552,-0.06495526,-0.63451594,-2.4796107,3.0098114,-1.2186153,0.47047535,-0.18471934,0.94201446,1.095371,-0.15804386,1.3662161,-0.20182401,0.0,1.4896187,0.31333628,-0.16399255,0.16814879,-0.50935745,-1.3624138,0.060675714,0.38671082,-0.9235498,0.38805696,1.1206555,-1.7750622,0.65179515,-1.6610373,0.51154715,-0.86033666,-0.13003376,-0.5734399,0.26995325,0.58961743,-0.21700783,0.5782941,1.2359536,-0.772899,0.8870519,-1.2336462,0.072752506,-0.6294486,0.309179,0.309179,0.309179,-0.4055843,0.309179,0.309179,-0.30791923,-0.8840898,-0.14954291,-0.8511257,-0.0279902,0.048929926,-0.709028,-0.3446787,-0.8085424,0.6493088,-0.88491154,-0.93292665,0.8877422,-0.7756481,1.2618476,0.4005288,1.4970202,1.2618476,0.1797771,-0.42852,0.34666756,-0.95930517,0.47471464,0.55534214,0.37961385,-0.097364426,0.5253998,-0.7804896,0.64207214,0.7176231,-0.7690712,0.24976613,0.5931566,0.32245255,0.10947591,0.31709886,0.0,0.0,0.0,-0.23416284,-1.4797772,0.05208441,-1.3372587,-0.6191386,-1.4592848,0.9513044,0.73203593,1.7477922,0.79396445,-0.4537736,1.0485301,1.2412227,0.39477444,1.4661336
2025-12-30 17:00:00,-0.22312377,-0.46881434,0.309179,1.0030288,-0.16755827,0.05533844,-0.6900721,-1.015142,-1.3660254,-0.36602542,-0.06028283,1.9002224,-0.29279897,-0.16673686,-0.16673686,-0.6979974,-0.2908696,-0.42030957,-0.26738998,-0.26738998,-1.0569836,-0.4529817,-0.5170121,-0.34086284,-0.34086284,-0.30198964,-0.59837115,-0.35111368,-0.21341594,-0.21341594,-0.85629874,-0.3602915,-0.53807634,-0.34862095,-0.34862095,0.23586395,-0.19204375,0.13695395,-0.039987963,0.22870447,0.32597825,0.14606203,0.31706974,0.50932336,-0.066703565,0.3952305,-0.49269378,0.07107741,-0.31557742,0.22742942,0.0,0.6527231,1.7538035,14.288893,1.2355824,4.554002,17.387667,1.5508862,-2.9978542,-30.166853,-0.94540733,-1.1729941,-2.3933659,-0.5235988,-0.28685465,-1.559341,-0.30011767,0.47794244,-0.8913283,-0.15234207,-1.8600743,-1.9496598,-0.7941803,-1.2291908,0.42355984,-0.86432475,-0.8593468,-0.19029175,-0.7610166,-0.34863552,-0.06495526,-0.61762035,-2.4796107,2.7861362,-0.86780244,0.47047535,-0.18471934,0.94201446,1.1792978,-0.15779136,1.0468572,-0.20182401,0.0,0.52546746,0.11739339,-0.16402349,0.77376515,-0.50935745,-1.3624138,0.03448315,0.38671082,-0.8501199,0.24095885,1.1206555,-1.7750622,0.37844014,-1.6610373,0.4112293,-0.53017926,-0.13003376,-0.5734399,0.24677324,0.58961743,-0.15968888,0.45491472,1.2359536,-0.772899,0.65971416,-1.2336462,-0.006583266,-0.40364736,0.309179,0.309179,0.309179,-0.4055843,0.309179,0.309179,-0.49214154,-0.6864937,-0.30772114,-1.0486387,-0.1493515,0.074943535,-0.5931516,-0.46900016,-0.7090306,0.7735191,-0.80854934,-0.9493005,0.40019846,-0.7756481,0.8877422,-0.16634789,1.2618476,1.4970202,-0.014512111,-0.22036496,0.17984743,-1.1671581,0.34672555,0.58277166,0.2184406,0.055948567,0.3796102,-0.887951,0.525399,0.74378234,-0.8164351,0.08438874,0.46881434,0.32245255,0.14176561,0.31709886,0.0,0.0,0.0,-0.23416284,-1.4493084,-0.13287899,-1.3372587,-0.681731,-1.3692913,1.0151995,0.73229885,1.4133284,0.79396445,-0.37652558,0.8610541,1.2412227,0.45976955,1.2994952
2025-12-30 18:00:00,-0.4316458,-0.34447214,0.309179,1.0030288,-0.7768363,-0.09804864,-0.88778836,-1.015142,-1.4142135,-1.844567e-16,-0.06028283,1.9002224,-0.29279897,-0.16673686,-0.16673686,-0.6979974,-0.2908696,-0.42030957,-0.26738998,-0.26738998,-1.0569836,-0.4529817,-0.5170121,-0.34086284,-0.34086284,-0.46633166,-0.59837115,-0.35111368,-0.21341594,-0.21341594,-0.85629874,-0.3602915,-0.53807634,-0.34862095,-0.34862095,-0.017106617,-0.19204375,0.13695395,-0.039987963,0.22870447,0.32597825,0.17939831,0.31706974,0.50932336,-0.066703565,0.3952305,-0.49269378,0.015758254,-0.31557742,0.22742942,0.0,0.6527231,1.7538035,14.288893,1.2355824,4.554002,17.387667,1.5508862,-2.9978542,-30.166853,-0.94540733,-1.1729941,-2.3933659,-0.60228693,-0.33290723,-1.5288498,-0.47362274,0.17992908,-0.8913283,-0.3856566,-1.6076899,-2.0135381,-0.57003003,-1.0911174,0.42355984,-0.73368293,-0.83629626,-0.25303334,-0.65916663,-0.34863552,-0.06495526,-0.5680851,-2.1516063,2.4126546,-0.6164915,0.47047535,-0.18471934,0.87112236,1.1792978,-0.15779136,0.5952157,4.443687,0.0,-0.5091942,0.11739339,-0.16402349,1.2876387,-0.50935745,-1.3624138,-0.042309556,0.33997512,-0.77669,0.06080122,0.7617065,-1.7750622,0.10508517,-1.3950126,0.192988,-0.29366523,-0.13003376,-0.5734399,0.17983909,0.557249,-0.105576925,0.30873415,0.9738945,-0.772899,0.44592574,-1.0538231,-0.12797385,-0.27493346,0.309179,0.309179,0.309179,-0.4055843,0.309179,0.309179,-0.68983644,-0.48889756,-0.49192357,-1.2461518,-0.30751264,0.048929926,-0.46880087,-0.5933216,-0.5931467,0.8977294,-0.7090322,-0.93292665,-0.16755827,-0.7756481,0.40019846,-0.7746815,0.8877422,1.5772332,-0.22301012,-0.012209916,-0.014418689,-1.3750111,0.17992695,0.55534214,0.05533053,0.2189781,0.21843559,-0.98827463,0.37960905,0.7176231,-0.8730563,-0.07632609,0.34447214,0.32245255,0.17405531,0.31709886,0.0,0.0,0.0,-0.28382027,-1.4188396,-0.35941195,-1.3137184,-0.7443233,-1.2590722,1.0151995,0.73229885,0.9403251,0.7436884,-0.29927754,0.6314438,1.2032353,0.5211282,1.1020612
2025-12-30 19:00:00,-0.62595737,-0.22860365,0.309179,1.0030288,-0.7768363,-0.23264529,-1.0720305,-1.015142,-1.3660254,0.36602542,-0.06028283,1.9002224,-0.29279897,-0.16673686,-0.16673686,-0.6979974,-0.2908696,-0.42030957,-0.26738998,-0.26738998,-1.0569836,-0.4529817,-0.5170121,-0.34086284,-0.34086284,-0.63067365,-0.59837115,-0.35111368,-0.21341594,-0.21341594,-0.85629874,-0.3602915,-0.53807634,-0.34862095,-0.34862095,-0.2700772,-0.19204375,0.13695395,-0.039987963,0.22870447,0.32597825,0.2127346,0.31706974,0.50932336,-0.066703565,0.3952305,-0.49269378,-0.053016555,-0.31557742,0.22742942,0.0,0.6527231,1.7538035,14.288893,1.2355824,4.554002,17.387667,1.5508862,-2.9978542,-30.166853,-0.94540733,-1.1729941,-2.3933659,-0.72746176,-0.42187396,-1.4983587,-0.6671425,-0.09777515,-0.8913283,-0.60307115,-1.2587427,-2.1219664,-0.45340514,-0.96245337,0.42355984,-0.61194414,-0.791766,-0.31577492,-0.5455677,-0.34863552,-0.06495526,-0.4892858,-1.6981066,1.8772453,-0.48573503,0.47047535,-0.18471934,0.66327745,1.095371,-0.15779136,0.15896346,-0.20182401,0.0,-0.5091942,0.31333628,-0.16402349,1.2412277,-0.50935745,-1.3624138,-0.16446911,0.24968864,-0.7032602,-0.14013852,0.4272192,-1.7750622,-0.14964111,-1.0272064,-0.14536227,-0.17060752,-0.13003376,-0.5734399,0.07645988,0.49463186,-0.054318246,0.1519696,0.7439385,-0.772899,0.25832713,-0.8050077,-0.2869655,-0.24761039,0.309179,0.309179,0.309179,-0.4055843,0.309179,0.309179,-0.88753134,-0.3047673,-0.68959713,-1.4302046,-0.4916952,-0.02733812,-0.34445015,-0.70917076,-0.4687879,1.013475,-0.593142,-0.88492095,-0.7768363,-0.16620663,-0.16755827,-0.7746815,0.40019846,1.4970202,-0.43150812,0.1817597,-0.22289193,-1.5686991,-0.014314152,0.47492284,-0.098058194,0.38007176,0.0553241,-1.0756627,0.21843402,0.64208615,-0.93415123,-0.221779,0.22860365,0.32245255,0.206345,0.31709886,0.0,0.0,0.0,-0.37975103,-1.3883708,-0.6120767,-1.2682422,-0.80691564,-1.1361387,0.9513044,0.73229885,0.48343894,0.64656246,-0.22202952,0.3753468,1.129748,0.5792514,0.89033216
2025-12-30 20:00:00,-0.7928165,-0.1291051,0.309179,1.0030288,-0.7768363,-0.34209245,-1.2302428,-1.015142,-1.2247449,0.70710677,-0.06028283,1.9002224,-0.29279897,-0.16673686,-0.16673686,-0.6979974,-0.2908696,-0.42030957,-0.26738998,-0.26738998,-1.0569836,-0.4529817,-0.5170121,-0.34086284,-0.34086284,-0.79501563,-0.59837115,-0.35111368,-0.21341594,-0.21341594,-0.85629874,-0.3602915,-0.53807634,-0.34862095,-0.34862095,-0.52304775,-0.19204375,0.13695395,-0.039987963,0.22870447,0.32597825,0.24607089,0.31706974,0.50932336,-0.066703565,0.3952305,-0.49269378,-0.13931629,-0.31557742,0.22742942,0.0,0.6527231,1.7538035,14.288893,1.2355824,4.554002,17.387667,1.5508862,-2.9978542,-30.166853,-0.94540733,-1.1729941,-2.3933659,-0.8905927,-0.5476919,-1.4678675,-0.8674889,-0.33624518,-0.8913283,-0.78976923,-0.930419,-2.2716618,-0.45340514,-0.85196716,0.42355984,-0.5074047,-0.7287907,-0.3785165,-0.42796144,-0.34863552,-0.06495526,-0.38659257,-1.27141,1.1625226,-0.48573503,0.47047535,-0.18471934,0.33264384,0.933237,-0.15779136,-0.23216961,-0.20182401,0.0,-0.5091942,0.5496912,-0.16402349,0.8544102,-0.50935745,-1.3624138,-0.32367054,0.122004285,-0.6298303,-0.34816664,0.13998848,-1.7750622,-0.36837953,-0.68113834,-0.60485953,-0.17060752,-0.13003376,-0.5734399,-0.05271858,0.40591156,-0.005409306,-0.003500388,0.55695,-0.772899,0.10578149,-0.57729787,-0.48073673,-0.31277874,0.309179,0.309179,0.309179,-0.4055843,0.309179,0.309179,-1.0717537,-0.14665106,-0.8872707,-1.5882543,-0.6893474,-0.14866306,-0.22857372,-0.8086527,-0.34442914,1.112868,-0.4687765,-0.8085548,-0.7768363,0.40170246,-0.7768363,-0.7746815,-0.16755827,1.2618476,-0.62579733,0.3483252,-0.43136516,-1.7350229,-0.22276053,0.3469942,-0.23265629,0.5257881,-0.09806595,-1.1462344,0.055322103,0.52541995,-0.9930299,-0.34329814,0.1291051,0.32245255,0.2386347,0.31709886,0.0,0.0,0.0,-0.51541764,-1.3579019,-0.8736544,-1.2039292,-0.869508,-1.0088686,0.82786846,0.73229885,0.073806025,0.5092057,-0.1447815,0.11021566,1.0256262,0.63471025,0.6803517
2025-12-30 21:00:00,-0.92085207,-0.0527572,0.309179,1.0030288,-0.7768363,-0.42237985,-1.3516434,-1.015142,-1.0,1.0,-0.06028283,1.9002224,-0.29279897,-0.16673686,-0.16673686,-0.6979974,-0.2908696,-0.42030957,-0.26738998,-0.26738998,-1.0569836,-0.4529817,-0.5170121,-0.34086284,-0.34086284,-0.9593576,-0.59837115,-0.35111368,-0.21341594,-0.21341594,-0.85629874,-0.3602915,-0.53807634,-0.34862095,-0.34862095,-0.7760183,-0.19204375,0.13695395,-0.039987963,0.22870447,0.32597825,0.27940717,0.31706974,0.50932336,-0.066703565,0.3952305,-0.49269378,-0.25106725,-0.31557742,0.22742942,0.0,0.6527231,1.7538035,14.288893,1.2355824,4.554002,17.387667,1.5508862,-2.9978542,-30.166853,-0.94540733,-1.1729941,-2.3933659,-1.0805627,-0.70178676,-1.4373764,-1.0610087,-0.51922965,-0.8913283,-0.9330277,-0.68465495,-2.4574518,-0.57003003,-0.7671881,0.42355984,-0.42718872,-0.65166205,-0.44125807,-0.31436253,-0.34863552,-0.06495526,-0.2670038,-0.9520095,0.2382614,-0.6164915,0.47047535,-0.18471934,-0.098246254,0.7039449,-0.15779136,-0.5515284,-0.20182401,0.0,-0.5091942,0.71777123,-0.16402349,0.26250425,-0.50935745,-1.3624138,-0.50906456,-0.034376476,-0.5564004,-0.54910636,-0.080411404,-1.7750622,-0.5362234,-0.42209187,-1.1863521,-0.29366523,-0.13003376,-0.5734399,-0.19552912,0.2970481,0.04175763,-0.1472318,0.4197804,-0.772899,-0.006121779,-0.4193795,-0.7089322,-0.45363653,0.309179,0.309179,0.309179,-0.4055843,0.309179,0.309179,-1.229949,-0.025324192,-1.0714731,-1.7095302,-0.8869996,-0.3067768,-0.12906839,-0.88498783,-0.2285452,1.1891348,-0.344411,-0.70903254,-0.7768363,0.88937706,-0.7768363,-0.7746815,-0.7768363,0.8877422,-0.7926373,0.47613537,-0.6256313,-1.8626477,-0.43120688,0.18027437,-0.34210458,0.6424023,-0.2326652,-1.197702,-0.09806835,0.37963864,-1.0422283,-0.43439382,0.0527572,0.32245255,0.27092442,0.31709886,0.0,0.0,0.0,-0.6815746,-1.3274331,-1.1263192,-1.1251621,-0.93210036,-0.8859352,0.65330374,0.73229885,-0.26065785,0.34097874,-0.06753348,-0.14588135,0.89786434,0.6881938,0.48622546
2025-12-30 22:00:00,-1.0013386,-0.004762897,0.309179,1.0030288,-0.7768363,-0.47125775,-1.4279591,-1.015142,-0.70710677,1.2247449,-0.06028283,1.9002224,-0.29279897,-0.16673686,-0.16673686,-0.6979974,-0.2908696,-0.42030957,-0.26738998,-0.26738998,-1.0569836,-0.4529817,-0.5170121,-0.34086284,-0.34086284,-1.1236997,-0.59837115,-0.35111368,-0.21341594,-0.21341594,-0.85629874,-0.3602915,-0.53807634,-0.34862095,-0.34862095,-1.028989,-0.19204375,0.13695395,-0.039987963,0.22870447,0.32597825,0.31274346,0.31706974,0.50932336,-0.066703565,0.3952305,-0.49269378,-0.40853086,-0.31557742,0.22742942,0.0,0.6527231,1.7538035,14.288893,1.2355824,4.554002,17.387667,1.5508862,-2.9978542,-30.166853,-0.94540733,-1.1729941,-2.3933659,-1.2844257,-0.8736573,-1.4068851,-1.2345138,-0.6342585,-0.8913283,-1.0230838,-0.55434346,-2.672234,-0.7941803,-0.7138937,0.42355984,-0.37676287,-0.5656362,-0.50399965,-0.21251252,-0.34863552,-0.06495526,-0.13866922,-0.78265375,-0.95920056,-0.86780244,0.47047535,-0.18471934,-0.6000284,0.42312062,-0.15779136,-0.7773492,-0.20182401,0.0,-0.5091942,0.7618511,-0.16402349,-0.40541777,-0.50935745,-1.3624138,-0.7080168,-0.20879655,-0.48297054,-0.729264,-0.21896057,-1.7750622,-0.6417345,-0.28473762,-1.8922337,-0.53017926,-0.13003376,-0.5734399,-0.34005582,0.1754602,0.08785597,-0.27083832,0.3362734,-0.772899,-0.07424698,-0.35456014,-0.974654,-0.6501488,0.309179,0.309179,0.309179,-0.4055843,0.309179,0.309179,-1.3513365,0.050945062,-1.2296513,-1.7857674,-1.0711821,-0.49090415,-0.052715253,-0.93297416,-0.12903342,1.2370782,-0.2285208,-0.5931364,-0.7768363,1.263583,-0.7768363,-0.7746815,-0.7768363,0.40019846,-0.92065805,0.5564802,-0.7924514,-1.9428759,-0.625448,-0.013874999,-0.42239285,0.7179056,-0.34211445,-1.2289016,-0.23266795,0.21847318,-1.0749424,-0.49069548,0.004762897,0.32245255,0.3032141,0.31709886,0.0,0.0,0.0,-0.86689866,-1.2969643,-1.3528521,-1.0373088,-0.99469274,-0.77571607,0.43950644,0.73229885,-0.4971595,0.15334591,0.009714542,-0.37549168,0.7551692,0.7404656,0.3192803
2025-12-30 23:00:00,-1.028791,0.011607066,0.309179,1.0030288,-0.7768363,-0.4876532,-1.4539889,-1.015142,-0.36602542,1.3660254,-0.06028283,1.9002224,-0.29279897,-0.16673686,-0.16673686,-0.6979974,-0.2908696,-0.42030957,-0.26738998,-0.26738998,-1.0569836,-0.4529817,-0.5170121,-0.34086284,-0.34086284,-1.2880416,-0.59837115,-0.35111368,-0.21341594,-0.21341594,-0.85629874,-0.3602915,-0.53807634,-0.34862095,-0.34862095,-1.2819595,-0.19204375,0.13695395,-0.039987963,0.22870447,0.32597825,0.34607974,0.31706974,0.50932336,0.8013526,0.3952305,-0.49269378,-0.8195255,-0.31557742,0.22742942,0.0,0.6527231,1.7538035,14.288893,1.2355824,4.554002,17.387667,1.5508862,-2.9978542,-30.166853,-0.94540733,-1.2041317,-2.3933659,-1.4882888,-1.0515907,-1.376394,-1.3761802,-0.6734927,-0.13037692,-1.0538002,-0.55434346,-2.9069388,-1.1070788,-0.69571596,-1.0404097,-0.35956356,-0.4765757,-0.5667412,-0.12935235,-0.33061478,-0.06495526,-0.010334653,-0.78265375,-2.6076126,-1.2186153,0.47047535,-0.18471934,-1.1385069,0.10990178,-0.15779136,-0.89424264,-0.20182401,0.0,-0.5091942,0.6610856,-0.16402349,-1.0802218,-0.5392615,-1.3624138,-0.9069691,-0.3893695,-0.40954065,-0.8763621,-0.2662171,0.17497772,-0.6777224,-0.28473762,-2.73003,-0.86033666,-0.15290828,-0.5734399,-0.47596878,0.049520105,0.13359444,-0.36815146,0.30826205,0.6890362,-0.097098716,-0.38948485,-1.2863569,-0.8821077,0.309179,0.309179,0.309179,-0.4055843,0.309179,0.309179,-1.4276439,0.07695909,-1.3510258,-1.8117704,-1.2293433,-0.6884971,-0.0047176667,-0.94934136,-0.052675344,1.2534308,-0.12900363,-0.46876454,-0.7768363,1.4988185,-0.7768363,-0.7746815,-0.7768363,-0.16755827,-1.0011352,0.58388436,-0.92045695,-1.9702402,-0.7922466,-0.22222292,-0.47127128,0.7440532,-0.4224034,-1.2393436,-0.3421175,0.055370968,-1.086416,-0.509728,-0.011607066,0.32245255,0.33550382,0.31709886,0.0,0.0,0.0,-1.0587602,-1.2664955,-1.5378155,-0.9463565,-1.0572851,-0.68572253,0.20104657,0.73229885,-0.61958176,-0.040905874,0.086962566,-0.5629677,0.6073663,0.7923294,0.18784745
2025-12-31 00:00:00,-0.96911186,-0.08287942,0.30558628,1.0030288,-0.7768363,-0.4228862,-1.4442306,-1.015142,2.2650515e-17,1.4142135,-0.06028283,1.9002224,-0.29279897,-0.16673686,-0.16673686,-0.6979974,-0.2908696,-0.42030957,-0.26738998,-0.26738998,-1.0569836,-0.4529817,-0.5170121,-0.34086284,-0.34086284,-1.2880416,-0.59837115,-0.35111368,-0.21341594,-0.21341594,-0.85629874,-0.3602915,-0.53807634,-0.34862095,-0.34862095,-1.2819595,-0.19204375,0.13695395,-0.039987963,0.22870447,0.32566258,0.3459122,0.3164557,0.50548625,0.7969894,0.39154625,-0.48920047,-0.81745964,-0.30924463,0.22742942,0.0,0.6527231,1.7538035,14.288893,1.2355824,4.554002,17.387667,1.5508862,-2.9978542,-30.166853,-0.94540733,-1.2954228,-2.3933659,-1.6782588,-1.2253562,-1.3777518,-1.4793708,-0.6734927,-0.13037692,-1.0538002,-0.67806387,-2.8984473,-1.464013,-0.69571596,-1.0404097,-0.35956356,-0.39779046,-0.57067955,-0.08407107,-0.2777806,-0.06495526,0.10925413,-1.010538,-2.6571646,-1.6798284,0.38722456,-0.18471934,-1.1385069,-0.21436621,-0.15779136,-0.89424264,-0.20182401,0.0,-0.5091942,0.41811097,-0.16402349,-1.0802218,-0.62693584,-1.3624138,-1.092363,-0.5601781,-0.40705642,-0.97449225,-0.2662171,0.17497772,-0.6777224,-0.43468937,-2.7484224,-1.2690041,-0.21896033,-0.5734399,-0.5952319,-0.06712073,0.13652477,-0.42636776,0.30826205,0.6890362,-0.097098716,-0.53430206,-1.2986797,-1.1496978,0.309179,0.309179,0.309179,0.309179,0.309179,0.309179,-1.4536709,0.050945062,-1.4273249,-1.4207615,-1.3507046,-0.8860901,0.011653417,-0.93297416,-0.00467465,-0.0060851355,-0.052641425,-0.34439266,-0.7768363,1.579053,-0.7768363,-0.7746815,-0.7768363,-0.7768363,-1.0285846,0.5564802,-1.0009246,-0.9933651,-0.9202357,-0.43057084,-0.4876669,0.7179056,-0.47128224,-0.46888798,-0.42240667,-0.09801037,-1.1392449,-0.44478923,0.08287942,0.32214049,0.3353415,0.31648493,0.0,0.0,0.0,-1.2461275,-1.2678524,-1.6725441,-0.86589766,-1.061214,-0.6367205,-0.045825243,0.73229885,-0.61958176,-0.22465366,0.089575976,-0.68803424,0.47047698,0.79565215,0.10921949
2025-12-31 01:00:00,-0.8886254,-0.13087372,0.30558628,1.0030288,-0.7768363,-0.3730097,-1.3679149,-1.015142,0.36602542,1.3660254,-0.06028283,1.9002224,-0.29279897,-0.16673686,-0.16673686,-0.6979974,-0.2908696,-0.42030957,-0.26738998,-0.26738998,-1.0569836,-0.4529817,-0.5170121,-0.34086284,-0.34086284,-1.2880416,-0.59837115,-0.35111368,-0.21341594,-0.21341594,-0.85629874,-0.3602915,-0.53807634,-0.34862095,-0.34862095,-1.2819595,-0.19204375,0.13695395,-0.039987963,0.22870447,0.32534692,0.3457446,0.31584162,0.50548625,0.7969894,0.39154625,-0.48798344,-0.81666815,-0.307567,0.22742942,0.0,0.6527231,1.7538035,14.288893,1.2355824,4.554002,17.387667,1.5508862,-2.9978542,-30.166853,-0.94540733,-1.4406458,-2.3933659,-1.8413898,-1.3813461,-1.3791097,-1.5342418,-0.6734927,-0.13037692,-1.0538002,-0.91957647,-2.890845,-1.8084073,-0.69571596,-1.0404097,-0.35956356,-0.3279024,-0.57461786,-0.06715418,-0.19373356,-0.06495526,0.21012194,-1.3655695,-2.702041,-1.9335467,0.14314562,-0.18471934,-1.1385069,-0.527585,-0.15779136,-0.89424264,-0.20182401,0.0,-0.5091942,0.053176906,-0.16402349,-1.0802218,-0.7664055,-1.3624138,-1.2515645,-0.7129474,-0.4045722,-1.02245,-0.2662171,0.17497772,-0.6777224,-0.70173466,-2.764956,-1.6138883,-0.32097712,-0.5734399,-0.6922106,-0.17093505,0.13951556,-0.4515234,0.30826205,0.6890362,-0.097098716,-0.75104433,-1.3102182,-1.3331879,0.30558628,0.309179,0.309179,0.309179,0.309179,0.309179,-1.4439136,-0.025324192,-1.4533491,-1.3445243,-1.4269955,-1.0702175,-0.08283953,-0.88498783,0.0116974935,-0.054028522,-0.0046381354,-0.22849652,-0.7768363,1.4988185,-0.7768363,-0.7746815,-0.7768363,-0.7768363,-0.9689123,0.47613537,-1.0283706,-0.9131369,-1.000693,-0.6247202,-0.42289922,0.6424023,-0.48767802,-0.42007077,-0.4712856,-0.23260197,-1.1079293,-0.3883936,0.13087372,0.3218284,0.3351792,0.31587097,0.0,0.0,0.0,-1.4143279,-1.2692093,-1.7441851,-0.79452497,-1.065143,-0.6184135,-0.2842851,0.73229885,-0.61958176,-0.38899562,0.09218939,-0.7491562,0.34864086,0.7990435,0.07524384
2025-12-31 02:00:00,-0.76058984,-0.20722163,0.30558628,1.0030288,-0.7768363,-0.2910976,-1.2465143,-1.015142,0.70710677,1.2247449,-0.06028283,1.9002224,-0.29279897,-0.16673686,-0.16673686,-0.6979974,-0.2908696,-0.42030957,-0.26738998,-0.26738998,-1.0569836,-0.4529817,-0.5170121,-0.34086284,-0.34086284,-1.2880416,-0.59837115,-0.35111368,-0.21341594,-0.21341594,-0.85629874,-0.3602915,-0.53807634,-0.34862095,-0.34862095,-1.2819595,-0.19204375,0.13695395,-0.039987963,0.22870447,0.32503125,0.34557706,0.31522754,0.50548625,0.7969894,0.39154625,-0.48722085,-0.81610644,-0.3070811,0.22742942,0.0,0.6527231,1.7538035,14.288893,1.2355824,4.554002,17.387667,1.5508862,-2.9978542,-30.166853,-0.94540733,-1.6299042,-2.3933659,-1.858167,-1.5090591,-1.3804675,-1.5372592,-0.6734927,-0.13037692,-1.0538002,-1.2461249,-2.8846393,-1.8374614,-0.69571596,-1.0404097,-0.35956356,-0.27216774,-0.5785562,-0.08067602,-0.084201306,-0.06495526,0.13132267,-1.8013111,-2.7386994,-1.7409385,-0.24512792,-0.18471934,-1.1385069,-0.80840933,-0.15779136,-0.89424264,-0.20182401,0.0,-0.5091942,-0.39928856,-0.16402349,-1.0802218,-0.948166,-1.3624138,-1.2208167,-0.8370203,-0.40208796,-1.016566,-0.2662171,0.17497772,-0.6777224,-1.0507785,-2.7784605,-1.558487,-0.44845313,-0.5734399,-0.6470252,-0.25444004,0.1426048,-0.44238427,0.30826205,0.6890362,-0.097098716,-1.0119509,-1.3202754,-1.2590008,0.30558628,0.309179,0.30558628,0.309179,0.309179,0.309179,-1.3676062,-0.14665106,-1.4435929,-1.2232485,-1.4530169,-1.2283312,-0.13083713,-0.8086527,-0.08280157,-0.13029544,0.011734893,-0.12897426,-0.7768363,1.263583,-0.7768363,-0.7746815,-0.7768363,-0.7768363,-0.88843507,0.3483252,-0.9687055,-0.78551215,-1.0281354,-0.79144007,-0.3730222,0.5257881,-0.42290977,-0.33988303,-0.48768145,-0.342045,-1.0609556,-0.29718354,0.20722163,0.3215163,0.3350169,0.315257,0.0,0.0,0.0,-1.5520377,-1.2705661,-1.7481248,-0.73760635,-1.0690719,-0.63304645,-0.49808237,0.73229885,-0.61958176,-0.5224673,0.09480279,-0.74165714,0.25063968,0.8025464,0.0875873
2025-12-31 03:00:00,-0.5937307,-0.30672017,0.30558628,1.0030288,-0.7768363,-0.17946494,-1.0883019,-1.015142,1.0,1.0,-0.06028283,1.9002224,-0.29279897,-0.16673686,-0.16673686,-0.6979974,-0.2908696,-0.42030957,-0.26738998,-0.26738998,-1.0569836,-0.4529817,-0.5170121,-0.34086284,-0.34086284,-1.2880416,-0.59837115,-0.35111368,-0.21341594,-0.21341594,-0.85629874,-0.3602915,-0.53807634,-0.34862095,-0.34862095,-1.2819595,-0.19204375,0.13695395,-0.039987963,0.22870447,0.32471558,0.34540948,0.31461346,0.50548625,0.7969894,0.39154625,-0.4867356,-0.81567264,-0.307567,0.22742942,0.0,0.6527231,1.7538035,14.288893,1.2355824,4.554002,17.387667,1.5508862,-2.9978542,-30.166853,-0.94540733,-1.8503001,-2.3933659,-1.695036,-1.5999207,-1.3818254,-1.4884233,-0.6734927,-0.13037692,-1.0538002,-1.5968606,-2.8802423,-1.5002488,-0.69571596,-1.0404097,-0.35956356,-0.23487811,-0.5824945,-0.124636605,0.043351687,-0.06495526,0.028629454,-2.2236464,-2.7641306,-1.3760314,-0.7511358,-0.18471934,-1.1385069,-1.0377015,-0.15779136,-0.89424264,-0.20182401,0.0,-0.5091942,-0.8929166,-0.16402349,-1.0802218,-1.1598306,-1.3624138,-1.0616153,-0.9236953,-0.39960372,-0.95684046,-0.2662171,0.17497772,-0.6777224,-1.4141847,-2.7879708,-1.196717,-0.5893816,-0.5734399,-0.54810995,-0.31161833,0.14582643,-0.39884987,0.30826205,0.6890362,-0.097098716,-1.2691566,-1.328047,-1.0427504,0.30558628,0.309179,0.30558628,0.309179,0.30558628,0.309179,-1.2462187,-0.3047673,-1.3672937,-1.0651987,-1.4432616,-1.3496561,-0.20719026,-0.70917076,-0.13080227,-0.2296884,-0.08276929,-0.05260814,-0.7768363,0.88937706,-0.7768363,-0.7746815,-0.7768363,-0.7768363,-0.7604143,0.1817597,-0.88823783,-0.6191884,-0.96847796,-0.9193687,-0.2911092,0.38007176,-0.3730323,-0.23057173,-0.422913,-0.4223294,-1.0049763,-0.17558359,0.30672017,0.32120425,0.3348546,0.31464306,0.0,0.0,0.0,-1.6500119,-1.271923,-1.6843632,-0.6995246,-1.0730008,-0.6806193,-0.6726471,0.73229885,-0.61958176,-0.6157082,0.0974162,-0.6655371,0.18353544,0.8061995,0.14638563
2025-12-31 04:00:00,-0.3994191,-0.42258865,0.30558628,1.0030288,-0.7768363,-0.042223133,-0.90405977,-1.015142,1.2247449,0.70710677,-0.06028283,1.9002224,-0.29279897,-0.16673686,-0.16673686,-0.6979974,-0.2908696,-0.42030957,-0.26738998,-0.26738998,-1.0569836,-0.4529817,-0.5170121,-0.34086284,-0.34086284,-1.2880416,-0.59837115,-0.35111368,-0.21341594,-0.21341594,-0.85629874,-0.3602915,-0.53807634,-0.34862095,-0.34862095,-1.2819595,-0.19204375,0.13695395,-0.039987963,0.22870447,0.32439995,0.34524193,0.3139994,0.50548625,0.7969894,0.39154625,-0.48646256,-0.8153269,-0.30924463,0.22742942,0.0,0.6527231,1.7538035,14.288893,1.2355824,4.554002,17.387667,1.5508862,-2.9978542,-30.166853,-0.94540733,-2.0868142,-2.3933659,-1.505066,-1.6478683,-1.3831832,-1.3912675,-0.6734927,-0.13037692,-1.0538002,-1.8569618,-2.877944,-1.1228712,-0.69571596,-1.0404097,-0.35956356,-0.21906818,-0.58643275,-0.19696158,0.18023291,-0.06495526,-0.090959325,-2.4601154,-2.7761443,-1.0572581,-1.3403946,-0.18471934,-1.1385069,-1.1998354,-0.15779136,-0.89424264,-0.20182401,0.0,-0.5091942,-1.37036,-0.16402349,-1.0802218,-1.3869746,-1.3624138,-0.87622136,-0.9668196,-0.39711946,-0.8469425,-0.2662171,0.17497772,-0.6777224,-1.6638484,-2.7927983,-0.8268453,-0.73200357,-0.5734399,-0.426503,-0.33827743,0.1492083,-0.32195973,0.30826205,0.6890362,-0.097098716,-1.4320685,-1.3326443,-0.8207692,0.30558628,0.309179,0.30558628,0.309179,0.30558628,0.309179,-1.0880233,-0.48889756,-1.2459193,-0.88114583,-1.3669708,-1.4259242,-0.3066956,-0.5933216,-0.20716035,-0.34543398,-0.13077258,-0.004602389,-0.7768363,0.40170246,-0.7768363,-0.7746815,-0.7768363,-0.7768363,-0.59357435,-0.012209916,-0.76023227,-0.4255003,-0.8880207,-0.999788,-0.17947535,0.2189781,-0.29111862,-0.09614216,-0.37303543,-0.47120544,-0.94725764,-0.030140925,0.42258865,0.32089216,0.3346923,0.3140291,0.0,0.0,0.0,-1.7017126,-1.2732798,-1.5575141,-0.6833788,-1.0769298,-0.7588873,-0.79608303,0.73229885,-0.61958176,-0.66209924,0.10002961,-0.52547246,0.1522484,0.8100343,0.2502348
2025-12-31 05:00:00,-0.19089709,-0.54693085,0.30558628,1.0030288,-0.7768363,0.11412637,-0.7063436,-1.015142,1.3660254,0.36602542,-0.06028283,1.9002224,-0.29279897,-0.16673686,-0.16673686,-0.6979974,-0.2908696,-0.42030957,-0.26738998,-0.26738998,-1.0569836,-0.4529817,-0.5170121,-0.34086284,-0.34086284,-1.2880416,-0.59837115,-0.35111368,-0.21341594,-0.21341594,-0.85629874,-0.3602915,-0.53807634,-0.34862095,-0.34862095,-1.2819595,-0.19204375,0.13695395,-0.039987963,0.2251772,0.32408428,0.34507436,0.31338534,0.50548625,0.7969894,0.39154625,-0.4863742,-0.8150489,-0.31557742,0.22742942,0.0,0.6527231,1.7538035,14.288893,1.2355824,4.554002,17.387667,1.5508862,-2.9978542,-30.166853,-0.94540733,-2.1062784,-2.3933659,-1.301203,-1.6497633,-1.3845412,-1.2526188,-0.6734927,-0.13037692,-1.0422848,-1.8690053,-2.877894,-0.7941803,-0.69571596,-1.0404097,-0.45883703,-0.2263088,-0.5903711,-0.2936436,0.09423891,-0.06495526,-0.21929389,-2.3458488,-2.7735977,-0.86780244,-1.9727471,-0.18471934,-1.1385069,-1.2837622,-0.15779136,-0.89424264,-0.20182401,0.0,-0.5091942,-1.8071642,-0.16402349,-1.0802218,-1.3518698,-1.3624138,-0.6772691,-0.96320814,-0.39463523,-0.6939605,-0.2662171,0.17497772,-0.599488,-1.640169,-2.7925858,-0.53017926,-0.6805994,-0.5734399,-0.28796515,-0.3322651,0.15276964,-0.21411082,0.30826205,0.6890362,-0.0068275146,-1.391582,-1.3331791,-0.6314878,0.30558628,0.309179,0.30558628,0.309179,0.30558628,0.309179,-0.903801,-0.6864937,-1.087741,-0.6836328,-1.2456094,-1.4519378,-0.42257202,-0.46900016,-0.30667213,-0.46964428,-0.20713478,0.011771479,-0.7768363,-0.16620663,-0.7768363,-0.7746815,-0.7768363,-0.7768363,-0.39928514,-0.22036496,-0.59341216,-0.21764736,-0.7600316,-1.0272175,-0.042232085,0.055948567,-0.1794838,0.05705453,-0.29112154,-0.4876003,-0.8942597,0.13042775,0.54693085,0.32058007,0.33453,0.31341514,0.0,0.0,0.0,-1.703756,-1.2746366,-1.3764905,-0.69077325,-1.0808587,-0.86351377,-0.85997814,0.73229885,-0.61958176,-0.6582142,0.10264302,-0.3304974,0.15930444,0.8140725,0.39589748
2025-12-31 06:00:00,0.017624937,-0.67127305,0.30558628,1.0030288,-0.7768363,0.28032994,-0.50862736,-1.015142,1.4142135,1.6192573e-16,-0.06028283,1.9002224,-0.29279897,-0.16673686,-0.16673686,-0.6979974,-0.2908696,-0.42030957,-0.26738998,-0.26738998,-1.0569836,-0.4529817,-0.5170121,-0.34086284,-0.34086284,-1.2880416,-0.59837115,-0.35111368,-0.21341594,-0.21341594,-0.85629874,-0.3602915,-0.53807634,-0.34862095,-0.34862095,-1.2819595,-0.19204375,0.13695395,-0.039987963,0.2251772,0.32376862,0.3449068,0.31338534,0.50548625,0.7969894,0.39154625,-0.48646256,-0.8148264,-0.31557742,0.22742942,0.0,0.6527231,1.7538035,14.288893,1.2355824,4.554002,17.387667,1.5508862,-2.9978542,-30.166853,-0.94540733,-1.8697644,-2.3933659,-1.0973401,-1.6056057,-1.385899,-1.0791137,-0.6734927,-0.13037692,-0.9522288,-1.6240509,-2.8800924,-0.57003003,-0.69571596,-1.0404097,-0.5092629,-0.25659996,-0.5943094,-0.3954936,-0.04264232,-0.06495526,-0.34762847,-1.9601547,-2.756519,-0.6164915,-1.9727471,-0.18471934,-1.1385069,-1.2837622,-0.15779136,-0.89424264,-0.20182401,0.0,-0.5091942,-1.8071642,-0.16402349,-1.0802218,-1.1247258,-1.3624138,-0.47831684,-0.91286093,-0.392151,-0.5138028,-0.2662171,0.17497772,-0.49397692,-1.3605396,-2.787334,-0.29366523,-0.5352709,-0.5734399,-0.1406958,-0.29356775,0.15651847,-0.08808278,0.30826205,0.6890362,0.06268951,-1.1779348,-1.3289188,-0.43138254,0.30558628,0.309179,0.30558628,0.309179,0.30558628,0.30558628,-0.7061061,-0.8840898,-0.90353864,-0.48611978,-1.0874484,-1.4421855,-0.54692274,-0.3446787,-0.42255607,-0.59385455,-0.30665195,-0.08273754,-0.7768363,-0.7756481,-0.7768363,-0.7746815,-0.7768363,-0.7768363,-0.19078714,-0.42852,-0.39914602,-0.009794421,-0.593233,-0.9675882,0.11411909,-0.097364426,-0.042239357,0.2199604,-0.17948642,-0.42283574,-0.850519,0.29550713,0.67127305,0.320268,0.3343677,0.31341514,0.0,0.0,0.0,-1.6561419,-1.2759935,-1.1499574,-0.7217079,-1.0847876,-0.9737329,-0.85997814,0.73229885,-0.61958176,-0.6040531,0.10525643,-0.10088711,0.20471953,0.81832343,0.5661132
2025-12-31 07:00:00,0.21193653,-0.78714156,0.30558628,1.0030288,-0.2054182,0.4445096,-0.32438517,-1.015142,1.3660254,-0.36602542,-0.06028283,1.9002224,-0.29279897,-0.16673686,-0.16673686,-0.6979974,-0.2908696,-0.42030957,-0.26738998,-0.26738998,-1.0569836,-0.4529817,-0.5170121,-0.34086284,-0.34086284,-1.2880416,-0.59837115,-0.35111368,-0.21341594,-0.21341594,-0.85629874,-0.3602915,-0.53807634,-0.34862095,-0.34862095,-1.2819595,-0.19204375,0.13695395,-0.039987963,0.2251772,0.32345295,0.34473923,0.31338534,0.50548625,0.7969894,0.39154625,-0.4867356,-0.81465197,-0.31557742,0.22742942,0.0,0.6527231,1.7538035,14.288893,1.2355824,4.554002,17.387667,1.5508862,-2.9978542,-30.166853,-0.94540733,-1.6493685,-2.3933659,-0.90737003,-1.5185341,-1.3872569,-0.8855939,-0.6734927,-0.13037692,-0.8089703,-1.2768611,-2.8843894,-0.45340514,-0.69571596,-1.0404097,-0.58947885,-0.30837086,-0.5982477,-0.5090925,-0.17019531,-0.06495526,-0.46721724,-1.4989686,-2.726103,-0.48573503,-1.3796884,-0.18471934,-0.6334889,-1.2050506,-0.1658241,-0.78461283,-0.20182401,0.0,-0.5091942,-1.3975025,-0.1629127,-0.44734943,-0.9130613,-1.3624138,-0.29292285,-0.818963,-0.38966677,-0.31286308,-0.2662171,0.17497772,-0.32613304,-0.98996884,-2.7774012,-0.17060752,-0.39171213,-0.5734399,0.0047801933,-0.22431408,0.16044955,0.058430277,0.30826205,0.6890362,0.17685728,-0.9066128,-1.3194907,-0.28812635,0.30558628,0.309179,0.30558628,0.309179,0.30558628,0.30558628,-0.5084112,-1.06822,-0.7058651,-0.30206692,-0.9032658,-1.3659174,-0.67127347,-0.22882956,-0.5469148,-0.70960015,-0.42254215,-0.1307433,-0.7768363,-0.7756481,-0.7768363,-0.16515736,-0.7768363,-0.7768363,0.017710866,-0.62248963,-0.19067277,0.1838937,-0.39899188,-0.8871689,0.28032443,-0.23189606,0.11411317,0.38093185,-0.04224161,-0.3729611,-0.81809163,0.4532502,0.78714156,0.31995592,0.3342054,0.31341514,0.0,0.0,0.0,-1.5622544,-1.2773504,-0.89729273,-0.7745785,-1.0887166,-1.0966663,-0.8000534,0.7239355,-0.5047667,-0.50304216,0.10786984,0.1552099,0.2859954,0.8227809,0.7639963
2025-12-31 08:00:00,0.37879568,-0.88664013,0.30558628,1.0030288,0.32705867,0.592978,-0.16617283,-1.015142,1.2247449,-0.70710677,-0.06028283,1.9002224,-0.29279897,-0.16673686,-0.16673686,-0.6979974,-0.2908696,-0.42030957,-0.26738998,-0.26738998,-1.0569836,-0.4529817,-0.5170121,-0.34086284,-0.34086284,-1.2880416,-0.59837115,-0.35111368,-0.21341594,-0.21341594,-0.85629874,-0.3602915,-0.53807634,-0.34862095,-0.34862095,-1.2819595,-0.19204375,0.13695395,-0.039987963,0.2251772,0.32313728,0.34457168,0.31338534,0.50548625,0.7969894,0.39154625,-0.48722085,-0.8145205,-0.31557742,0.22742942,0.0,0.6527231,1.7538035,14.288893,1.2355824,4.554002,17.387667,1.5508862,-2.9978542,-30.166853,-0.94540733,-1.4601102,-2.3933659,-0.74423903,-1.394611,-1.3886147,-0.6852475,-0.6734927,-0.13037692,-0.6222722,-0.9471362,-2.8904946,-0.45340514,-0.69571596,-1.0404097,-0.6940183,-0.37858677,-0.60218596,-0.6266988,-0.27972755,-0.06495526,-0.56991047,-1.0916798,-2.6845782,-0.48573503,-0.82704556,-0.18471934,-0.16288704,-1.0529914,-0.18134215,-0.57282436,-0.20182401,0.0,-0.5091942,-0.9497271,-0.16847268,0.17906858,-0.7313009,-1.3624138,-0.13372141,-0.6876672,-0.38718253,-0.104834974,-0.2662171,0.17497772,-0.107394606,-0.6470789,-2.7634764,-0.17060752,-0.26189128,-0.5734399,0.1363348,-0.128683,0.16454308,0.21687134,0.30826205,0.6890362,0.33244905,-0.6508513,-1.3050809,-0.22206834,0.30558628,0.309179,0.30558628,0.309179,0.30558628,0.30558628,-0.32418892,-1.2263364,-0.5081915,-0.14401716,-0.70561355,-1.2445925,-0.7871499,-0.12934764,-0.6712736,-0.8089931,-0.54690766,-0.20710942,-0.2054182,-0.7756481,-0.7768363,0.4028287,-0.7768363,-0.7768363,0.21200007,-0.7890551,0.01780046,0.35021743,-0.19054553,-0.75924027,0.44450584,-0.34129032,0.28031996,0.52653766,0.11411133,-0.29105207,-0.79666084,0.5915983,0.88664013,0.31964383,0.3340431,0.31341514,0.0,0.0,0.0,-1.4286311,-1.2787073,-0.635715,-0.846286,-1.0926455,-1.2239364,-0.68428767,0.70777863,-0.282961,-0.36180037,0.11048325,0.42034104,0.39822772,0.8274227,0.9779896
2025-12-31 09:00:00,0.5068312,-0.962988,0.30558628,1.0030288,0.78430694,0.7117697,-0.044772226,-1.015142,1.0,-1.0,-0.06028283,1.9002224,-0.29279897,-0.16673686,-0.16673686,-0.6979974,-0.2908696,-0.42030957,-0.26738998,-0.26738998,-1.0569836,-0.4529817,-0.5170121,-0.34086284,-0.34086284,-1.2880416,-0.59837115,-0.35111368,-0.21341594,-0.21341594,-0.85629874,-0.3602915,-0.53807634,-0.34862095,-0.34862095,-1.2819595,-0.19204375,0.13695395,-0.039987963,0.2251772,0.32282162,0.3444041,0.31338534,0.50548625,0.7969894,0.39154625,-0.48798344,-0.8144287,-0.31557742,0.22742942,0.0,0.6527231,1.7538035,14.288893,1.2355824,4.554002,17.387667,1.5508862,-2.9978542,-30.166853,-0.94540733,-1.3148872,-2.3933659,-0.6190642,-1.2424111,-1.3899726,-0.4917277,-0.6734927,-0.13037692,-0.40485767,-0.6978667,-2.897996,-0.57003003,-0.69571596,-1.0404097,-0.8157571,-0.46295604,-0.6061243,-0.7402977,-0.3637746,-0.08095529,-0.6487097,-0.8110161,-2.634974,-0.6164915,-0.35248047,-0.18471934,0.24122797,-0.8379473,-0.203288,-0.27331018,-0.20182401,0.0,-0.5091942,-0.4867726,-0.18578081,0.73419404,-0.59183115,-1.3624138,-0.011561855,-0.527675,-0.3846983,0.09610476,-0.2662171,0.17497772,0.14733167,-0.39525738,-2.7465255,-0.29366523,-0.15801975,-0.5734399,0.24159351,-0.01269179,0.1687651,0.3765954,0.30826205,0.6890362,0.52373445,-0.45159492,-1.2865492,-0.25024,0.30558628,0.309179,0.30558628,0.309179,0.30558628,0.30558628,-0.1659936,-1.3476632,-0.32398906,-0.022741314,-0.50796133,-1.0864787,-0.8866552,-0.05301248,-0.78715754,-0.88526005,-0.6712732,-0.30663168,0.32705867,-0.7756481,-0.2054182,0.8905694,-0.7768363,-0.7768363,0.37884,-0.9168653,0.21206659,0.47784215,0.017900845,-0.5925204,0.59297585,-0.42153895,0.44450277,0.64306337,0.28031856,-0.1794236,-0.78423566,0.69949347,0.962988,0.31933174,0.33388078,0.31341514,0.0,0.0,0.0,-1.2645174,-1.2800641,-0.3830503,-0.9324475,-1.0965744,-1.3468698,-0.5205702,0.6849295,0.030719588,-0.18968834,0.113096654,0.6764381,0.5343546,0.83221006,1.1937158
2025-12-31 10:00:00,0.5873177,-1.0109823,0.30558628,1.0030288,1.1351658,0.78867173,0.03154338,-1.015142,0.70710677,-1.2247449,-0.06028283,1.9002224,-0.29279897,-0.16673686,-0.16673686,-0.6979974,-0.2908696,-0.42030957,-0.26738998,-0.26738998,-1.0569836,-0.4529817,-0.5170121,-0.34086284,-0.34086284,-1.2880416,-0.59837115,-0.35111368,-0.21341594,-0.21341594,-0.85629874,-0.3602915,-0.53807634,-0.34862095,-0.34862095,-1.2819595,-0.19204375,0.13695395,-0.039987963,0.2251772,0.32250595,0.34423655,0.31338534,0.50548625,0.7969894,0.39154625,-0.48920047,-0.8143743,-0.31557742,0.22742942,0.0,0.6527231,1.7538035,14.288893,1.2355824,4.554002,17.387667,1.5508862,-2.9978542,-30.166853,-0.94540733,-1.2235961,-2.3933659,-0.54037607,-1.0724356,-1.3913304,-0.3182226,-0.6734927,-0.13037692,-0.17154314,-0.562091,-2.9063864,-0.7941803,-0.69571596,-1.0404097,-0.9463989,-0.5562225,-0.6100626,-0.8421477,-0.41660878,-0.13679415,-0.69824505,-0.6998958,-2.5808332,-0.86780244,0.011666124,-0.18471934,0.5513163,-0.57457316,-0.23016606,0.093518265,-0.20182401,0.0,-0.5091942,-0.062422864,-0.21607104,1.0969752,-0.5041568,-1.3557373,0.065230854,-0.34964344,-0.38221407,0.2762624,-0.2662171,0.17497772,0.42068666,-0.26900226,-2.727719,-0.53017926,-0.09077659,-0.53290623,0.3097347,0.11616312,0.17306964,0.5255056,0.30826205,0.6890362,0.74165183,-0.33571,-1.2653908,-0.38162178,0.30558628,0.309179,0.30558628,0.309179,0.30558628,0.30558628,-0.044606086,-1.4239324,-0.16581084,0.053495873,-0.3237788,-0.9023514,-0.9630084,-0.0050261915,-0.88666934,-0.9332034,-0.7871633,-0.42252782,0.78430694,-0.7756481,0.32705867,1.2648259,-0.2054182,-0.7768363,0.5068608,-0.99721014,0.3788867,0.55807036,0.21214193,-0.39837107,0.7117688,-0.4703932,0.59297407,0.71850944,0.44450182,-0.04218695,-0.7782115,0.76806337,1.0109823,0.31901968,0.33371848,0.31341514,0.0,0.0,0.0,-1.0812367,-1.281421,-0.15651731,-1.0276952,-1.1005033,-1.457089,-0.3200581,0.65694505,0.4148983,0.0018295206,0.115710065,0.90604836,0.68557835,0.8370911,1.3948365
2025-12-31 11:00:00,0.6147702,-1.0273523,0.30558628,1.0030288,1.3557249,0.8153018,0.057573214,-1.015142,0.36602542,-1.3660254,-0.06028283,1.9002224,-0.29279897,-0.16673686,-0.16673686,-0.6979974,-0.2908696,-0.42030957,-0.26738998,-0.26738998,-1.0569836,-0.4529817,-0.5170121,-0.34086284,-0.34086284,-1.2880416,-0.59837115,-0.35111368,-0.21341594,-0.21341594,-0.85629874,-0.3602915,-0.53807634,-0.34862095,-0.34862095,-1.2819595,-0.19204375,0.13347597,-0.039987963,0.2251772,0.3221903,0.34406897,0.31338534,0.50548625,0.7969894,0.39154625,-0.49269375,-0.8143564,-0.31557742,0.22742942,0.0,0.6527231,1.7538035,14.288893,1.2355824,4.554002,17.387667,1.5508862,-2.9978542,-30.166853,-0.94540733,-1.1924585,-2.419998,-0.513537,-0.8963972,-1.3926883,-0.1765563,-0.6587841,-0.13037692,0.0617714,-0.55434346,-2.9150958,-1.1070788,-0.8006367,-1.0404097,-1.0770407,-0.65252364,-0.6140009,-0.92530787,-0.43462953,-0.15583976,-0.7151406,-0.78265375,-2.52591,-1.2186153,0.24057825,-0.18471934,0.746246,-0.28081742,-0.26014465,0.50266224,-0.20182401,0.0,-0.5091942,0.27983454,-0.25658745,1.1405021,-0.47425276,-1.317347,0.091423415,-0.16545904,-0.37972984,0.4233605,-0.16348566,0.17497772,0.6940416,-0.28473762,-2.708347,-0.86033666,-0.06749129,-0.5088638,0.333331,0.2494183,0.17740265,0.65116787,0.41891533,0.6890362,0.9733036,-0.32098153,-1.2435263,-0.6117703,0.30558628,0.309179,0.30558628,0.309179,0.30558628,0.30558628,0.031701297,-1.4499464,-0.044436418,0.079498954,-0.16561767,-0.7047584,-1.011006,0.011341038,-0.9630274,-0.949556,-0.8866805,-0.5468997,1.1351658,-0.7756481,0.78430694,1.5000935,0.32705867,-0.7768363,0.58733803,-1.0246142,0.50689226,0.58543473,0.37894055,-0.19002314,0.7886717,-0.48678076,0.71176803,0.7446372,0.5929735,0.11415669,-0.77647215,0.7915794,1.0273523,0.3187076,0.33355618,0.31341514,0.0,0.0,0.0,-0.8914185,-1.2827778,0.028446086,-1.126042,-1.1044323,-1.5470824,-0.09641591,0.62573254,0.843394,0.19996634,0.118323475,1.0935245,0.84196615,0.84200436,1.5645583
2025-12-31 12:00:00,0.5873177,-1.0109823,0.30558628,1.0030288,1.4309536,0.78867173,0.03154338,-1.015142,1.9584172e-16,-1.4142135,-0.06028283,1.9002224,-0.29279897,-0.16673686,-0.16673686,-0.6979974,-0.2908696,-0.42030957,-0.26738998,-0.26738998,-1.0569836,-0.4529817,-0.5170121,-0.34086284,-0.34086284,-1.2880416,-0.59837115,-0.35111368,-0.21341594,-0.21341594,-0.85629874,-0.3602915,-0.53807634,-0.34862095,-0.34862095,-1.2819595,-0.19204375,0.13347597,-0.039987963,0.2251772,0.3221903,0.34390143,0.31338534,0.50548625,0.7969894,0.39154625,-0.49269375,-0.8143743,-0.31557742,0.22742942,0.0,0.6527231,1.7538035,14.288893,1.2355824,4.554002,17.387667,1.5508862,-2.9978542,-30.166853,-0.94540733,-1.1924585,-2.419998,-0.513537,-0.7245267,-1.3940461,-0.07638311,-0.54375523,-0.13037692,0.27918592,-0.68465495,-2.923531,-1.4758396,-0.85393107,-1.0404097,-1.1987795,-0.7385495,-0.6179392,-0.984111,-0.43462953,-0.15583976,-0.7151406,-0.9520095,-2.4738932,-1.6320595,0.3186559,-0.31491253,0.8127329,0.023300873,-0.29118076,0.92623925,-0.20182401,0.0,0.4611746,0.507711,-0.30142656,0.6585602,-0.47425276,-1.317347,0.091423415,0.008961031,-0.37724558,0.52737457,-0.024936501,0.17497772,0.9487679,-0.42209187,-2.6897273,-1.2494377,-0.06749129,-0.5088638,0.333331,0.37332618,0.1817072,0.7422712,0.5041284,0.6890362,1.2021346,-0.3872046,-1.2229738,-0.9151921,0.30558628,0.30558628,0.30558628,0.309179,0.30558628,0.30558628,0.057728324,-1.440194,0.03186273,0.053495873,-0.04425636,-0.50716543,-1.027377,-0.083129674,-1.011028,-0.9332034,-0.96304274,-0.67127156,1.3557249,-0.7756481,1.1351658,1.5803388,0.78430694,-0.7768363,0.6147873,-0.96504015,0.5873599,0.55807036,0.50692964,0.018324785,0.81530195,-0.42204505,0.78867155,0.71850944,0.7117678,0.28035402,-0.7782115,0.76806337,1.0109823,0.3187076,0.33339387,0.31341514,0.0,0.0,0.0,-0.7060945,-1.2841346,0.15923496,-1.2138953,-1.1083612,-1.6107175,0.13511553,0.5934189,1.2870054,0.38759917,0.120936885,1.22609,0.987384,0.8468854,1.6876041
2025-12-31 13:00:00,0.5068312,-0.962988,0.30558628,1.0030288,1.3557249,0.7117697,-0.044772226,-1.015142,-0.36602542,-1.3660254,-0.06028283,1.9002224,-0.29279897,-0.16673686,-0.16673686,-0.6979974,-0.2908696,-0.42030957,-0.26738998,-0.26738998,-1.0569836,-0.4529817,-0.5170121,-0.34086284,-0.34086284,-1.2880416,-0.59837115,-0.35111368,-0.21341594,-0.21341594,-0.85629874,-0.3602915,-0.53807634,-0.34862095,-0.34862095,-1.2819595,-0.19204375,0.13347597,-0.039987963,0.2251772,0.3221903,0.34373385,0.31338534,0.50548625,0.7969894,0.39154625,-0.49269375,-0.8144287,-0.31557742,0.22742942,0.0,0.6527231,1.7538035,14.288893,1.2355824,4.554002,17.387667,1.5508862,-2.9978542,-30.166853,-0.94540733,-1.1924585,-2.419998,-0.513537,-0.57043177,-1.395404,-0.024529634,-0.36077073,-0.13037692,0.46588403,-0.930419,-2.9311142,-1.816901,-0.93871015,-1.0404097,-1.303319,-0.8156781,-0.6218775,-1.0145497,-0.43462953,-0.15583976,-0.7151406,-1.27141,-2.4281733,-2.0144477,0.3186559,-0.42214483,0.8127329,0.3170566,-0.32115933,1.2257534,-0.20182401,0.0,1.3654144,0.602215,-0.34323674,0.09057626,-0.47425276,-1.317347,0.091423415,0.1653418,-0.37476134,0.5812162,0.19546339,0.17497772,1.1675063,-0.68113834,-2.6731174,-1.6093115,-0.06749129,-0.5088638,0.333331,0.48426822,0.18592922,0.79016864,0.6440738,0.6890362,1.4090674,-0.54825914,-1.2055,-1.2110922,0.30558628,0.30558628,0.30558628,0.309179,0.30558628,0.30558628,0.031701297,-1.3639247,0.057886947,-0.022741314,0.032034546,-0.32303807,-1.011006,-0.13111596,-1.0274003,-0.88526005,-1.011046,-0.78716767,1.4309536,-0.7756481,1.3557249,1.5000935,1.1351658,-0.2054182,0.58733803,-0.88469535,0.61480594,0.47784215,0.5873869,0.21247414,0.7886717,-0.37219265,0.8153021,0.64306337,0.7886715,0.44452754,-0.78423566,0.69949347,0.962988,0.3187076,0.33323157,0.31341514,0.0,0.0,0.0,-0.53993756,-1.2854916,0.22693627,-1.2926624,-1.1122901,-1.6436574,0.35875773,0.5622063,1.600686,0.5558261,0.123550296,1.294711,1.1175853,0.8516728,1.7522951
2025-12-31 14:00:00,0.37879568,-0.88664013,0.30558628,1.0030288,1.1351658,0.592978,-0.16617283,-1.015142,-0.70710677,-1.2247449,-0.06028283,1.9002224,-0.29279897,-0.16673686,-0.16673686,-0.6979974,-0.2908696,-0.42030957,-0.26738998,-0.26738998,-1.0569836,-0.4529817,-0.5170121,-0.34086284,-0.34086284,-1.2880416,-0.59837115,-0.35111368,-0.21341594,-0.21341594,-0.85629874,-0.3602915,-0.53807634,-0.34862095,-0.34862095,-1.2819595,-0.19204375,0.13347597,-0.039987963,0.2251772,0.3221903,0.3435663,0.31338534,0.50548625,0.7969894,0.39154625,-0.49269375,-0.8145205,-0.31557742,0.22742942,0.0,0.6527231,1.7538035,14.288893,1.2355824,4.554002,17.387667,1.5508862,-2.9978542,-30.166853,-0.94540733,-1.1924585,-2.419998,-0.513537,-0.44461384,-1.3967618,-0.024529634,-0.122300714,-0.13037692,0.46588403,-1.2587427,-2.9373245,-1.816901,-1.0491964,-1.0404097,-1.303319,-0.8786534,-0.6258158,-1.0145497,-0.43462953,-0.15583976,-0.7151406,-1.6981066,-2.3916578,-2.0144477,0.3186559,-0.42214483,0.8127329,0.58043075,-0.3480374,1.3807933,-0.20182401,0.0,2.1419027,0.5608742,-0.37544775,-0.43474364,-0.47425276,-1.317347,0.091423415,0.29302615,-0.3722771,0.5812162,0.48269412,0.17497772,1.1675063,-1.0272064,-2.6596308,-1.6093115,-0.06749129,-0.5088638,0.333331,0.57468396,0.19002275,0.79016864,0.8347962,0.6890362,1.4090674,-0.78039116,-1.1923589,-1.2110922,0.30558628,0.30558628,0.30558628,0.309179,0.30558628,0.30558628,-0.044606086,-1.2425978,0.03186273,-0.14401716,0.058055952,-0.16492434,-0.9630084,-0.20745112,-1.011028,-0.8089931,-1.027419,-0.88668996,1.3557249,-0.7756481,1.4309536,1.2648259,1.3557249,0.32705867,0.5068608,-0.7568851,0.5873599,0.35021743,0.6148294,0.379194,0.7117688,-0.29032013,0.78867155,0.52653766,0.8153021,0.5929904,-0.79666084,0.5915983,0.88664013,0.3187076,0.33306926,0.31341514,0.0,0.0,0.0,-0.40427095,-1.2868484,0.22693627,-1.3569754,-1.1162192,-1.6436574,0.55926985,0.53422195,1.763059,0.6931829,0.1261637,1.294711,1.223697,0.85631454,1.7522951
2025-12-31 15:00:00,0.21193653,-0.78714156,0.30558628,1.0030288,0.78430694,0.4445096,-0.32438517,-1.015142,-1.0,-1.0,-0.06028283,1.9002224,-0.29279897,-0.16673686,-0.16673686,-0.6979974,-0.2908696,-0.42030957,-0.26738998,-0.26738998,-1.0569836,-0.4529817,-0.5170121,-0.34086284,-0.34086284,-1.2880416,-0.59837115,-0.35111368,-0.21341594,-0.21341594,-0.85629874,-0.3602915,-0.53807634,-0.34862095,-0.34862095,-1.2819595,-0.19204375,0.13347597,-0.039987963,0.2251772,0.3221903,0.34339872,0.31338534,0.50548625,0.7969894,0.39154625,-0.49269375,-0.81465197,-0.31557742,0.22742942,0.0,0.6527231,1.7538035,14.288893,1.2355824,4.554002,17.387667,1.5508862,-2.9978542,-30.166853,-0.94540733,-1.1924585,-2.419998,-0.513537,-0.35564712,-1.3981197,-0.07638311,0.15540351,-0.13037692,0.27918592,-1.6076899,-2.9417343,-1.4758396,-1.1778604,-1.0404097,-1.1987795,-0.9231837,-0.6297541,-0.984111,-0.43462953,-0.15583976,-0.7151406,-2.1516063,-2.366638,-1.6320595,0.3186559,-0.42214483,0.8127329,0.7954749,-0.36998326,1.3807933,-0.20182401,0.0,2.1419027,0.40323853,-0.39444646,-0.43474364,-0.47425276,-1.317347,0.091423415,0.3833126,-0.36979288,0.52737457,0.8171814,0.17497772,0.9487679,-1.3950126,-2.6501682,-1.2494377,-0.06749129,-0.5088638,0.333331,0.63849884,0.19395381,0.7422712,1.0692713,0.6890362,1.2021346,-1.0340033,-1.1841762,-0.9151921,0.30558628,0.30558628,0.30558628,0.309179,0.30558628,0.30558628,-0.1659936,-1.0844816,-0.044436418,-0.30206692,0.032034546,-0.043599404,-0.8866552,-0.30693305,-0.9630274,-0.70960015,-1.011046,-0.9630561,1.1351658,-0.7756481,1.3557249,0.8905694,1.4309536,0.78430694,0.37884,-0.59031963,0.50689226,0.1838937,0.5873869,0.50712264,0.59297585,-0.17874138,0.71176803,0.38093185,0.7886715,0.7117776,-0.81809163,0.4532502,0.78714156,0.3187076,0.33290696,0.31341514,0.0,0.0,0.0,-0.30834016,-1.2882053,0.15923496,-1.4024516,-1.1201481,-1.6107175,0.7229873,0.51137275,1.763059,0.79030883,0.12877712,1.22609,1.2985898,0.8607721,1.6876041
2025-12-31 16:00:00,0.017624937,-0.67127305,0.30558628,1.0030288,0.32705867,0.28032994,-0.50862736,-1.015142,-1.2247449,-0.70710677,-0.06028283,1.9002224,-0.29279897,-0.16673686,-0.16673686,-0.6979974,-0.2908696,-0.42030957,-0.26738998,-0.26738998,-1.0569836,-0.4529817,-0.5170121,-0.34086284,-0.34086284,-1.2880416,-0.59837115,-0.35111368,-0.21341594,-0.21341594,-0.85629874,-0.3602915,-0.53807634,-0.34862095,-0.34862095,-1.2819595,-0.19204375,0.13347597,-0.039987963,0.2251772,0.3221903,0.34323117,0.31338534,0.50548625,0.7969894,0.39154625,-0.49269375,-0.8148264,-0.31557742,0.22742942,0.0,0.6527231,1.7538035,14.288893,1.2355824,4.554002,17.387667,1.5508862,-2.9978542,-30.166853,-0.94540733,-1.1924585,-2.419998,-0.513537,-0.30959457,-1.3994775,-0.1765563,0.45341685,-0.13037692,0.0617714,-1.8600743,-2.9440393,-1.1070788,-1.3159338,-1.0404097,-1.0770407,-0.9462342,-0.63369244,-0.92530787,-0.43462953,-0.15583976,-0.7151406,-2.4796107,-2.3546944,-1.2186153,0.3186559,-0.42214483,0.8127329,0.947534,-0.3855013,1.2257534,-0.20182401,0.0,1.3654144,0.18157046,-0.40096396,0.09057626,-0.47425276,-1.317347,0.091423415,0.43004835,-0.36730865,0.4233605,1.1761304,0.17497772,0.6940416,-1.6610373,-2.6453614,-0.86033666,-0.06749129,-0.5088638,0.333331,0.6714868,0.19770266,0.65116787,1.3363917,0.6890362,0.9733036,-1.217295,-1.1809845,-0.6117703,0.30558628,0.30558628,0.30558628,0.309179,0.30558628,0.30558628,-0.32418892,-0.90035135,-0.16581084,-0.48611978,-0.04425636,0.03266864,-0.7871499,-0.42278218,-0.88666934,-0.59385455,-0.96304274,-1.0110618,0.78430694,-0.7756481,1.1351658,0.4028287,1.3557249,1.1351658,0.21200007,-0.39635003,0.3788867,-0.009794421,0.50692964,0.5875419,0.44450584,-0.041565876,0.59297407,0.2199604,0.7117678,0.78867674,-0.850519,0.29550713,0.67127305,0.3187076,0.33274466,0.31341514,0.0,0.0,0.0,-0.25868273,-1.2895621,0.028446086,-1.4259918,-1.124077,-1.5470824,0.83875304,0.49521598,1.600686,0.8405849,0.13139053,1.0935245,1.3373044,0.86502296,1.5645583
2025-12-31 17:00:00,-0.19089709,-0.54693085,0.30558628,1.0030288,-0.2054182,0.11412637,-0.7063436,-1.015142,-1.3660254,-0.36602542,-0.06028283,1.9002224,-0.29279897,-0.16673686,-0.16673686,-0.6979974,-0.2908696,-0.42030957,-0.26738998,-0.26738998,-1.0569836,-0.4529817,-0.5170121,-0.34086284,-0.34086284,-1.2880416,-0.59837115,-0.35111368,-0.21341594,-0.21341594,-0.85629874,-0.3602915,-0.53807634,-0.34862095,-0.34862095,-1.2819595,-0.19204375,0.13347597,-0.039987963,0.2251772,0.3221903,0.3430636,0.31338534,0.50548625,0.7969894,0.39154625,-0.49269375,-0.8150489,-0.31557742,0.22742942,0.0,0.6527231,1.7538035,14.288893,1.2355824,4.554002,17.387667,1.5508862,-2.9978542,-30.166853,-0.94540733,-1.1924585,-2.419998,-0.54037607,-0.30959457,-1.4008354,-0.3182226,0.45341685,-0.13037692,-0.17154314,-1.8600743,-2.9440823,-0.7941803,-1.3159338,-1.0404097,-0.9463989,-0.9462342,-0.6376307,-0.8421477,-0.43462953,-0.15583976,-0.69824505,-2.4796107,-2.3566413,-0.86780244,0.3186559,-0.42214483,0.8127329,1.0262456,-0.39353403,0.92623925,-0.20182401,0.0,0.4611746,-0.0021967336,-0.40012348,0.6585602,-0.47425276,-1.317347,0.065230854,0.43004835,-0.3648244,0.2762624,1.1761304,0.17497772,0.42068666,-1.6610373,-2.6455367,-0.53017926,-0.06749129,-0.5088638,0.3097347,0.6714868,0.201264,0.5255056,1.3363917,0.6890362,0.74165183,-1.217295,-1.182363,-0.38162178,0.30558628,0.30558628,0.30558628,0.309179,0.30558628,0.30558628,-0.5084112,-0.7027552,-0.32398906,-0.6836328,-0.16561767,0.05868225,-0.67127347,-0.54710364,-0.78715754,-0.46964428,-0.8866805,-1.0274357,0.32705867,-0.7756481,0.78430694,-0.16515736,1.1351658,1.3557249,0.017710866,-0.18819499,0.21206659,-0.21764736,0.37894055,0.61497146,0.28032443,0.1147081,0.44450277,0.05705453,0.5929735,0.81530577,-0.8942597,0.13042775,0.54693085,0.3187076,0.33258235,0.31341514,0.0,0.0,0.0,-0.25868273,-1.290919,-0.15651731,-1.4259918,-1.128006,-1.457089,0.89867777,0.4868526,1.2870054,0.8405849,0.13400394,0.90604836,1.3373044,0.86906123,1.3948365
2025-12-31 18:00:00,-0.3994191,-0.42258865,0.30558628,1.0030288,-0.7768363,-0.042223133,-0.90405977,-1.015142,-1.4142135,-1.844567e-16,-0.06028283,1.9002224,-0.29279897,-0.16673686,-0.16673686,-0.6979974,-0.2908696,-0.42030957,-0.26738998,-0.26738998,-1.0569836,-0.4529817,-0.5170121,-0.34086284,-0.34086284,-1.2880416,-0.59837115,-0.35111368,-0.21341594,-0.21341594,-0.85629874,-0.3602915,-0.53807634,-0.34862095,-0.34862095,-1.2819595,-0.19204375,0.13347597,-0.039987963,0.2251772,0.3221903,0.34289604,0.31338534,0.50548625,0.7969894,0.39154625,-0.49269375,-0.8153269,-0.31557742,0.22742942,0.0,0.6527231,1.7538035,14.288893,1.2355824,4.554002,17.387667,1.5508862,-2.9978542,-30.166853,-0.94540733,-1.1924585,-2.419998,-0.6190642,-0.35564712,-1.4021932,-0.4917277,0.15540351,-0.13037692,-0.40485767,-1.6076899,-2.9418628,-0.57003003,-1.1778604,-1.0404097,-0.8157571,-0.9231837,-0.641569,-0.7402977,-0.43462953,-0.15583976,-0.6487097,-2.1516063,-2.3724973,-0.6164915,0.3186559,-0.42214483,0.746246,1.0262456,-0.39353403,0.50266224,4.1550198,0.0,-0.5091942,-0.0021967336,-0.40012348,1.1405021,-0.47425276,-1.317347,-0.011561855,0.3833126,-0.36234018,0.09610476,0.8171814,0.17497772,0.14733167,-1.3950126,-2.6506944,-0.29366523,-0.06749129,-0.5088638,0.24159351,0.63849884,0.20464587,0.3765954,1.0692713,0.6890362,0.52373445,-1.0340033,-1.1876187,-0.25024,0.30558628,0.30558628,0.30558628,0.309179,0.30558628,0.30558628,-0.7061061,-0.50515914,-0.5081915,-0.88114583,-0.3237788,0.03266864,-0.54692274,-0.6714251,-0.6712736,-0.34543398,-0.7871633,-1.0110618,-0.2054182,-0.7756481,0.32705867,-0.7746815,0.78430694,1.4309536,-0.19078714,0.019960057,0.01780046,-0.4255003,0.21214193,0.5875419,0.11411909,0.2808314,0.28031996,-0.09614216,0.44450182,0.78867674,-0.94725764,-0.030140925,0.42258865,0.3187076,0.33242005,0.31341514,0.0,0.0,0.0,-0.30834016,-1.2922758,-0.3830503,-1.4024516,-1.1319349,-1.3468698,0.89867777,0.4868526,0.843394,0.79030883,0.13661735,0.6764381,1.2985898,0.872896,1.1937158
2025-12-31 19:00:00,-0.5937307,-0.30672017,0.30558628,1.0030288,-0.7768363,-0.17946494,-1.0883019,-1.015142,-1.3660254,0.36602542,-0.06028283,1.9002224,-0.29279897,-0.16673686,-0.16673686,-0.6979974,-0.2908696,-0.42030957,-0.26738998,-0.26738998,-1.0569836,-0.4529817,-0.5170121,-0.34086284,-0.34086284,-1.2880416,-0.59837115,-0.35111368,-0.21341594,-0.21341594,-0.85629874,-0.3602915,-0.53807634,-0.34862095,-0.34862095,-1.2819595,-0.19204375,0.13347597,-0.039987963,0.2251772,0.3221903,0.34272847,0.31338534,0.50548625,0.7969894,0.39154625,-0.49269375,-0.81567264,-0.31557742,0.22742942,0.0,0.6527231,1.7538035,14.288893,1.2355824,4.554002,17.387667,1.5508862,-2.9978542,-30.166853,-0.94540733,-1.1924585,-2.419998,-0.74423903,-0.44461384,-1.4035511,-0.6852475,-0.122300714,-0.13037692,-0.6222722,-1.2587427,-2.9375384,-0.45340514,-1.0491964,-1.0404097,-0.6940183,-0.8786534,-0.64550734,-0.6266988,-0.43462953,-0.15583976,-0.56991047,-1.6981066,-2.4014847,-0.48573503,0.3186559,-0.42214483,0.5513163,0.947534,-0.39353403,0.093518265,-0.20182401,0.0,-0.5091942,0.18157046,-0.40012348,1.0969752,-0.47425276,-1.317347,-0.13372141,0.29302615,-0.35985592,-0.104834974,0.48269412,0.17497772,-0.107394606,-1.0272064,-2.660509,-0.17060752,-0.06749129,-0.5088638,0.1363348,0.57468396,0.2078675,0.21687134,0.8347962,0.6890362,0.33244905,-0.78039116,-1.1959529,-0.22206834,0.30558628,0.30558628,0.30558628,0.309179,0.30558628,0.30558628,-0.903801,-0.32102886,-0.7058651,-1.0651987,-0.50796133,-0.043599404,-0.42257202,-0.78727424,-0.5469148,-0.2296884,-0.6712732,-0.9630561,-0.7768363,-0.20407672,-0.2054182,-0.7746815,0.32705867,1.3557249,-0.39928514,0.21392967,-0.19067277,-0.6191884,0.017900845,0.50712264,-0.042232085,0.44493175,0.11411317,-0.23057173,0.28031856,0.7117776,-1.0049763,-0.17558359,0.30672017,0.3187076,0.33225775,0.31341514,0.0,0.0,0.0,-0.40427095,-1.2936327,-0.635715,-1.3569754,-1.1358638,-1.2239364,0.83875304,0.4868526,0.4148983,0.6931829,0.13923076,0.42034104,1.223697,0.87654907,0.9779896
2025-12-31 20:00:00,-0.76058984,-0.20722163,0.30558628,1.0030288,-0.7768363,-0.2910976,-1.2465143,-1.015142,-1.2247449,0.70710677,-0.06028283,1.9002224,-0.29279897,-0.16673686,-0.16673686,-0.6979974,-0.2908696,-0.42030957,-0.26738998,-0.26738998,-1.0569836,-0.4529817,-0.5170121,-0.34086284,-0.34086284,-1.2880416,-0.59837115,-0.35111368,-0.21341594,-0.21341594,-0.85629874,-0.3602915,-0.53807634,-0.34862095,-0.34862095,-1.2819595,-0.19204375,0.13347597,-0.039987963,0.2251772,0.3221903,0.34256092,0.31338534,0.50548625,0.7969894,0.39154625,-0.49269375,-0.81610644,-0.31557742,0.22742942,0.0,0.6527231,1.7538035,14.288893,1.2355824,4.554002,17.387667,1.5508862,-2.9978542,-30.166853,-0.94540733,-1.1924585,-2.419998,-0.90737003,-0.57043177,-1.4049089,-0.8855939,-0.36077073,-0.13037692,-0.8089703,-0.930419,-2.9314132,-0.45340514,-0.93871015,-1.0404097,-0.58947885,-0.8156781,-0.64944565,-0.5090925,-0.43462953,-0.15583976,-0.46721724,-1.27141,-2.4420552,-0.48573503,0.3186559,-0.42214483,0.24122797,0.7954749,-0.39353403,-0.27331018,-0.20182401,0.0,-0.5091942,0.40323853,-0.40012348,0.73419404,-0.47425276,-1.317347,-0.29292285,0.1653418,-0.3573717,-0.31286308,0.19546339,0.17497772,-0.32613304,-0.68113834,-2.67435,-0.17060752,-0.06749129,-0.5088638,0.0047801933,0.48426822,0.21095672,0.058430277,0.6440738,0.6890362,0.17685728,-0.54825914,-1.20658,-0.28812635,0.30558628,0.30558628,0.30558628,0.309179,0.30558628,0.30558628,-1.0880233,-0.16291259,-0.90353864,-1.2232485,-0.70561355,-0.16492434,-0.3066956,-0.8867562,-0.42255607,-0.13029544,-0.54690766,-0.88668996,-0.7768363,0.32854304,-0.7768363,-0.7746815,-0.2054182,1.1351658,-0.59357435,0.38049516,-0.39914602,-0.78551215,-0.19054553,0.379194,-0.17947535,0.5933284,-0.042239357,-0.33988303,0.11411133,0.5929904,-1.0609556,-0.29718354,0.20722163,0.3187076,0.33209544,0.31341514,0.0,0.0,0.0,-0.53993756,-1.2949896,-0.89729273,-1.2926624,-1.1397927,-1.0966663,0.7229873,0.4868526,0.030719588,0.5558261,0.14184415,0.1552099,1.1175853,0.88005203,0.7639963
2025-12-31 21:00:00,-0.8886254,-0.13087372,0.30558628,1.0030288,-0.7768363,-0.3730097,-1.3679149,-1.015142,-1.0,1.0,-0.06028283,1.9002224,-0.29279897,-0.16673686,-0.16673686,-0.6979974,-0.2908696,-0.42030957,-0.26738998,-0.26738998,-1.0569836,-0.4529817,-0.5170121,-0.34086284,-0.34086284,-1.2880416,-0.59837115,-0.35111368,-0.21341594,-0.21341594,-0.85629874,-0.3602915,-0.53807634,-0.34862095,-0.34862095,-1.2819595,-0.19204375,0.13347597,-0.039987963,0.2251772,0.3221903,0.34239334,0.31338534,0.50548625,0.7969894,0.39154625,-0.49269375,-0.81666815,-0.31557742,0.22742942,0.0,0.6527231,1.7538035,14.288893,1.2355824,4.554002,17.387667,1.5508862,-2.9978542,-30.166853,-0.94540733,-1.1924585,-2.419998,-1.0973401,-0.7245267,-1.4062668,-1.0791137,-0.54375523,-0.13037692,-0.9522288,-0.68465495,-2.9239147,-0.57003003,-0.85393107,-1.0404097,-0.5092629,-0.7385495,-0.6533839,-0.3954936,-0.43462953,-0.15583976,-0.34762847,-0.9520095,-2.4919436,-0.6164915,0.3186559,-0.42214483,-0.16288704,0.58043075,-0.39353403,-0.57282436,-0.20182401,0.0,-0.5091942,0.5608742,-0.40012348,0.17906858,-0.47425276,-1.317347,-0.47831684,0.008961031,-0.35488746,-0.5138028,-0.024936501,0.17497772,-0.49397692,-0.42209187,-2.6913168,-0.29366523,-0.06749129,-0.5088638,-0.1406958,0.37332618,0.21394753,-0.08808278,0.5041284,0.6890362,0.06268951,-0.3872046,-1.2187903,-0.43138254,0.30558628,0.30558628,0.30558628,0.309179,0.30558628,0.30558628,-1.2462187,-0.041585736,-1.087741,-1.3445243,-0.9032658,-0.32303807,-0.20719026,-0.9630913,-0.30667213,-0.054028522,-0.42254215,-0.78716767,-0.7768363,0.785914,-0.7768363,-0.7746815,-0.7768363,0.78430694,-0.7604143,0.5083054,-0.59341216,-0.9131369,-0.39899188,0.21247414,-0.2911092,0.7120627,-0.1794838,-0.42007077,-0.04224161,0.44452754,-1.1079293,-0.3883936,0.13087372,0.3187076,0.33193314,0.31341514,0.0,0.0,0.0,-0.7060945,-1.2963464,-1.1499574,-1.2138953,-1.1437217,-0.9737329,0.55926985,0.4868526,-0.282961,0.38759917,0.14445756,-0.10088711,0.987384,0.88344336,0.5661132
2025-12-31 22:00:00,-0.96911186,-0.08287942,0.30558628,1.0030288,-0.7768363,-0.4228862,-1.4442306,-1.015142,-0.70710677,1.2247449,-0.06028283,1.9002224,-0.29279897,-0.16673686,-0.16673686,-0.6979974,-0.2908696,-0.42030957,-0.26738998,-0.26738998,-1.0569836,-0.4529817,-0.5170121,-0.34086284,-0.34086284,-1.2880416,-0.59837115,-0.35111368,-0.21341594,-0.21341594,-0.85629874,-0.3602915,-0.53807634,-0.34862095,-0.34862095,-1.2819595,-0.19204375,0.13347597,-0.039987963,0.2251772,0.3221903,0.3422258,0.31338534,0.50548625,0.7969894,0.39154625,-0.49269375,-0.81745964,-0.31557742,0.22742942,0.0,0.6527231,1.7538035,14.288893,1.2355824,4.554002,17.387667,1.5508862,-2.9978542,-30.166853,-0.94540733,-1.1924585,-2.419998,-1.301203,-0.8963972,-1.4076246,-1.2526188,-0.6587841,-0.13037692,-1.0422848,-0.55434346,-2.915564,-0.7941803,-0.8006367,-1.0404097,-0.45883703,-0.65252364,-0.6573222,-0.2936436,-0.43462953,-0.15583976,-0.21929389,-0.78265375,-2.5482585,-0.86780244,0.3186559,-0.42214483,-0.6334889,0.3170566,-0.39353403,-0.78461283,-0.20182401,0.0,-0.5091942,0.602215,-0.40012348,-0.44734943,-0.47425276,-1.317347,-0.6772691,-0.16545904,-0.35240322,-0.6939605,-0.16348566,0.17497772,-0.599488,-0.28473762,-2.710296,-0.53017926,-0.06749129,-0.5088638,-0.28796515,0.2494183,0.21687786,-0.21411082,0.41891533,0.6890362,-0.0068275146,-0.32098153,-1.2319604,-0.6314878,0.30558628,0.30558628,0.30558628,0.309179,0.30558628,0.30558628,-1.3676062,0.034683518,-1.2459193,-1.4207615,-1.0874484,-0.50716543,-0.13083713,-1.0110776,-0.20716035,-0.0060851355,-0.30665195,-0.67127156,-0.7768363,1.136867,-0.7768363,-0.7746815,-0.7768363,0.32705867,-0.88843507,0.5886502,-0.76023227,-0.9933651,-0.593233,0.018324785,-0.3730222,0.7889276,-0.29111862,-0.46888798,-0.17948642,0.28035402,-1.1392449,-0.44478923,0.08287942,0.3187076,0.33177084,0.31341514,0.0,0.0,0.0,-0.8914185,-1.2977033,-1.3764905,-1.126042,-1.1476506,-0.86351377,0.35875773,0.4868526,-0.5047667,0.19996634,0.14707097,-0.3304974,0.84196615,0.88676614,0.39589748
2025-12-31 23:00:00,-0.9965643,-0.066509455,0.30558628,1.0030288,-0.7768363,-0.4396183,-1.4702604,-1.015142,-0.36602542,1.3660254,-0.06028283,1.9002224,-0.29279897,-0.16673686,-0.16673686,-0.6979974,-0.2908696,-0.42030957,-0.26738998,-0.26738998,-1.0569836,-0.4529817,-0.5170121,-0.34086284,-0.34086284,-1.2880416,-0.59837115,-0.35111368,-0.21341594,-0.21341594,-0.85629874,-0.3602915,-0.53807634,-0.34862095,-0.34862095,-1.2819595,-0.19204375,0.13347597,-0.043451365,0.2251772,0.3221903,0.3420582,0.31338534,0.50548625,0.7969894,0.39154625,-0.49269375,-0.8195255,-0.31557742,0.22742942,0.0,0.6527231,1.7538035,14.288893,1.2355824,4.554002,17.387667,1.5508862,-2.9978542,-30.166853,-0.94540733,-1.2235961,-2.419998,-1.505066,-1.0743307,-1.4089825,-1.3942851,-0.6980183,-0.16426414,-1.0730013,-0.55434346,-2.9069388,-1.1070788,-0.782459,-1.1323034,-0.44163772,-0.5634631,-0.66126055,-0.21048342,-0.41660878,-0.15583976,-0.090959325,-0.78265375,-2.6076126,-1.2186153,0.3186559,-0.42214483,-1.1385069,0.023300873,-0.39353403,-0.89424264,-0.20182401,0.0,-0.5091942,0.507711,-0.40012348,-1.0802218,-0.5041568,-1.317347,-0.87622136,-0.346032,-0.349919,-0.84105855,-0.2107422,0.24095032,-0.6354759,-0.28473762,-2.73003,-0.86033666,-0.09077659,-0.5088638,-0.426503,0.12107572,0.21978778,-0.31335106,0.39032882,0.7820458,-0.030148456,-0.35638285,-1.2455297,-0.86787736,0.30558628,0.30558628,0.30558628,0.309179,0.30558628,0.30558628,-1.4439136,0.06069754,-1.3672937,-1.4467646,-1.2456094,-0.7047584,-0.08283953,-1.0274448,-0.13080227,0.010267461,-0.20713478,-0.5468997,-0.7768363,1.3574854,-0.7768363,-0.7746815,-0.7768363,-0.2054182,-0.9689123,0.61605436,-0.88823783,-1.0207294,-0.7600316,-0.19002314,-0.42289922,0.8155448,-0.3730323,-0.4852631,-0.29112154,0.11415669,-1.1502415,-0.4638576,0.066509455,0.3187076,0.33160853,0.31341514,0.0,0.0,0.0,-1.0832801,-1.2990601,-1.5614538,-1.0350896,-1.1515795,-0.77352023,0.13511553,0.4868526,-0.61958176,0.005714556,0.14968438,-0.5179734,0.6913437,0.8900657,0.2618618
