datetime,temp,humidity,air_velocity,co2,solar_radiation,vpd,dew_point,day_night_flag,hour_sin,hour_cos,month_sin,month_cos,cond_early_blight,cond_late_blight,cond_leaf_mold,cond_powdery_mildew,cond_spider_mites,exposure_count_12h_early_blight,exposure_count_12h_late_blight,exposure_count_12h_leaf_mold,exposure_count_12h_powdery_mildew,exposure_count_12h_spider_mites,exposure_count_24h_early_blight,exposure_count_24h_late_blight,exposure_count_24h_leaf_mold,exposure_count_24h_powdery_mildew,exposure_count_24h_spider_mites,exposure_count_6h_early_blight,exposure_count_6h_late_blight,exposure_count_6h_leaf_mold,exposure_count_6h_powdery_mildew,exposure_count_6h_spider_mites,night_exposure_24h_early_blight,night_exposure_24h_late_blight,night_exposure_24h_leaf_mold,night_exposure_24h_powdery_mildew,night_exposure_24h_spider_mites,air_velocity_max_12h,air_velocity_max_24h,air_velocity_max_6h,air_velocity_mean_12h,air_velocity_mean_24h,air_velocity_mean_6h,air_velocity_min_12h,air_velocity_min_24h,air_velocity_min_6h,air_velocity_std_12h,air_velocity_std_24h,air_velocity_std_6h,co2_max_12h,co2_max_24h,co2_max_6h,co2_mean_12h,co2_mean_24h,co2_mean_6h,co2_min_12h,co2_min_24h,co2_min_6h,co2_std_12h,co2_std_24h,co2_std_6h,dew_point_max_12h,dew_point_max_24h,dew_point_max_6h,dew_point_mean_12h,dew_point_mean_24h,dew_point_mean_6h,dew_point_min_12h,dew_point_min_24h,dew_point_min_6h,dew_point_std_12h,dew_point_std_24h,dew_point_std_6h,humidity_max_12h,humidity_max_24h,humidity_max_6h,humidity_mean_12h,humidity_mean_24h,humidity_mean_6h,humidity_min_12h,humidity_min_24h,humidity_min_6h,humidity_std_12h,humidity_std_24h,humidity_std_6h,solar_radiation_max_12h,solar_radiation_max_24h,solar_radiation_max_6h,solar_radiation_mean_12h,solar_radiation_mean_24h,solar_radiation_mean_6h,solar_radiation_min_12h,solar_radiation_min_24h,solar_radiation_min_6h,solar_radiation_std_12h,solar_radiation_std_24h,solar_radiation_std_6h,temp_max_12h,temp_max_24h,temp_max_6h,temp_mean_12h,temp_mean_24h,temp_mean_6h,temp_min_12h,temp_min_24h,temp_min_6h,temp_std_12h,temp_std_24h,temp_std_6h,vpd_max_12h,vpd_max_24h,vpd_max_6h,vpd_mean_12h,vpd_mean_24h,vpd_mean_6h,vpd_min_12h,vpd_min_24h,vpd_min_6h,vpd_std_12h,vpd_std_24h,vpd_std_6h,air_velocity_lag1,air_velocity_lag12,air_velocity_lag2,air_velocity_lag24,air_velocity_lag3,air_velocity_lag6,dew_point_lag1,dew_point_lag12,dew_point_lag2,dew_point_lag24,dew_point_lag3,dew_point_lag6,humidity_lag1,humidity_lag12,humidity_lag2,humidity_lag24,humidity_lag3,humidity_lag6,solar_radiation_lag1,solar_radiation_lag12,solar_radiation_lag2,solar_radiation_lag24,solar_radiation_lag3,solar_radiation_lag6,temp_lag1,temp_lag12,temp_lag2,temp_lag24,temp_lag3,temp_lag6,vpd_lag1,vpd_lag12,vpd_lag2,vpd_lag24,vpd_lag3,vpd_lag6,temp_x_rh,vpd_x_rh,dewpoint_spread,air_velocity_night_mean_12h,air_velocity_night_mean_24h,air_velocity_night_mean_6h,co2_night_mean_12h,co2_night_mean_24h,co2_night_mean_6h,dew_point_night_mean_12h,dew_point_night_mean_24h,dew_point_night_mean_6h,humidity_night_mean_12h,humidity_night_mean_24h,humidity_night_mean_6h,solar_radiation_night_mean_12h,solar_radiation_night_mean_24h,solar_radiation_night_mean_6h,temp_night_mean_12h,temp_night_mean_24h,temp_night_mean_6h,vpd_night_mean_12h,vpd_night_mean_24h,vpd_night_mean_6h
2024-01-01 00:00:00,-1.6316389,1.335805,-0.4055843,1.0030288,-0.7768363,-1.2241887,-1.2585987,-1.015142,2.2650515e-17,1.4142135,0.60100204,1.6859323,-0.29279897,-0.16673686,-0.16673686,1.4326701,-0.2908696,-0.42030957,-0.26738998,-0.26738998,-0.7876884,-0.4529817,-0.5170121,-0.34086284,-0.34086284,-1.1236997,-0.59837115,-0.35111368,-0.21341594,-0.21341594,-0.42046878,-0.3602915,-0.53807634,-0.34862095,-0.34862095,-1.028989,-0.19204375,-0.55498284,-0.7290221,-0.47303668,-0.42762175,-0.45399112,-0.4159355,-0.25405747,-0.066703565,-0.33774647,-0.49269378,-0.8195255,-0.31557742,0.22742942,0.0,0.6527231,1.7538035,14.288893,1.2355824,4.554002,17.387667,1.5508862,-2.9978542,-30.166853,-0.94540733,-2.7669027,-4.574223,-1.8706272,-1.7571601,-2.5150425,-1.399906,-0.37898535,0.27654698,-0.8232305,-2.9234736,-7.8120985,-2.2359746,0.7747143,0.51733315,1.0317228,1.4861358,1.6168088,1.3874958,2.166835,2.5935702,1.7238926,-3.8616283,-6.700839,-2.484301,-1.9727471,-4.005595,-1.1385069,-1.2837622,-3.951586,-0.89424264,-0.20182401,0.0,-0.5091942,-1.8071642,-3.9635684,-1.0802218,-2.9212768,-4.4587955,-2.0518906,-2.193213,-3.0153937,-1.7871461,-1.3039572,-1.0591372,-1.4680057,-2.7819085,-8.548795,-2.0515003,-1.8508228,-2.3501816,-1.4738168,-1.5024183,-1.7795495,-1.3163966,-0.95009565,-0.73711187,-1.1236699,-2.1198907,-3.4267895,-1.5932817,-0.4055843,-0.4055843,-0.4055843,-0.4055843,-0.4055843,-0.4055843,-1.2583017,-1.2546749,-1.2580011,-1.2515751,-1.25769,-1.2566694,1.335942,1.3353179,1.3360718,1.3330606,1.3361808,1.3362854,-0.7768363,-0.7756481,-0.7768363,-0.7746815,-0.7768363,-0.7768363,-1.631363,-1.6264012,-1.6310775,-1.6216431,-1.6307646,-1.629562,-1.2242103,-1.2229605,-1.2242278,-1.2208843,-1.2242332,-1.2241082,-0.22245483,-1.4003044,-1.335805,-0.42259786,-0.43944895,-0.4157698,0.0,0.0,0.0,-1.8195593,-2.404309,-1.5687928,1.0580482,1.1210713,0.95576644,-0.85997814,-3.217655,-0.61958176,-1.9813948,-2.6543875,-1.7237589,-1.2139834,-1.3770229,-1.0928693
2024-01-01 01:00:00,-1.5511523,1.2878107,-0.4055843,1.0030288,-0.7768363,-1.1914804,-1.1822832,-1.015142,0.36602542,1.3660254,0.60100204,1.6859323,-0.29279897,-0.16673686,-0.16673686,1.4326701,-0.2908696,-0.42030957,-0.26738998,-0.26738998,-0.5183932,-0.4529817,-0.5170121,-0.34086284,-0.34086284,-0.9593576,-0.59837115,-0.35111368,-0.21341594,-0.21341594,0.0153612215,-0.3602915,-0.53807634,-0.34862095,-0.34862095,-0.7760183,-0.19204375,-0.55498284,-0.7290221,-0.47303668,-0.42762175,-0.45399112,-0.4159355,-0.25405747,-0.066703565,-0.33774647,-0.49269378,-0.8195255,-0.31557742,0.22742942,0.0,0.6527231,1.7538035,14.288893,1.2355824,4.554002,17.387667,1.5508862,-2.9978542,-30.166853,-0.94540733,-2.6756117,-4.4493146,-1.791939,-1.7038331,-2.4386199,-1.3574486,-0.37898535,0.27654698,-0.8232305,-2.6952825,-7.3323884,-1.9612759,0.7747143,0.51733315,1.0317228,1.4594443,1.5877727,1.3625726,2.114001,2.5377314,1.6743573,-3.5650659,-6.300534,-2.1763167,-1.9727471,-4.005595,-1.1385069,-1.2837622,-3.951586,-0.89424264,-0.20182401,0.0,-0.5091942,-1.8071642,-3.9635684,-1.0802218,-2.8336024,-4.346241,-1.9750978,-2.1390948,-2.9409409,-1.7430606,-1.3039572,-1.0591372,-1.4680057,-2.5413847,-7.979737,-1.7616497,-1.8222227,-2.3206515,-1.4448347,-1.4823475,-1.7557721,-1.298811,-0.95009565,-0.73711187,-1.1236699,-2.0303533,-3.315465,-1.4852257,-0.4055843,-0.4055843,-0.4055843,-0.4055843,-0.4055843,-0.4055843,-1.2583017,-1.2546749,-1.2580011,-1.2515751,-1.25769,-1.2566694,1.335942,1.3353179,1.3360718,1.3330606,1.3361808,1.3362854,-0.7768363,-0.7756481,-0.7768363,-0.7746815,-0.7768363,-0.7768363,-1.631363,-1.6264012,-1.6310775,-1.6216431,-1.6307646,-1.629562,-1.2242103,-1.2229605,-1.2242278,-1.2208843,-1.2242332,-1.2241082,-0.16507883,-1.350052,-1.2878107,-0.42259786,-0.43944895,-0.4157698,0.0,0.0,0.0,-1.7620581,-2.3279424,-1.5133591,1.0307896,1.0921044,0.9287952,-0.85997814,-3.217655,-0.61958176,-1.9231774,-2.5760632,-1.6675721,-1.1904285,-1.3500613,-1.0691178
2024-01-01 02:00:00,-1.8259505,0.7694751,-0.4055843,-0.78274095,-0.7768363,-1.0218414,-1.9852219,0.98508394,0.70710677,1.2247449,0.60100204,1.6859323,-0.29279897,-0.16673686,-0.16673686,1.4326701,-0.2908696,-0.42030957,-0.26738998,-0.26738998,-0.24909803,-0.4529817,-0.5170121,-0.34086284,-0.34086284,-0.79501563,-0.59837115,-0.35111368,-0.21341594,-0.21341594,0.45119122,-0.3602915,-0.53807634,-0.34862095,-0.34862095,-0.7760183,-0.19204375,-0.55498284,-0.7290221,-0.47303668,-0.42762175,-0.45399112,-0.4159355,-0.25405747,-0.066703565,-0.33774647,-0.49269378,-0.8195255,-0.31557742,0.22742942,0.0,0.6527231,0.71355647,5.8150725,0.502392,0.58764994,3.8061538,-0.32157555,0.80605286,0.37468874,1.272988,-2.6756117,-4.4493146,-1.791939,-2.0601025,-2.9491892,-1.6411016,-1.4742085,-1.2367343,-1.6806803,-1.0493737,-3.872314,0.020083375,0.7747143,0.51733315,1.0317228,1.258369,1.3690358,1.1748188,1.5433949,1.934675,1.139379,-1.1174111,-2.996646,0.36560705,-1.9727471,-4.005595,-1.1385069,-1.2837622,-3.951586,-0.89424264,-0.20182401,0.0,-0.5091942,-1.8071642,-3.9635684,-1.0802218,-2.8336024,-4.346241,-1.9750978,-2.2442358,-3.0855885,-1.8287103,-1.6384445,-1.4569206,-1.722732,-2.1848586,-7.1362286,-1.3320074,-1.6738902,-2.1674957,-1.2945212,-1.4062603,-1.6656334,-1.2321448,-0.95009565,-0.73711187,-1.1236699,-1.6993794,-2.9039557,-1.085798,-0.4055843,-0.4055843,-0.4055843,-0.4055843,-0.4055843,-0.4055843,-1.1819944,-1.2546749,-1.2580011,-1.2515751,-1.25769,-1.2566694,1.2879444,1.3353179,1.3360718,1.3330606,1.3361808,1.3362854,-0.7768363,-0.7756481,-0.7768363,-0.7746815,-0.7768363,-0.7768363,-1.5508858,-1.6264012,-1.6310775,-1.6216431,-1.6307646,-1.629562,-1.1915016,-1.2229605,-1.2242278,-1.2208843,-1.2242332,-1.2241082,-1.1607145,-1.151519,-0.7694751,-0.42259786,-0.43944895,-0.4157698,0.0,0.0,0.0,-1.7620581,-2.3279424,-1.5133591,1.0307896,1.0921044,0.9287952,-0.85997814,-3.217655,-0.61958176,-1.9231774,-2.5760632,-1.6675721,-1.1904285,-1.3500613,-1.0691178
2024-01-01 03:00:00,-1.6590914,0.6699766,-0.4055843,-0.78274095,-0.7768363,-0.9470478,-1.8270094,0.98508394,1.0,1.0,0.60100204,1.6859323,-0.29279897,-0.16673686,-0.16673686,1.4326701,-0.2908696,-0.42030957,-0.26738998,-0.26738998,0.020197138,-0.4529817,-0.5170121,-0.34086284,-0.34086284,-0.63067365,-0.59837115,-0.35111368,-0.21341594,-0.21341594,0.8870212,-0.3602915,-0.53807634,-0.34862095,-0.34862095,-0.7760183,-0.19204375,-0.55498284,-0.7290221,-0.47303668,-0.42762175,-0.45399112,-0.4159355,-0.25405747,-0.066703565,-0.33774647,-0.49269378,-0.8195255,-0.31557742,0.22742942,0.0,0.6527231,0.19343296,1.578162,0.1357968,0.58764994,3.8061538,-0.32157555,0.80605286,0.37468874,1.272988,-2.6756117,-4.4493146,-1.791939,-2.1829605,-3.1252565,-1.7389181,-1.4742085,-1.2367343,-1.6806803,-1.2222191,-4.2356744,-0.18798943,0.7747143,0.51733315,1.0317228,1.1301638,1.2295696,1.0551072,1.4338627,1.8189137,1.0366858,-0.848554,-2.6337376,0.644819,-1.9727471,-4.005595,-1.1385069,-1.2837622,-3.951586,-0.89424264,-0.20182401,0.0,-0.5091942,-1.8071642,-3.9635684,-1.0802218,-2.8336024,-4.346241,-1.9750978,-2.2407093,-3.080737,-1.8258376,-1.6384445,-1.4569206,-1.722732,-2.2939155,-7.3942475,-1.4634298,-1.6084907,-2.0999699,-1.2282482,-1.345269,-1.5933783,-1.1787053,-0.95009565,-0.73711187,-1.1236699,-1.6041869,-2.7856002,-0.9709173,-0.4055843,-0.4055843,-0.4055843,-0.4055843,-0.4055843,-0.4055843,-1.9848466,-1.2546749,-1.181702,-1.2515751,-1.25769,-1.2566694,0.76957333,1.3353179,1.2880712,1.3330606,1.3361808,1.3362854,-0.7768363,-0.7756481,-0.7768363,-0.7746815,-0.7768363,-0.7768363,-1.8256522,-1.6264012,-1.5506098,-1.6216431,-1.6307646,-1.629562,-1.0218608,-1.2229605,-1.1915188,-1.2208843,-1.2242332,-1.2241082,-1.0567187,-1.0496327,-0.6699766,-0.42259786,-0.43944895,-0.4157698,0.0,0.0,0.0,-1.7620581,-2.3279424,-1.5133591,1.0307896,1.0921044,0.9287952,-0.85997814,-3.217655,-0.61958176,-1.9231774,-2.5760632,-1.6675721,-1.1904285,-1.3500613,-1.0691178
2024-01-01 04:00:00,-1.4647797,0.5541081,-0.4055843,-0.78274095,-0.7768363,-0.85459363,-1.6427673,0.98508394,1.2247449,0.70710677,0.60100204,1.6859323,-0.29279897,-0.16673686,-0.16673686,1.4326701,-0.2908696,-0.42030957,-0.26738998,-0.26738998,0.2894923,-0.4529817,-0.5170121,-0.34086284,-0.34086284,-0.46633166,-0.59837115,-0.35111368,-0.21341594,-0.21341594,1.3228512,-0.3602915,-0.53807634,-0.34862095,-0.34862095,-0.7760183,-0.19204375,-0.55498284,-0.7290221,-0.47303668,-0.42762175,-0.45399112,-0.4159355,-0.25405747,-0.066703565,-0.33774647,-0.49269378,-0.8195255,-0.31557742,0.22742942,0.0,0.6527231,-0.11864115,-0.96398425,-0.08416029,0.58764994,3.8061538,-0.32157555,0.6108489,-1.1926024,1.1591473,-2.6756117,-4.4493146,-1.791939,-2.2051783,-3.1570969,-1.7566073,-1.4742085,-1.2367343,-1.6806803,-1.4424952,-4.698745,-0.45315978,0.7747143,0.51733315,1.0317228,1.027465,1.1178502,0.95921236,1.3063097,1.6841067,0.91709703,-0.6892484,-2.418704,0.8102602,-1.9727471,-4.005595,-1.1385069,-1.2837622,-3.951586,-0.89424264,-0.20182401,0.0,-0.5091942,-1.8071642,-3.9635684,-1.0802218,-2.7395163,-4.225455,-1.8926891,-2.1863327,-3.005928,-1.7815413,-1.6384445,-1.4569206,-1.722732,-2.212155,-7.20081,-1.364902,-1.5276487,-2.0164993,-1.1463267,-1.285981,-1.5231414,-1.1267585,-0.95009565,-0.73711187,-1.1236699,-1.5080506,-2.666071,-0.85489756,-0.4055843,-0.4055843,-0.4055843,-0.4055843,-0.4055843,-0.4055843,-1.8266513,-1.2546749,-1.9844675,-1.2515751,-1.1813991,-1.2566694,0.67006797,1.3353179,0.7696665,1.3330606,1.2881775,1.3362854,-0.7768363,-0.7756481,-0.7768363,-0.7746815,-0.7768363,-0.7768363,-1.6588123,-1.6264012,-1.8253436,-1.6216431,-1.5503073,-1.629562,-0.9470664,-1.2229605,-1.0218766,-1.2208843,-1.1915241,-1.2241082,-0.94308376,-0.92657745,-0.5541081,-0.42259786,-0.43944895,-0.4157698,0.0,0.0,0.0,-1.7620581,-2.3279424,-1.5133591,1.0307896,1.0921044,0.9287952,-0.85997814,-3.217655,-0.61958176,-1.9231774,-2.5760632,-1.6675721,-1.1904285,-1.3500613,-1.0691178
2024-01-01 05:00:00,-1.2562578,0.42976585,-0.4055843,-0.78274095,-0.7768363,-0.74864995,-1.4450511,0.98508394,1.3660254,0.36602542,0.60100204,1.6859323,-0.29279897,-0.16673686,-0.16673686,1.4326701,-0.2908696,-0.42030957,-0.26738998,-0.26738998,0.55878747,-0.4529817,-0.5170121,-0.34086284,-0.34086284,-0.30198964,-0.59837115,-0.35111368,-0.21341594,-0.21341594,1.7586812,-0.3602915,-0.53807634,-0.34862095,-0.34862095,-0.7760183,-0.19204375,-0.55498284,-0.7290221,-0.47303668,-0.42762175,-0.45399112,-0.4159355,-0.25405747,-0.066703565,-0.33774647,-0.49269378,-0.8195255,-0.31557742,0.22742942,0.0,0.6527231,-0.32669055,-2.6587484,-0.23079836,0.58764994,3.8061538,-0.32157555,0.40446374,-2.8496675,1.0387857,-2.6756117,-4.4493146,-1.791939,-2.1739376,-3.1123257,-1.7317343,-1.4742085,-1.2367343,-1.6806803,-1.5787616,-4.9852076,-0.6171984,0.7747143,0.51733315,1.0317228,0.93594867,1.0182954,0.873759,1.1694285,1.539441,0.78876245,-0.52202874,-2.192988,0.9839201,-1.9727471,-4.005595,-1.1385069,-1.2837622,-3.951586,-0.89424264,-0.20182401,0.0,-0.5091942,-1.8071642,-3.9635684,-1.0802218,-2.5123723,-3.933851,-1.6937368,-2.1033456,-2.8917587,-1.7139387,-1.6384445,-1.4569206,-1.722732,-1.9647167,-6.615393,-1.066719,-1.4350115,-1.9208498,-1.0524523,-1.2247858,-1.4506449,-1.0731404,-0.95009565,-0.73711187,-1.1236699,-1.3966603,-2.5275764,-0.72046906,-0.4055843,-0.4055843,-0.4055843,-0.4055843,-0.4055843,-0.4055843,-1.642429,-1.2546749,-1.8262893,-1.2515751,-1.9840778,-1.2566694,0.5541915,1.3353179,0.6701547,1.3330606,0.7697449,1.3362854,-0.7768363,-0.7756481,-0.7768363,-0.7746815,-0.7768363,-0.7768363,-1.4645231,-1.6264012,-1.6585236,-1.6216431,-1.8250057,-1.629562,-0.8546113,-1.2229605,-0.9470815,-1.2208843,-1.0218813,-1.2241082,-0.8300802,-0.7892285,-0.42976585,-0.42259786,-0.43944895,-0.4157698,0.0,0.0,0.0,-1.7620581,-2.3279424,-1.5133591,1.0307896,1.0921044,0.9287952,-0.85997814,-3.217655,-0.61958176,-1.9231774,-2.5760632,-1.6675721,-1.1904285,-1.3500613,-1.0691178
2024-01-01 06:00:00,-1.0477357,0.30542365,-0.4055843,-0.78274095,-0.7768363,-0.635373,-1.2473348,0.98508394,1.4142135,1.6192573e-16,0.60100204,1.6859323,-0.29279897,-0.16673686,-0.16673686,1.4326701,-0.2908696,-0.42030957,-0.26738998,-0.26738998,0.8280827,-0.4529817,-0.5170121,-0.34086284,-0.34086284,-0.13764764,-0.59837115,-0.35111368,-0.21341594,-0.21341594,1.7586812,-0.3602915,-0.53807634,-0.34862095,-0.34862095,-0.7760183,-0.19204375,-0.55498284,-0.7290221,-0.47303668,-0.42762175,-0.45399112,-0.4159355,-0.25405747,-0.066703565,-0.33774647,-0.49269378,-0.8195255,-0.31557742,0.22742942,0.0,0.6527231,-0.47529727,-3.8692942,-0.5973935,0.58764994,3.8061538,-0.32157555,0.21703404,-4.354539,0.62323505,-2.6756117,-4.4493146,-1.791939,-2.112149,-3.0237768,-1.7296454,-1.4742085,-1.2367343,-1.6806803,-1.6000124,-5.029882,-0.6063113,0.7747143,0.51733315,0.9812969,0.8508222,0.9256917,0.6954016,1.0325472,1.3947754,0.66042787,-0.33670303,-1.942832,0.647988,-1.9727471,-4.005595,-1.1385069,-1.2837622,-3.951586,-0.89424264,-0.20182401,0.0,-0.5091942,-1.8071642,-3.9635684,-1.0802218,-2.2852283,-3.6422472,-1.4947846,-2.0040102,-2.7550976,-1.6073301,-1.6384445,-1.4569206,-1.722732,-1.6689388,-5.9156094,-0.62362295,-1.335962,-1.8185798,-0.9520801,-1.1612148,-1.3753339,-0.9676148,-0.95009565,-0.73711187,-1.0780816,-1.2729089,-2.3737128,-0.66587156,-0.4055843,-0.4055843,-0.4055843,-0.4055843,-0.4055843,-0.4055843,-1.4447341,-1.2546749,-1.6420869,-1.2515751,-1.8259168,-1.2566694,0.42984083,1.3353179,0.55427074,1.3330606,0.6702277,1.3362854,-0.7768363,-0.7756481,-0.7768363,-0.7746815,-0.7768363,-0.7768363,-1.2560251,-1.6264012,-1.4642574,-1.6216431,-1.658207,-1.629562,-0.74866647,-1.2229605,-0.8546255,-1.2208843,-0.94708616,-1.2241082,-0.7263339,-0.64638937,-0.30542365,-0.42259786,-0.43944895,-0.4157698,0.0,0.0,0.0,-1.7620581,-2.3279424,-1.4579252,1.0307896,1.0921044,0.90182406,-0.85997814,-3.217655,-0.61958176,-1.9231774,-2.5760632,-1.6113852,-1.1904285,-1.3500613,-1.0453664
2024-01-01 07:00:00,-0.58804506,0.1420813,-0.4055843,-0.8930313,-0.23464108,-0.41690597,-0.7233965,0.98508394,1.3660254,-0.36602542,0.60100204,1.6859323,-0.29279897,-0.16673686,-0.16673686,1.4326701,-0.2908696,-0.42030957,-0.26738998,-0.26738998,1.0973778,-0.4529817,-0.5170121,-0.34086284,-0.34086284,0.02669435,-0.59837115,-0.35111368,-0.21341594,-0.21341594,1.7586812,-0.3602915,-0.53807634,-0.34862095,-0.34862095,-0.7760183,-0.19204375,-0.55498284,-0.7290221,-0.47303668,-0.42762175,-0.45399112,-0.4159355,-0.25405747,-0.066703565,-0.33774647,-0.49269378,-0.8195255,-0.31557742,0.22742942,0.0,-1.4921646,-0.61084473,-4.9734597,-0.98662984,0.34268528,2.96735,-0.43722007,0.08664764,-5.4014106,-0.8485269,-2.1266778,-3.6982386,-1.3187861,-1.9742799,-2.8261967,-1.644546,-1.4742085,-1.2367343,-1.6806803,-1.222438,-4.2361345,0.07439062,0.7747143,0.51733315,0.43670064,0.764267,0.8315339,0.4970777,0.852733,1.204735,0.49184096,-0.073557585,-1.5876336,-0.36547416,-1.410018,-3.1255617,-0.659316,-1.1717329,-3.6064737,-0.7902194,-0.20182401,0.0,-0.5091942,-1.3310922,-3.181084,-0.4797151,-1.7844851,-2.9994016,-1.0561906,-1.8522363,-2.5462942,-1.4314867,-1.6384445,-1.4569206,-1.722732,-1.084317,-4.5324473,0.23164827,-1.1449343,-1.6213406,-0.75850123,-1.0800222,-1.2791469,-0.8287982,-0.95009565,-0.73711187,-0.8416415,-1.0523357,-2.0994678,-0.55870473,-0.4055843,-0.4055843,-0.4055843,-0.4055843,-0.4055843,-0.4055843,-1.2470392,-1.2546749,-1.4444133,-1.2515751,-1.6417342,-1.1804013,0.3054901,1.3353179,0.429912,1.3330606,0.5543375,1.2882795,-0.7768363,-0.7756481,-0.7768363,-0.7746815,-0.7768363,-0.7768363,-1.0475271,-1.6264012,-1.2557842,-1.6216431,-1.463966,-1.5491427,-0.6353883,-1.2229605,-0.7486798,-1.2208843,-0.85462993,-1.1914011,-0.37690696,-0.36369666,-0.1420813,-0.42259786,-0.43944895,-0.4157698,0.0,0.0,0.0,-1.7620581,-2.3279424,-1.4579252,1.0307896,1.0921044,0.90182406,-0.85997814,-3.217655,-0.61958176,-1.9231774,-2.5760632,-1.6113852,-1.1904285,-1.3500613,-1.0453664
2024-01-01 08:00:00,-0.17389205,-0.0016558229,-0.4055843,-0.9958056,0.2706044,-0.19662155,-0.24863765,0.98508394,1.2247449,-0.70710677,0.60100204,1.6859323,-0.29279897,-0.16673686,-0.16673686,-0.6979974,-0.2908696,-0.42030957,-0.26738998,-0.26738998,1.0973778,-0.4529817,-0.5170121,-0.34086284,-0.34086284,0.02669435,-0.59837115,-0.35111368,-0.21341594,-0.21341594,1.3228512,-0.3602915,-0.53807634,-0.34862095,-0.34862095,-0.7760183,-0.19204375,-0.55498284,-0.7290221,-0.47303668,-0.42762175,-0.45399112,-0.4159355,-0.25405747,-0.066703565,-0.33774647,-0.49269378,-0.8195255,-0.31557742,0.22742942,0.0,-1.4921646,-0.7362265,-5.994816,-1.0303693,0.11441458,2.1857095,-0.5449836,-0.005277335,-6.1394753,-0.75263447,-1.5587571,-2.921184,-0.82926756,-1.793327,-2.5668733,-1.3225012,-1.4742085,-1.2367343,-1.4939822,-0.63658094,-3.0045295,0.80384713,0.7747143,0.51733315,0.3321612,0.67918235,0.7389757,0.36359617,0.694501,1.0375044,0.34348875,0.2099077,-1.2050071,-0.191009,-0.8856379,-2.3055007,-0.21278118,-0.99180365,-3.052192,-0.589262,-0.20182401,0.0,-0.5091942,-0.88194585,-2.4428551,0.11466726,-1.3333462,-2.4202368,-0.6610445,-1.6723075,-2.298757,-1.1298552,-1.6384445,-1.4569206,-1.5039935,-0.45826802,-3.0512729,0.79736835,-0.95231754,-1.4224608,-0.56331205,-0.986834,-1.168749,-0.68090504,-0.95009565,-0.73711187,-0.7373954,-0.78762794,-1.770349,-0.2747512,-0.4055843,-0.4055843,-0.4055843,-0.4055843,-0.4055843,-0.4055843,-0.7231572,-1.2546749,-1.2467397,-1.2515751,-1.444082,-1.9828396,0.14213659,1.3353179,0.30555323,1.3330606,0.429972,0.7698203,-0.23464108,-0.7756481,-0.7768363,-0.7746815,-0.7768363,-0.7768363,-0.5878894,-1.6264012,-1.047311,-1.6216431,-1.2555196,-1.8237114,-0.41691893,-1.2229605,-0.6354007,-1.2208843,-0.7486839,-1.0217685,-0.08005576,-0.08670258,0.0016558229,-0.42259786,-0.43944895,-0.4157698,0.0,0.0,0.0,-1.7620581,-2.3279424,-1.4579252,1.0307896,1.0921044,0.90182406,-0.85997814,-3.217655,-0.61958176,-1.9231774,-2.5760632,-1.6113852,-1.1904285,-1.3500613,-1.0453664
2024-01-01 09:00:00,0.16649956,-0.11599227,-0.4055843,-1.0840598,0.70446855,0.0015769146,0.14458759,0.98508394,1.0,-1.0,0.60100204,1.6859323,-0.29279897,-0.16673686,-0.16673686,-0.6979974,-0.2908696,-0.42030957,-0.26738998,-0.26738998,1.0973778,-0.4529817,-0.5170121,-0.34086284,-0.34086284,0.02669435,-0.59837115,-0.35111368,-0.21341594,-0.21341594,0.8870212,-0.3602915,-0.53807634,-0.34862095,-0.34862095,-0.7760183,-0.19204375,-0.55498284,-0.7290221,-0.47303668,-0.42762175,-0.45399112,-0.4159355,-0.25405747,-0.066703565,-0.33774647,-0.49269378,-0.8195255,-0.31557742,0.22742942,0.0,-1.4921646,-0.85195494,-6.9375362,-1.092226,-0.08160592,1.5144994,-0.6375223,-0.07254747,-6.679587,-0.6676556,-1.0883693,-2.2775784,-0.42381743,-1.59361,-2.2806592,-0.95687383,-1.4742085,-1.2367343,-1.2765677,-0.042402886,-1.7554319,1.3683231,0.7747143,0.51733315,0.2104224,0.59839725,0.65109473,0.22754622,0.56863457,0.90448,0.2254812,0.4700845,-0.8538158,-0.14927298,-0.4353425,-1.6012983,0.170667,-0.7761436,-2.3878396,-0.30506527,-0.20182401,0.0,-0.5091942,-0.46151426,-1.7518227,0.6414031,-0.962556,-1.9442227,-0.33627456,-1.4825896,-2.0377524,-0.7965402,-1.6384445,-1.4569206,-1.2492672,0.10845948,-1.7104472,1.2102553,-0.7790127,-1.2435209,-0.38769275,-0.8879593,-1.0516144,-0.5108957,-0.95009565,-0.73711187,-0.6085343,-0.5228596,-1.4411548,-0.039956145,-0.4055843,-0.4055843,-0.4055843,-0.4055843,-0.4055843,-0.4055843,-0.24844953,-1.2546749,-0.7229143,-1.2515751,-1.2464298,-1.8247259,-0.0016103801,1.3353179,0.1421891,1.3330606,0.3056065,0.67029804,0.2706044,-0.7756481,-0.23464108,-0.7746815,-0.7768363,-0.7768363,-0.17378406,-1.6264012,-0.58772784,-1.6216431,-1.0470732,-1.6569916,-0.19663215,-1.2229605,-0.41692942,-1.2208843,-0.6354045,-0.9469777,0.15378858,0.1568772,0.11599227,-0.42259786,-0.43944895,-0.4157698,0.0,0.0,0.0,-1.7620581,-2.3279424,-1.4579252,1.0307896,1.0921044,0.90182406,-0.85997814,-3.217655,-0.61958176,-1.9231774,-2.5760632,-1.6113852,-1.1904285,-1.3500613,-1.0453664
2024-01-01 10:00:00,0.4099326,-0.1931362,-0.4055843,-1.1517798,1.0373842,0.15169019,0.42948157,0.98508394,0.70710677,-1.2247449,0.60100204,1.6859323,-0.29279897,-0.16673686,-0.16673686,-0.6979974,-0.2908696,-0.42030957,-0.26738998,-0.26738998,1.0973778,-0.4529817,-0.5170121,-0.34086284,-0.34086284,0.02669435,-0.59837115,-0.35111368,-0.21341594,-0.21341594,0.45119122,-0.3602915,-0.53807634,-0.34862095,-0.34862095,-0.7760183,-0.19204375,-0.55498284,-0.7290221,-0.47303668,-0.42762175,-0.45399112,-0.4159355,-0.25405747,-0.066703565,-0.33774647,-0.49269378,-0.8195255,-0.31557742,0.22742942,0.0,-1.4921646,-0.95740044,-7.7964916,-1.167985,-0.23201773,0.9994618,-0.7085297,-0.12612557,-7.109765,-0.61212087,-0.7475706,-1.8112824,-0.13006644,-1.3940098,-1.9946125,-0.5725809,-1.4742085,-1.2367343,-1.0432532,0.46515185,-0.6884363,1.6023833,0.7747143,0.51733315,0.07978059,0.5244998,0.5707064,0.09819943,0.4837112,0.81472707,0.14586034,0.6765518,-0.57512254,-0.27829802,-0.089818686,-1.0609449,0.46489713,-0.5496672,-1.6901667,0.043003213,-0.20182401,0.0,-0.5091942,-0.10326008,-1.1629866,0.9856312,-0.6973833,-1.6037983,-0.10401346,-1.2976058,-1.7832603,-0.45425665,-1.6384445,-1.4569206,-0.9759123,0.57016855,-0.6180856,1.3381007,-0.6477536,-1.1079937,-0.25468066,-0.79031384,-0.9359362,-0.33055294,-0.95009565,-0.73711187,-0.46087173,-0.2925719,-1.1548316,0.06875939,-0.4055843,-0.4055843,-0.4055843,-0.4055843,-0.4055843,-0.4055843,0.14473332,-1.2546749,-0.24825786,-1.2515751,-0.72266096,-1.6405985,-0.11595465,1.3353179,-0.0015671619,1.3330606,0.14223357,0.5544019,0.70446855,-0.7756481,0.2706044,-0.7746815,-0.23464108,-0.7768363,0.16656834,-1.6264012,-0.17367171,-1.6216431,-0.58754945,-1.4628422,0.0015684301,-1.2229605,-0.19664076,-1.2208843,-0.41693267,-0.854527,0.3197301,0.338982,0.1931362,-0.42259786,-0.43944895,-0.4157698,0.0,0.0,0.0,-1.7620581,-2.3279424,-1.4579252,1.0307896,1.0921044,0.90182406,-0.85997814,-3.217655,-0.61958176,-1.9231774,-2.5760632,-1.6113852,-1.1904285,-1.3500613,-1.0453664
2024-01-01 11:00:00,0.5398175,-0.2278304,-0.4055843,-1.1943502,1.2466637,0.23137614,0.5866293,0.98508394,0.36602542,-1.3660254,0.60100204,1.6859323,-0.29279897,-0.16673686,-0.16673686,-0.6979974,-0.2908696,-0.42030957,-0.26738998,-0.26738998,1.0973778,-0.4529817,-0.5170121,-0.34086284,-0.34086284,0.02669435,-0.59837115,-0.35111368,-0.21341594,-0.21341594,0.0153612215,-0.3602915,-0.53807634,-0.34862095,-0.34862095,-0.7760183,-0.19204375,-0.55498284,-0.7290221,-0.47303668,-0.42762175,-0.45399112,-0.4159355,-0.25405747,-0.066703565,-0.33774647,-0.49269378,-0.8195255,-0.31557742,0.22742942,0.0,-1.4921646,-1.0514712,-8.56279,-1.2524829,-0.32657054,0.6756957,-0.7531668,-0.17465822,-7.4994335,-0.6054577,-0.55958587,-1.5540732,0.031966776,-1.2093748,-1.7300122,-0.19581123,-1.4742085,-1.2367343,-0.8099386,0.8427159,0.10528932,1.3661705,0.7747143,0.51733315,-0.050861217,0.45970276,0.5002179,-0.015629439,0.44551837,0.77436215,0.110052206,0.8109188,-0.3937515,-0.60352117,0.12738664,-0.7212646,0.6498579,-0.33210897,-1.019967,0.43122315,-0.20182401,0.0,-0.5091942,0.1731034,-0.7087483,1.0269322,-0.555899,-1.4221631,0.019910619,-1.1288972,-1.5511591,-0.12633064,-1.6384445,-1.4569206,-0.70255727,0.9043184,0.1724825,1.0720915,-0.5780761,-1.0360507,-0.18407269,-0.7007931,-0.829883,-0.15491594,-0.95009565,-0.73711187,-0.30298817,-0.121773206,-0.9424727,-0.01827482,-0.4055843,-0.4055843,-0.4055843,-0.4055843,-0.4055843,-0.4055843,0.4295966,-1.2546749,0.14488254,-1.2515751,-0.24805579,-1.4430056,-0.19310386,1.3353179,-0.11591884,1.3330606,-0.0015304796,0.43003002,1.0373842,-0.7756481,0.70446855,-0.7746815,0.2706044,-0.7768363,0.40997335,-1.6264012,0.16664025,-1.6216431,-0.17354666,-1.2544943,0.1516833,-1.2229605,0.0015615363,-1.2208843,-0.19664341,-0.74858725,0.41578352,0.4364932,0.2278304,-0.42259786,-0.43944895,-0.4157698,0.0,0.0,0.0,-1.7620581,-2.3279424,-1.4579252,1.0307896,1.0921044,0.90182406,-0.85997814,-3.217655,-0.61958176,-1.9231774,-2.5760632,-1.6113852,-1.1904285,-1.3500613,-1.0453664
2024-01-01 12:00:00,0.5473029,-0.21771048,-0.4055843,-1.2088703,1.3180451,0.2278193,0.6053213,0.98508394,1.9584172e-16,-1.4142135,0.60100204,1.6859323,-0.29279897,-0.16673686,-0.16673686,-0.6979974,-0.2908696,-0.42030957,-0.26738998,-0.26738998,0.8280827,-0.4529817,-0.5170121,-0.34086284,-0.34086284,0.02669435,-0.59837115,-0.35111368,-0.21341594,-0.21341594,-0.42046878,-0.3602915,-0.53807634,-0.34862095,-0.34862095,-0.7760183,-0.19204375,-0.55498284,-0.7290221,-0.47303668,-0.42762175,-0.45399112,-0.4159355,-0.25405747,-0.066703565,-0.33774647,-0.49269378,-0.8195255,-0.31557742,0.22742942,0.0,-1.6246344,-1.3735902,-9.227096,-1.3399616,-0.35882077,0.5652651,-0.7683917,-0.8224117,-7.8994784,-0.6792337,-0.5372259,-1.5234793,0.05123991,-0.9923003,-1.5032399,0.14775886,-1.4742085,-1.2367343,-0.19166638,1.1979179,0.5921804,0.45376343,0.72142,0.51733315,-0.22247905,0.31570745,0.44151565,-0.10618312,0.44551837,0.77436215,0.110052206,0.29602495,-0.31948546,-1.1544423,0.20147134,-0.6054059,0.71294457,-0.043543596,-0.42491487,0.83313805,-0.20182401,0.0,0.41154903,0.38932604,-0.40421423,0.56963724,-0.54774517,-1.4116954,0.027052457,-0.88471574,-1.3537004,0.16489026,-1.6384445,-1.4569206,-0.09994123,1.0981226,0.645091,0.25695482,-0.5780761,-1.0360507,-0.18407269,-0.552294,-0.7405435,-0.00021751433,-0.8942142,-0.73711187,0.0015076126,-0.10961225,-0.8201135,-0.37331638,-0.4055843,-0.4055843,-0.4055843,-0.4055843,-0.4055843,-0.4055843,0.5867274,-1.2546749,0.4297151,-1.2515751,0.14504217,-1.2454126,-0.22780043,1.3353179,-0.19307305,1.3330606,-0.11588834,0.30565816,1.2466637,-0.7756481,1.0373842,-0.7746815,0.70446855,-0.7768363,0.5398433,-1.6264012,0.41001633,-1.6216431,0.16672145,-1.0461464,0.23137012,-1.2229605,0.1516777,-1.2208843,0.0015593984,-0.6353146,0.44051126,0.4361349,0.21771048,-0.42259786,-0.43944895,-0.4157698,0.0,0.0,0.0,-1.7045571,-2.3279424,-1.4579252,1.0035311,1.0921044,0.90182406,-0.85997814,-3.217655,-0.61958176,-1.8649598,-2.5760632,-1.6113852,-1.1668736,-1.3500613,-1.0453664
2024-01-01 13:00:00,-0.15569581,0.4556964,-0.4055843,1.0030288,1.2466637,-0.4578264,0.14085954,-1.015142,-0.36602542,-1.3660254,0.60100204,1.6859323,-0.29279897,-0.16673686,-0.16673686,1.4326701,-0.2908696,-0.42030957,-0.26738998,-0.26738998,0.8280827,-0.4529817,-0.5170121,-0.34086284,-0.34086284,0.19103634,-0.59837115,-0.35111368,-0.21341594,-0.21341594,-0.42046878,-0.3602915,-0.53807634,-0.34862095,-0.34862095,-0.52304775,-0.19204375,-0.55498284,-0.7290221,-0.47303668,-0.42762175,-0.45399112,-0.4159355,-0.25405747,-0.066703565,-0.33774647,-0.49269378,-0.8195255,-0.31557742,0.22742942,0.0,0.6527231,-1.3735902,-7.547382,-0.9507254,-0.35882077,0.5652651,-0.7683917,-0.8224117,-5.092247,0.93324536,-0.5372259,-1.5234793,0.05123991,-0.8382054,-1.3753084,0.3080328,-1.4742085,-1.2367343,0.3685716,1.268018,0.5373162,-0.5641967,0.14584409,0.51733315,0.10702487,0.23857878,0.4494,-0.051896848,0.44551837,0.77436215,0.110052206,-0.6852168,-0.56309164,-0.10855386,0.20147134,-0.6054059,0.71294457,0.23518917,0.05916693,1.1173347,-0.20182401,0.0,1.2695451,0.478997,-0.24837866,0.03070052,-0.54774517,-1.4116954,0.027052457,-0.72833496,-1.27735,0.24382825,-1.6384445,-1.4569206,0.44297883,0.9474804,0.41832435,-0.3706653,-0.5780761,-1.0360507,-0.18407269,-0.47726208,-0.73517126,-0.007551135,-0.60438895,-0.73711187,-0.055526603,-0.32236096,-0.9214922,-0.31137004,-0.4055843,-0.4055843,-0.4055843,-0.4055843,-0.4055843,-0.4055843,0.6054174,-1.1784058,0.5868289,-1.2515751,0.42984393,-0.7218007,-0.21767983,1.2873316,-0.22777186,1.3330606,-0.19304672,0.14227684,1.3180451,-0.7756481,1.2466637,-0.7746815,1.0373842,-0.23464108,0.5473278,-1.5460564,0.53987086,-1.6216431,0.4100662,-0.58683956,0.22781323,-1.190268,0.2313652,-1.2208843,0.15167597,-0.41685572,0.6104457,-0.32687816,-0.4556964,-0.42259786,-0.43944895,-0.4157698,0.0,0.0,0.0,0.28932667,-1.419802,0.4642708,0.058326147,0.74763364,-0.033416107,1.686481,0.35832477,1.8199102,0.15376402,-1.6446437,0.33692276,-0.110186994,-0.93790406,0.020133348
2024-01-01 14:00:00,-0.28373134,0.53204435,-0.4055843,1.0030288,1.0373842,-0.5398391,0.019458948,-1.015142,-0.70710677,-1.2247449,0.60100204,1.6859323,-0.29279897,-0.16673686,-0.16673686,1.4326701,-0.2908696,-0.42030957,-0.26738998,-0.26738998,0.8280827,-0.4529817,-0.5170121,-0.34086284,-0.34086284,0.35537836,-0.59837115,-0.35111368,-0.21341594,-0.21341594,0.0153612215,-0.3602915,-0.53807634,-0.34862095,-0.34862095,-0.2700772,-0.19204375,-0.55498284,-0.7290221,-0.47303668,-0.42762175,-0.45399112,-0.4159355,-0.25405747,-0.066703565,-0.33774647,-0.49269378,-0.8195255,-0.31557742,0.22742942,0.0,0.6527231,-1.1135285,-6.0916305,-0.5403908,-0.35882077,0.5652651,-0.7683917,-0.10531166,-3.3065932,1.4595131,-0.5372259,-1.5234793,0.05123991,-0.6047377,-1.2806439,0.3577506,-1.2357385,-1.2367343,0.6849384,0.8890802,0.39652088,-0.95288306,0.035357844,0.51733315,0.18724082,0.21657132,0.46239173,0.040485796,0.44551837,0.77436215,0.110052206,-0.9260211,-0.76605225,0.7414963,0.20147134,-0.6054059,0.71294457,0.48509413,0.40766,1.2644458,-0.20182401,0.0,2.006323,0.43977043,-0.22360007,-0.467754,-0.54774517,-1.4116954,0.027052457,-0.55550736,-1.2269713,0.22377388,-1.3512138,-1.4569206,0.29898867,0.5376876,0.15624467,-0.22697558,-0.5780761,-1.0360507,-0.18407269,-0.42796695,-0.7384646,-0.069061436,-0.47660545,-0.73711187,-0.16983458,-0.4797993,-1.0122553,0.031554475,-0.4055843,-0.4055843,-0.4055843,-0.4055843,-0.4055843,-0.4055843,0.14100568,-1.9808567,0.60551685,-1.2515751,0.58694077,-0.24733776,0.45577317,0.76908255,-0.21765059,1.3330606,-0.22774741,-0.0014945738,1.2466637,-0.7756481,1.3180451,-0.7746815,1.2466637,0.2706044,-0.15558992,-1.8203708,0.54735446,-1.6216431,0.539904,-0.1730323,-0.4578398,-1.020711,0.22780828,-1.2208843,0.23136367,-0.19657958,0.5565643,-0.4329126,-0.53204435,-0.42259786,-0.43944895,-0.4157698,0.0,0.0,0.0,0.19785555,-1.0264724,0.3760884,0.101688236,0.59843814,0.009488835,1.5547978,1.8689317,1.6937586,0.06115335,-1.2412318,0.24754247,-0.16924872,-0.7656272,-0.03942097
2024-01-01 15:00:00,-0.4505905,0.63154286,-0.4055843,1.0030288,0.70446855,-0.64184994,-0.1387534,-1.015142,-1.0,-1.0,0.60100204,1.6859323,-0.29279897,-0.16673686,-0.16673686,1.4326701,-0.2908696,-0.42030957,-0.26738998,-0.26738998,0.8280827,-0.4529817,-0.5170121,-0.34086284,-0.34086284,0.5197204,-0.59837115,-0.35111368,-0.21341594,-0.21341594,0.45119122,-0.3602915,-0.53807634,-0.34862095,-0.34862095,-0.017106617,-0.19204375,-0.55498284,-0.7290221,-0.47303668,-0.42762175,-0.45399112,-0.4159355,-0.25405747,-0.066703565,-0.33774647,-0.49269378,-0.8195255,-0.31557742,0.22742942,0.0,0.6527231,-0.8534667,-4.8178477,-0.111938804,-0.35882077,0.5652651,-0.7683917,0.3701334,-2.1349542,1.6335313,-0.5372259,-1.5234793,0.05123991,-0.40812126,-1.2176167,0.3052058,-0.9580343,-1.2367343,0.49824026,0.413696,0.1967399,-0.6512617,-0.0073201386,0.51733315,0.2917803,0.2130089,0.48128393,0.16988294,0.44551837,0.77436215,0.110052206,-0.96794367,-0.9201569,1.292354,0.20147134,-0.6054059,0.71294457,0.6891407,0.60663944,1.2644458,-0.20182401,0.0,2.006323,0.2901964,-0.2945155,-0.467754,-0.54774517,-1.4116954,0.027052457,-0.42007765,-1.2021837,0.11110606,-1.0167265,-1.4569206,0.08025026,0.10016692,-0.121872835,0.23220257,-0.5780761,-1.0360507,-0.18407269,-0.3967539,-0.75061584,-0.18437423,-0.31864914,-0.73711187,-0.31201562,-0.60047823,-1.0885843,0.35008806,-0.4055843,-0.4055843,-0.4055843,-0.4055843,-0.4055843,-0.4055843,0.019618167,-1.8227404,0.14115532,-1.2515751,0.6056267,0.14564238,0.5321263,0.6696006,0.45584598,1.3330606,-0.2176256,-0.115858294,1.0373842,-0.7756481,1.2466637,-0.7746815,1.3180451,0.70446855,-0.2836107,-1.6538054,-0.15547974,-1.6216431,0.54738665,0.16707511,-0.5398534,-0.9459535,-0.45785064,-1.2208843,0.22780675,0.0016114574,0.48110664,-0.56738955,-0.63154286,-0.42259786,-0.43944895,-0.4157698,0.0,0.0,0.0,0.08789352,-0.85380214,0.27007994,0.15381597,0.53294176,0.061067022,1.3712516,2.4222937,1.5179225,-0.050178606,-1.0641352,0.14009392,-0.23791157,-0.6958963,-0.10865651
2024-01-01 16:00:00,-0.6449021,0.7474114,-0.4055843,1.0030288,0.2706044,-0.7539716,-0.32299557,-1.015142,-1.2247449,-0.70710677,0.60100204,1.6859323,-0.29279897,-0.16673686,-0.16673686,1.4326701,-0.2908696,-0.42030957,-0.26738998,-0.26738998,0.8280827,-0.4529817,-0.5170121,-0.34086284,-0.34086284,0.68406236,-0.59837115,-0.35111368,-0.21341594,-0.21341594,0.8870212,-0.3602915,-0.53807634,-0.34862095,-0.34862095,0.23586395,-0.19204375,-0.55498284,-0.7290221,-0.47303668,-0.42762175,-0.45399112,-0.4159355,-0.25405747,-0.066703565,-0.33774647,-0.49269378,-0.8195255,-0.31557742,0.22742942,0.0,0.6527231,-0.59340495,-3.6939218,0.3304152,-0.35882077,0.5652651,-0.7683917,0.6983824,-1.3629725,1.504217,-0.5372259,-1.5234793,0.05123991,-0.25441894,-1.1837105,0.16566092,-0.66002095,-1.2367343,0.28082573,-0.10533618,-0.032787737,-0.30135962,0.12134382,0.51733315,0.41351908,0.23092617,0.5062005,0.3326902,0.44551837,0.77436215,0.110052206,-0.76563066,-1.0148234,1.4345809,0.20147134,-0.6054059,0.71294457,0.8334234,0.65225255,1.1173347,-0.20182401,0.0,1.2695451,0.07986464,-0.40782574,0.03070052,-0.54774517,-1.4116954,0.027052457,-0.3281987,-1.2014588,-0.08148483,-0.6577775,-1.4569206,-0.17447603,-0.28380424,-0.3894467,0.5265371,-0.5780761,-1.0360507,-0.18407269,-0.38646314,-0.7709266,-0.3466839,-0.14673813,-0.73711187,-0.4682889,-0.6449081,-1.1459196,0.45745337,-0.4055843,-0.4055843,-0.4055843,-0.4055843,-0.4055843,-0.4055843,-0.13857713,-1.6386101,0.019780902,-1.2515751,0.14131533,0.43035883,0.6316316,0.55375147,0.5322041,1.3330606,0.4559074,-0.19302063,0.70446855,-0.7756481,1.0373842,-0.7746815,1.2466637,1.0373842,-0.45045063,-1.4598356,-0.28348532,-1.6216431,-0.15535703,0.4103049,-0.6418653,-0.85354394,-0.53986496,-1.2208843,-0.457854,0.1517191,0.38576367,-0.71870315,-0.7474114,-0.42259786,-0.43944895,-0.4157698,0.0,0.0,0.0,-0.036497515,-0.80014366,0.1501612,0.21278383,0.5125883,0.119413204,1.1429802,2.4078338,1.2992399,-0.17611933,-1.0091013,0.018546185,-0.31261536,-0.68021655,-0.18398336
2024-01-01 17:00:00,-0.85342413,0.8717536,-0.4055843,1.0030288,-0.23464108,-0.86667496,-0.5207118,-1.015142,-1.3660254,-0.36602542,0.60100204,1.6859323,-0.29279897,-0.16673686,-0.16673686,1.4326701,-0.2908696,-0.42030957,-0.26738998,-0.26738998,0.8280827,-0.4529817,-0.5170121,-0.34086284,-0.34086284,0.84840435,-0.59837115,-0.35111368,-0.21341594,-0.21341594,1.3228512,-0.3602915,-0.53807634,-0.34862095,-0.34862095,0.48883453,-0.19204375,-0.55498284,-0.7290221,-0.47303668,-0.42762175,-0.45399112,-0.4159355,-0.25405747,-0.066703565,-0.33774647,-0.49269378,-0.8195255,-0.31557742,0.22742942,0.0,0.6527231,-0.33334318,-2.6948764,0.7815084,-0.35882077,0.5652651,-0.7683917,0.9166413,-0.8640615,0.99755234,-0.5372259,-1.5234793,0.05123991,-0.14676921,-1.175571,-0.03969249,-0.3620076,-1.2367343,0.047511194,-0.594669,-0.26350215,-0.23377013,0.25941724,0.51733315,0.5441609,0.271894,0.5367069,0.52302647,0.44551837,0.77436215,0.12049704,-0.36970624,-1.042135,0.99455637,0.20147134,-0.6054059,0.71294457,0.9081096,0.54986703,0.83313805,-0.20182401,0.0,0.41154903,-0.09450451,-0.4964609,0.56963724,-0.54774517,-1.4116954,0.027052457,-0.28305545,-1.2222466,-0.3358618,-0.29882842,-1.4569206,-0.447831,-0.5105951,-0.6187261,0.4295819,-0.5780761,-1.0360507,-0.18722433,-0.39853373,-0.79808396,-0.5434729,-0.3392898,-0.73711187,-0.625373,-0.5926455,-1.1813833,0.21858595,-0.4055843,-0.4055843,-0.4055843,-0.4055843,-0.4055843,-0.4055843,-0.32279944,-1.441014,-0.13839732,-1.2515751,0.019954024,0.58740854,0.74750805,0.42943,0.63171583,1.3330606,0.5322696,-0.22772309,0.2706044,-0.7756481,0.70446855,-0.7746815,1.0373842,1.2466637,-0.64473987,-1.2516806,-0.4503054,-1.6216431,-0.2833461,0.5400814,-0.7539881,-0.74765146,-0.6418778,-1.2208843,-0.53986853,0.23140207,0.27450627,-0.87477094,-0.8717536,-0.42259786,-0.43944895,-0.4157698,0.0,0.0,0.0,-0.17072105,-0.81834435,0.020763524,0.27641279,0.5194921,0.18237136,0.8788529,2.0148416,1.0462075,-0.31201503,-1.0277685,-0.112609304,-0.38990313,-0.69556016,-0.2619157
2024-01-01 18:00:00,-1.0619462,0.9960958,-0.4055843,1.0030288,-0.7768363,-0.9718858,-0.718428,-1.015142,-1.4142135,-1.844567e-16,0.60100204,1.6859323,-0.29279897,-0.16673686,-0.16673686,1.4326701,-0.2908696,-0.42030957,-0.26738998,-0.26738998,0.8280827,-0.4529817,-0.5170121,-0.34086284,-0.34086284,1.0127463,-0.59837115,-0.35111368,-0.21341594,-0.21341594,1.7586812,-0.3602915,-0.53807634,-0.34862095,-0.34862095,0.7418051,-0.19204375,-0.55498284,-0.7290221,-0.47303668,-0.42762175,-0.45399112,-0.4159355,-0.25405747,-0.066703565,-0.33774647,-0.49269378,-0.8195255,-0.31557742,0.22742942,0.0,0.6527231,-0.07328142,-1.8009938,1.2355824,-0.35882077,0.5652651,1.5508862,1.0427734,-0.55792457,-0.94540733,-0.5372259,-1.5234793,-0.4276614,-0.08517204,-1.1891296,-0.2851782,0.42771336,-1.2367343,-0.18580334,-0.9541885,-0.47149286,-0.57003003,0.39749068,0.51733315,0.6748027,0.3359124,0.5719207,0.7331344,0.44551837,0.77436215,0.8155256,0.115411244,-1.0016284,-0.6164915,0.20147134,-0.6054059,0.6498579,0.9081096,0.31294844,0.43122315,3.9322064,0.0,-0.5091942,-0.09450451,-0.49393898,1.0269322,-0.54774517,-1.4116954,-0.6436833,-0.28464794,-1.2611506,-0.62967724,-0.32329023,-1.4569206,-0.721186,-0.50204694,-0.7878485,-0.29366523,-0.5780761,-1.0360507,-0.7947599,-0.43294942,-0.8304335,-0.75848,-0.5190407,-0.73711187,-0.7720142,-0.45893392,-1.1952709,-0.67745405,-0.4055843,-0.4055843,-0.4055843,-0.4055843,-0.4055843,-0.4055843,-0.52049434,-1.243418,-0.32259977,-1.2515751,-0.13820711,0.60608894,0.8718588,0.30510858,0.7475998,1.3330606,0.63178676,-0.21760078,-0.23464108,-0.7756481,0.2706044,-0.7746815,0.70446855,1.3180451,-0.85323787,-1.0435256,-0.64457154,-1.6216431,-0.4501447,0.5475605,-0.86669266,-0.6344292,-0.75400156,-1.2208843,-0.6418816,0.22784536,0.1539916,-1.0243398,-0.9960958,-0.42259786,-0.43944895,-0.4157698,0.0,0.0,0.0,-0.30986083,-0.881457,-0.11337365,0.3423723,0.54343164,0.2476355,0.58904773,1.3607794,0.768576,-0.45288825,-1.0924989,-0.24856867,-0.46668425,-0.72874933,-0.33933726
2024-01-01 19:00:00,-1.2562578,1.1119642,-0.4055843,1.0030288,-0.7768363,-1.0635235,-0.9026702,-1.015142,-1.3660254,0.36602542,0.60100204,1.6859323,-0.29279897,-0.16673686,-0.16673686,1.4326701,-0.2908696,-0.42030957,-0.26738998,-0.26738998,0.8280827,-0.4529817,-0.5170121,-0.34086284,-0.34086284,1.1770884,-0.59837115,-0.35111368,-0.21341594,-0.21341594,1.7586812,-0.3602915,-0.53807634,-0.34862095,-0.34862095,0.99477565,-0.19204375,-0.55498284,-0.7290221,-0.47303668,-0.42762175,-0.45399112,-0.4159355,-0.25405747,-0.066703565,-0.33774647,-0.49269378,-0.8195255,-0.31557742,0.22742942,0.0,0.6527231,0.20284194,-0.9964995,1.2355824,-0.35882077,0.5652651,1.5508862,1.0534862,-0.3910666,-0.94540733,-0.5372259,-1.5234793,-0.5528362,-0.106050484,-1.2197825,-0.47869802,0.15749803,-1.2367343,-0.40321788,-0.8470963,-0.64141643,-0.45340514,0.52615464,0.51733315,0.7965415,0.42581084,0.610623,0.8467333,0.44551837,0.77436215,0.89432484,0.5716072,-0.9026983,-0.48573503,0.20147134,-0.6054059,0.46489713,0.8334234,0.0997217,0.043003213,-0.20182401,0.0,-0.5091942,0.07986464,-0.5010468,0.9856312,-0.54774517,-1.4116954,-0.76584285,-0.35953066,-1.3141387,-0.83061695,-0.6577775,-1.4569206,-0.9759123,-0.19782057,-0.8870455,-0.17060752,-0.5780761,-1.0360507,-0.8674296,-0.49907997,-0.8662097,-0.86703104,-0.67560214,-0.73711187,-0.8997374,-0.27760777,-1.1911333,-0.66353095,-0.4055843,-0.4055843,-0.4055843,-0.4055843,-0.4055843,-0.4055843,-0.71818924,-0.7197978,-0.5202733,-1.2515751,-0.32238966,0.14191668,0.9962095,0.14179349,0.87195855,1.3330606,0.74767697,0.45596677,-0.7768363,-0.23330744,-0.23464108,-0.7746815,0.2706044,1.2466637,-1.0617359,-0.584644,-0.8530448,-1.6216431,-0.6443858,-0.15485126,-0.9719047,-0.41606772,-0.8667071,-1.2208843,-0.7540057,-0.4577746,0.033357337,-1.1579115,-1.1119642,-0.42259786,-0.43944895,-0.4157698,0.0,0.0,0.0,-0.44890925,-0.9715146,-0.36603835,0.4082885,0.5775918,0.37056896,0.38204402,0.85206455,0.361994,-0.59366894,-1.1848651,-0.5046657,-0.54038316,-0.77134925,-0.48594818
2024-01-01 20:00:00,-1.4231169,1.2114627,-0.4055843,1.0030288,-0.7768363,-1.1375201,-1.0608826,-1.015142,-1.2247449,0.70710677,0.60100204,1.6859323,-0.29279897,-0.16673686,-0.16673686,1.4326701,-0.2908696,-0.42030957,-0.26738998,-0.26738998,1.0973778,-0.4529817,-0.5170121,-0.34086284,-0.34086284,1.3414303,-0.59837115,-0.35111368,-0.21341594,-0.21341594,1.7586812,-0.3602915,-0.53807634,-0.34862095,-0.34862095,1.2477462,-0.19204375,-0.55498284,-0.7290221,-0.47303668,-0.42762175,-0.45399112,-0.4159355,-0.25405747,-0.066703565,-0.33774647,-0.49269378,-0.8195255,-0.31557742,0.22742942,0.0,0.6527231,0.4939323,-0.26862365,1.2355824,-0.35882077,0.5652651,1.5508862,0.93250126,-0.32654187,-0.94540733,-0.5372259,-1.5234793,-0.7159672,-0.20064557,-1.262605,-0.6790444,-0.080972,-1.2367343,-0.58991593,-0.5261259,-0.76891696,-0.45340514,0.6366409,0.51733315,0.90108097,0.5382548,0.65137225,0.96433955,0.44551837,0.77436215,0.99701804,0.8868381,-0.76355034,-0.48573503,0.20147134,-0.6054059,0.170667,0.6891407,-0.09319772,-0.30506527,-0.20182401,0.0,-0.5091942,0.2901964,-0.5151132,0.6414031,-0.54774517,-1.4116954,-0.9250443,-0.4995241,-1.3767804,-1.0386451,-0.9450082,-1.4569206,-1.1946507,0.15376489,-0.92159194,-0.17060752,-0.5780761,-1.0360507,-0.95781916,-0.5953071,-0.9037017,-0.9741454,-0.8020238,-0.73711187,-1.0028725,-0.12961349,-1.1747268,-0.71376973,-0.4055843,-0.4055843,-0.4055843,-0.4055843,-0.4055843,-0.4055843,-0.9024116,-0.24532732,-0.7179469,-1.2515751,-0.5200419,0.020591738,1.1120859,-0.0019196363,0.9963173,1.3330606,0.8720425,0.5323329,-0.7768363,0.27207363,-0.7768363,-0.7746815,-0.23464108,1.0373842,-1.2560251,-0.17121987,-1.0615181,-1.6216431,-0.8528322,-0.2827799,-1.0635434,-0.19588971,-0.97191995,-1.2208843,-0.8667115,-0.53978425,-0.07664885,-1.2681845,-1.2114627,-0.42259786,-0.43944895,-0.4157698,0.0,0.0,0.0,-0.58299744,-1.0752244,-0.6276161,0.47185332,0.6169304,0.497839,0.22679125,0.4450926,-0.0025374528,-0.72942764,-1.2912333,-0.76979685,-0.6089795,-0.8176283,-0.63061875
2024-01-01 21:00:00,-1.5511523,1.2878107,-0.4055843,1.0030288,-0.7768363,-1.1914804,-1.1822832,-1.015142,-1.0,1.0,0.60100204,1.6859323,-0.29279897,-0.16673686,-0.16673686,1.4326701,-0.2908696,-0.42030957,-0.26738998,-0.26738998,1.366673,-0.4529817,-0.5170121,-0.34086284,-0.34086284,1.5057724,-0.59837115,-0.35111368,-0.21341594,-0.21341594,1.7586812,-0.3602915,-0.53807634,-0.34862095,-0.34862095,1.5007168,-0.19204375,-0.55498284,-0.7290221,-0.47303668,-0.42762175,-0.45399112,-0.4159355,-0.25405747,-0.066703565,-0.33774647,-0.49269378,-0.8195255,-0.31557742,0.22742942,0.0,0.6527231,0.79787517,0.39308167,1.2355824,-0.35882077,0.5652651,1.5508862,0.6534543,-0.33811864,-0.94540733,-0.5372259,-1.5234793,-0.9059372,-0.35517463,-1.3125864,-0.8725642,-0.2639565,-1.2367343,-0.73317444,-0.25473025,-0.86034083,-0.57003003,0.72142,0.51733315,0.9812969,0.6683733,0.6926161,1.0779384,0.44551837,0.77436215,1.1166068,0.97591215,-0.6074632,-0.6164915,0.20147134,-0.6054059,-0.21278118,0.48509413,-0.268579,-0.589262,-0.20182401,0.0,-0.5091942,0.43977043,-0.5342237,0.11466726,-0.54774517,-1.4116954,-1.1104383,-0.6920114,-1.4444944,-1.2395848,-1.1654081,-1.4569206,-1.3624946,0.38112003,-0.9100466,-0.29366523,-0.5780761,-1.0360507,-1.0571676,-0.7173229,-0.9413514,-1.0726483,-0.8942142,-0.73711187,-1.0780816,-0.08104803,-1.1525707,-0.81522065,-0.4055843,-0.4055843,-0.4055843,-0.4055843,-0.4055843,-0.4055843,-1.0606068,0.14765906,-0.9021493,-1.2515751,-0.7176941,-0.137522,1.2115912,-0.116237,1.1122012,1.3330606,0.996408,0.63185513,-0.7768363,0.7060542,-0.7768363,-0.7746815,-0.7768363,0.70446855,-1.422865,0.16857266,-1.2557842,-1.6216431,-1.0612786,-0.44949973,-1.1375407,0.0022130115,-1.0635595,-1.2208843,-0.97192466,-0.6417913,-0.16507883,-1.350052,-1.2878107,-0.42259786,-0.43944895,-0.4157698,0.0,0.0,0.0,-0.7076152,-1.1821654,-0.8802808,0.5309286,0.65749466,0.6207725,0.10603909,0.11211555,-0.30017614,-0.8555979,-1.4009156,-1.0258938,-0.67096776,-0.8635803,-0.7636585
2024-01-01 22:00:00,-1.6316389,1.335805,-0.4055843,1.0030288,-0.7768363,-1.2241887,-1.2585987,-1.015142,-0.70710677,1.2247449,0.60100204,1.6859323,-0.29279897,-0.16673686,-0.16673686,1.4326701,-0.2908696,-0.42030957,-0.26738998,-0.26738998,1.6359682,-0.4529817,-0.5170121,-0.34086284,-0.34086284,1.6701144,-0.59837115,-0.35111368,-0.21341594,-0.21341594,1.7586812,-0.3602915,-0.53807634,-0.34862095,-0.34862095,1.7536874,-0.19204375,-0.55498284,-0.7290221,-0.47303668,-0.42762175,-0.45399112,-0.4159355,-0.25405747,-0.066703565,-0.33774647,-0.49269378,-0.8195255,-0.31557742,0.22742942,0.0,0.6527231,1.11168,0.9972474,1.2355824,-0.35882077,0.5652651,1.5508862,0.16830988,-0.40675873,-0.94540733,-0.5372259,-1.5234793,-1.1098002,-0.5517706,-1.3648671,-1.0460693,-0.37898535,-1.2367343,-0.8232305,-0.16492581,-0.9296026,-0.7941803,0.7747143,0.51733315,1.0317228,0.8100908,0.7327984,1.1797885,0.44551837,0.77436215,1.2449414,0.7674491,-0.4581848,-0.86780244,0.20147134,-0.6054059,-0.659316,0.23518917,-0.42870975,-0.7902194,-0.20182401,0.0,-0.5091942,0.478997,-0.55698323,-0.4797151,-0.54774517,-1.4116954,-1.3093905,-0.92079854,-1.5127943,-1.4197425,-1.3039572,-1.4569206,-1.4680057,0.392078,-0.87858576,-0.53017926,-0.5780761,-1.0360507,-1.1570317,-0.8580361,-0.97779477,-1.1569191,-0.95009565,-0.73711187,-1.1236699,-0.1805255,-1.1307536,-0.9530496,-0.4055843,-0.4055843,-0.4055843,-0.4055843,-0.4055843,-0.4055843,-1.1819944,0.43238,-1.0603275,-1.2515751,-0.9018766,-0.32164934,1.2879444,-0.19336805,1.2117131,1.3330606,1.1122981,0.7477513,-0.7768363,1.0390592,-0.7768363,-0.7746815,-0.7768363,0.2706044,-1.5508858,0.41157728,-1.4226042,-1.6216431,-1.2555196,-0.6436491,-1.1915016,0.15225376,-1.1375574,-1.2208843,-1.0635644,-0.7539087,-0.22245483,-1.4003044,-1.335805,-0.42259786,-0.43944895,-0.4157698,0.0,0.0,0.0,-0.81880957,-1.2840108,-1.1068138,0.5836406,0.69612604,0.7309916,0.009437369,-0.16536532,-0.5106385,-0.96817756,-1.5053717,-1.2555041,-0.7252693,-0.9063671,-0.8774761
2024-01-01 23:00:00,-1.6590914,1.352175,-0.4055843,1.0030288,-0.7768363,-1.2351352,-1.2846285,-1.015142,-0.36602542,1.3660254,0.60100204,1.6859323,-0.29279897,-0.16673686,-0.16673686,1.4326701,-0.2908696,-0.42030957,-0.26738998,-0.26738998,1.9052633,-0.4529817,-0.5170121,-0.34086284,-0.34086284,1.8344563,-0.59837115,-0.35111368,-0.21341594,-0.21341594,1.7586812,-0.3602915,-0.53807634,-0.34862095,-0.34862095,2.006658,-0.19204375,-0.55498284,-0.7290221,-0.47303668,-0.42762175,-0.45399112,-0.4159355,-0.25405747,-0.066703565,-0.33774647,-0.49269378,-0.8195255,-0.31557742,0.22742942,0.0,0.6527231,1.4316845,1.5510659,1.2355824,-0.35882077,0.5652651,1.5508862,-0.64204705,-0.5183963,-0.94540733,-0.5372259,-1.5234793,-1.3136631,-0.7696997,-1.4149632,-1.1877356,-0.41821954,-1.2367343,-0.8539469,-0.30645868,-0.993313,-1.1070788,0.79289204,0.5365902,1.0489221,0.9565415,0.77045745,1.2629486,0.4566588,0.77436215,1.373276,0.18142745,-0.33601278,-1.2186153,0.20147134,-0.6054059,-1.1385069,-0.043543596,-0.57549626,-0.89424264,-0.20182401,0.0,-0.5091942,0.38932604,-0.5823615,-1.0802218,-0.54774517,-1.4116954,-1.5083429,-1.1672176,-1.5775188,-1.5668405,-1.3512138,-1.4569206,-1.5039935,0.13726598,-0.8539295,-0.86033666,-0.58118623,-1.0360507,-1.2502567,-1.0080185,-1.0118643,-1.2229533,-0.9687975,-0.75830746,-1.1389269,-0.46801394,-1.1142361,-1.1128935,-0.4055843,-0.4055843,-0.4055843,-0.4055843,-0.4055843,-0.4055843,-1.2583017,0.58943224,-1.181702,-1.2515751,-1.0600377,-0.51924235,1.335942,-0.22805645,1.2880712,1.3330606,1.2118154,0.8721232,-0.7768363,1.2483948,-0.7768363,-0.7746815,-0.7768363,-0.23464108,-1.631363,0.5412336,-1.5506098,-1.6216431,-1.4223182,-0.851997,-1.2242103,0.23190123,-1.1915188,-1.2208843,-1.1375625,-0.86660784,-0.24234015,-1.4172319,-1.352175,-0.42259786,-0.43944895,-0.4157698,0.0,0.0,0.0,-0.9133527,-1.3741947,-1.2917771,0.628459,0.73033416,0.8209851,-0.0696004,-0.40015683,-0.61958176,-1.0638986,-1.5978675,-1.4429802,-0.77113116,-0.94395965,-0.96666306
2024-01-02 00:00:00,-1.6316389,1.3261966,-0.008493587,1.0030288,-0.7768363,-1.2201064,-1.2662379,-1.015142,2.2650515e-17,1.4142135,0.60100204,1.6859323,-0.29279897,-0.16673686,-0.16673686,1.4326701,-0.2908696,-0.42030957,-0.26738998,-0.26738998,2.1745586,-0.4529817,-0.5170121,-0.34086284,-0.34086284,1.8344563,-0.59837115,-0.35111368,-0.21341594,-0.21341594,1.7586812,-0.3602915,-0.53807634,-0.34862095,-0.34862095,2.006658,-0.19204375,-0.17057352,-0.34622535,-0.08318048,-0.39273286,-0.43547097,-0.34806463,-0.25405747,-0.066703565,-0.33774647,-0.10659421,-0.5911951,0.38436252,0.22742942,0.0,0.6527231,1.7538035,1.5510659,1.2355824,4.554002,0.5652651,1.5508862,-2.9978542,-0.5183963,-0.94540733,-1.0928289,-1.5234793,-1.5036333,-0.98766387,-1.4156008,-1.2893255,-0.41821954,-1.2367343,-0.8539469,-0.68158007,-0.991185,-1.4704504,0.79289204,0.5365902,1.0489221,1.0996462,0.76997304,1.3200885,1.197974,0.77436215,1.4928647,-0.9598666,-0.3423616,-1.6431435,0.12738664,-0.6054059,-1.1385069,-0.33210897,-0.57549626,-0.89424264,-0.20182401,0.0,-0.5091942,0.1731034,-0.5823615,-1.0802218,-1.313525,-1.4116954,-1.6937368,-1.411399,-1.5775188,-1.6708546,-1.3512138,-1.4569206,-1.5039935,-0.42209187,-0.8539295,-1.2494377,-1.1807152,-1.0360507,-1.3314549,-1.1561,-1.0116171,-1.2674385,-0.9687975,-0.75830746,-1.1389269,-1.0209907,-1.1151718,-1.2827168,-0.4055843,-0.4055843,-0.4055843,-0.4055843,-0.4055843,-0.4055843,-1.2843288,0.6081129,-1.2580011,-1.2515751,-1.1813991,-0.7168353,1.352313,-0.21793823,1.3360718,1.3330606,1.2881775,0.996495,-0.7768363,1.3197954,-0.7768363,-0.7746815,-0.7768363,-0.7768363,-1.6588123,0.5487058,-1.6310775,-1.6216431,-1.5503073,-1.0603449,-1.2351569,0.22834611,-1.2242278,-1.2208843,-1.1915241,-0.97181475,-0.23397204,-1.3945239,-1.3261966,-0.3881048,-0.40633133,-0.3479116,0.0,0.0,0.0,-0.9898293,-1.3753709,-1.4244157,0.66334856,0.729442,0.88282025,-0.13546522,-0.40015683,-0.61958176,-1.1403567,-1.5978675,-1.5755458,-0.80754554,-0.9434419,-1.0267457
2024-01-02 01:00:00,-1.5511523,1.2782023,-0.008493587,1.0030288,-0.7768363,-1.1873246,-1.1899223,-1.015142,0.36602542,1.3660254,0.60100204,1.6859323,-0.29279897,-0.16673686,-0.16673686,1.4326701,-0.2908696,-0.42030957,-0.26738998,-0.26738998,2.1745586,-0.4529817,-0.5170121,-0.34086284,-0.34086284,1.8344563,-0.59837115,-0.35111368,-0.21341594,-0.21341594,1.7586812,-0.3602915,-0.53807634,-0.34862095,-0.34862095,2.006658,-0.19204375,-0.17057352,-0.34622535,-0.08318048,-0.35784397,-0.4169508,-0.28019378,-0.25405747,-0.066703565,-0.33774647,0.027922768,-0.50371534,0.56978434,0.22742942,0.0,0.6527231,1.7538035,1.5510659,1.2355824,4.554002,0.5652651,1.5508862,-2.9978542,-0.5183963,-0.94540733,-1.2380519,-1.5234793,-1.6667641,-1.1426483,-1.4162383,-1.3425956,-0.41821954,-1.2367343,-0.8539469,-0.925366,-0.98935246,-1.813431,0.79289204,0.5365902,1.0489221,1.1758842,0.76948863,1.3488641,1.2820209,0.77436215,1.5955579,-1.2842833,-0.34828126,-2.019047,-0.089818686,-0.6054059,-1.1385069,-0.61084175,-0.57549626,-0.89424264,-0.20182401,0.0,-0.5091942,-0.15165062,-0.5823615,-1.0802218,-1.4529947,-1.4116954,-1.8529383,-1.5677798,-1.5775188,-1.7246963,-1.3512138,-1.4569206,-1.5039935,-0.68113834,-0.8539295,-1.6093115,-1.2524271,-1.0360507,-1.3970215,-1.2307069,-1.0113653,-1.2896258,-0.9687975,-0.75830746,-1.1389269,-1.1660779,-1.1160656,-1.4266814,-0.008493587,-0.4055843,-0.4055843,-0.4055843,-0.4055843,-0.4055843,-1.2659402,0.1439333,-1.2840253,-1.175338,-1.25769,-0.90096265,1.3263329,0.45535624,1.3524439,1.2851171,1.3361808,1.1123911,-0.7768363,1.2483948,-0.7768363,-0.7746815,-0.7768363,-0.7768363,-1.631363,-0.15305567,-1.6585236,-1.5414147,-1.6307646,-1.2544943,-1.2201278,-0.45696837,-1.2351744,-1.1882167,-1.2242332,-1.063449,-0.1767341,-1.3442547,-1.2782023,-0.3536117,-0.37321368,-0.28005338,0.0,0.0,0.0,-1.1569456,-1.3765469,-1.4939666,0.7412061,0.72854984,0.91396034,-0.34767014,-0.40015683,-0.61958176,-1.3085836,-1.5978675,-1.6441667,-0.89510393,-0.9429149,-1.056712
2024-01-02 02:00:00,-1.8259505,0.75986665,-0.008493587,-0.78274095,-0.7768363,-1.0179317,-1.992861,0.98508394,0.70710677,1.2247449,0.60100204,1.6859323,-0.29279897,-0.16673686,-0.16673686,1.4326701,-0.2908696,-0.42030957,-0.26738998,-0.26738998,2.1745586,-0.4529817,-0.5170121,-0.34086284,-0.34086284,1.8344563,-0.59837115,-0.35111368,-0.21341594,-0.21341594,1.7586812,-0.3602915,-0.53807634,-0.34862095,-0.34862095,2.006658,-0.19204375,-0.17057352,-0.34622535,-0.08318048,-0.32295507,-0.39843065,-0.21232292,-0.25405747,-0.066703565,-0.33774647,0.11220799,-0.44163147,0.6234906,0.22742942,0.0,0.6527231,1.4937418,1.5510659,0.86898714,0.58764994,0.5652651,-0.32157555,-1.0959007,-0.5183963,0.62323505,-1.4273102,-1.5234793,-1.791939,-1.3770057,-1.4168757,-1.5154285,-1.4857229,-1.2526437,-1.6896949,-0.7923295,-0.98443425,-0.6493434,0.79289204,0.5365902,1.0489221,1.1970011,0.7690042,1.2706935,1.3915532,0.77436215,1.1294621,-1.5566555,-0.34946483,-0.4076961,-0.4353425,-0.6054059,-1.1385069,-0.86074674,-0.57549626,-0.89424264,-0.20182401,0.0,-0.5091942,-0.5542987,-0.5823615,-1.0802218,-1.6347551,-1.4116954,-1.9750978,-1.7406074,-1.5775188,-1.7982453,-1.6384445,-1.4569206,-1.722732,-0.90256596,-0.8539295,-1.5378941,-1.3416255,-1.0360507,-1.291057,-1.2796022,-1.0111284,-1.2681935,-0.9687975,-0.75830746,-1.1389269,-1.3504077,-1.1166182,-1.2134348,-0.008493587,-0.4055843,-0.008493587,-0.4055843,-0.4055843,-0.4055843,-1.1896328,0.022606425,-1.2656386,-1.9774516,-1.2837114,-1.0590764,1.2783353,0.53169143,1.3264621,0.7673315,1.3525538,1.2119135,-0.7768363,1.0390592,-0.7768363,-0.7746815,-0.7768363,-0.7768363,-1.5508858,-0.28086585,-1.6310775,-1.8153311,-1.658207,-1.4212141,-1.1873457,-0.5389415,-1.2201453,-1.0187882,-1.2351798,-1.1374428,-1.1718985,-1.1469518,-0.75986665,-0.34734023,-0.37321368,-0.25291008,0.0,0.0,0.0,-1.2717937,-1.3765469,-1.5364479,0.7954021,0.72854984,0.9335495,-0.5086506,-0.40015683,-0.61958176,-1.424686,-1.5978675,-1.6864752,-0.9557215,-0.9429149,-1.0746548
2024-01-02 03:00:00,-1.6590914,0.66036814,-0.008493587,-0.78274095,-0.7768363,-0.94299024,-1.8346486,0.98508394,1.0,1.0,0.60100204,1.6859323,-0.29279897,-0.16673686,-0.16673686,1.4326701,-0.2908696,-0.42030957,-0.26738998,-0.26738998,2.1745586,-0.4529817,-0.5170121,-0.34086284,-0.34086284,1.8344563,-0.59837115,-0.35111368,-0.21341594,-0.21341594,1.7586812,-0.3602915,-0.53807634,-0.34862095,-0.34862095,2.006658,-0.19204375,-0.17057352,-0.34622535,-0.08318048,-0.28806618,-0.37991047,-0.14445207,-0.25405747,-0.066703565,-0.33774647,0.16583985,-0.3936872,0.56978434,0.22742942,0.0,0.6527231,1.23368,1.5510659,0.502392,0.58764994,0.5652651,-0.32157555,-0.4332606,-0.5183963,1.0387857,-1.6477062,-1.5234793,-1.7998157,-1.5745119,-1.4175133,-1.636408,-1.4857229,-1.2526437,-1.6896949,-0.88562405,-0.9801286,-0.464724,0.79289204,0.5365902,1.0489221,1.1996729,0.76851976,1.1620842,1.4232854,0.77436215,1.0267688,-1.594391,-0.34974164,0.411143,-0.8856379,-0.6054059,-1.1385069,-1.0647932,-0.57549626,-0.89424264,-0.20182401,0.0,-0.5091942,-0.99357724,-0.5823615,-1.0802218,-1.8464197,-1.4116954,-1.9750978,-1.876037,-1.5775188,-1.8179528,-1.6384445,-1.4569206,-1.722732,-1.2354528,-0.8539295,-1.5903324,-1.4396647,-1.0360507,-1.224653,-1.3104002,-1.0108826,-1.22366,-0.9687975,-0.75830746,-1.1389269,-1.5063081,-1.1170595,-1.007939,-0.008493587,-0.4055843,-0.008493587,-0.4055843,-0.008493587,-0.4055843,-1.9924849,-0.13550982,-1.1893395,-1.8194017,-1.2653266,-1.1804013,0.7599642,0.6311733,1.2784615,0.66793853,1.3265706,1.2882795,-0.7768363,0.7060542,-0.7768363,-0.7746815,-0.7768363,-0.7768363,-1.8256522,-0.44743136,-1.5506098,-1.6490073,-1.6307646,-1.5491427,-1.017951,-0.64090306,-1.1873629,-0.94408745,-1.2201507,-1.1914011,-1.0681889,-1.0450693,-0.66036814,-0.33981448,-0.37321368,-0.21219516,0.0,0.0,0.0,-1.3857701,-1.3765469,-1.5560786,0.84913516,0.72854984,0.94148093,-0.65993154,-0.40015683,-0.61958176,-1.5398704,-1.5978675,-1.7052476,-1.01377,-0.9429149,-1.0819769
2024-01-02 04:00:00,-1.4647797,0.54449964,-0.008493587,-0.78274095,-0.7768363,-0.8503578,-1.6504065,0.98508394,1.2247449,0.70710677,0.60100204,1.6859323,-0.29279897,-0.16673686,-0.16673686,1.4326701,-0.2908696,-0.42030957,-0.26738998,-0.26738998,2.1745586,-0.4529817,-0.5170121,-0.34086284,-0.34086284,1.8344563,-0.59837115,-0.35111368,-0.21341594,-0.21341594,1.7586812,-0.3602915,-0.53807634,-0.34862095,-0.34862095,2.006658,-0.19204375,-0.17057352,-0.34622535,-0.08318048,-0.25317731,-0.36139032,-0.07658122,-0.25405747,-0.066703565,-0.33774647,0.19601718,-0.35547894,0.38436252,0.22742942,0.0,0.6527231,0.9736182,1.5510659,0.1357968,0.58764994,0.5652651,-0.32157555,-0.018065685,-0.5183963,1.1591473,-1.8842202,-1.5234793,-1.7998157,-1.7291038,-1.4181508,-1.7090676,-1.4857229,-1.2526437,-1.6896949,-1.105576,-0.9765343,-0.5221707,0.79289204,0.5365902,1.0489221,1.180865,0.76803535,1.0251105,1.2957324,0.77436215,0.9071801,-1.344793,-0.34896174,0.8803422,-1.410018,-0.6054059,-1.1385069,-1.2090759,-0.57549626,-0.89424264,-0.20182401,0.0,-0.5091942,-1.4184531,-0.5823615,-1.0802218,-2.0735636,-1.4116954,-1.8926891,-1.967916,-1.5775188,-1.7874877,-1.6384445,-1.4569206,-1.722732,-1.6017283,-0.8539295,-1.433666,-1.5239449,-1.0360507,-1.1425734,-1.3202578,-1.0106261,-1.1566632,-0.9687975,-0.75830746,-1.1389269,-1.5670085,-1.1173496,-0.83860326,-0.008493587,-0.4055843,-0.008493587,-0.4055843,-0.008493587,-0.4055843,-1.8342897,-0.3196401,-1.992105,-1.6353489,-1.1890358,-1.2566694,0.6604589,0.74702245,0.7600568,0.5521929,1.2785673,1.3362854,-0.7768363,0.27207363,-0.7768363,-0.7746815,-0.7768363,-0.7768363,-1.6588123,-0.641401,-1.8253436,-1.4553193,-1.5503073,-1.629562,-0.94300884,-0.7529705,-1.0179667,-0.85174805,-1.1873683,-1.2241082,-0.95488715,-0.9220283,-0.54449964,-0.33061633,-0.37321368,-0.14433695,0.0,0.0,0.0,-1.4942255,-1.3765469,-1.5518404,0.9001849,0.72854984,0.93671906,-0.78416467,-0.40015683,-0.61958176,-1.649418,-1.5978675,-1.6990772,-1.0667747,-0.9429149,-1.078346
2024-01-02 05:00:00,-1.2562578,0.42015743,-0.008493587,-0.78274095,-0.7768363,-0.74421513,-1.4526902,0.98508394,1.3660254,0.36602542,0.60100204,1.6859323,-0.29279897,-0.16673686,-0.16673686,1.4326701,-0.2908696,-0.42030957,-0.26738998,-0.26738998,2.1745586,-0.4529817,-0.5170121,-0.34086284,-0.34086284,1.8344563,-0.59837115,-0.35111368,-0.21341594,-0.21341594,1.7586812,-0.3602915,-0.53807634,-0.34862095,-0.34862095,2.006658,-0.19204375,-0.17057352,-0.34622535,-0.08318048,-0.21828842,-0.34287018,-0.008710358,-0.25405747,-0.066703565,0.06946296,0.20578662,-0.3247461,-0.31557742,0.22742942,0.0,0.6527231,0.71355647,1.5510659,-0.23079836,0.58764994,0.5652651,-0.32157555,0.24612865,-0.5183963,1.0387857,-2.1207342,-1.5234793,-1.7998157,-1.8376433,-1.4187882,-1.7402343,-1.4857229,-1.2526437,-1.6896949,-1.3665329,-0.97370195,-0.6171984,0.79289204,0.5365902,1.0216275,1.1390066,0.76755095,0.8637798,1.1588511,0.77436215,0.7788455,-0.89160776,-0.347048,0.9839201,-1.9727471,-0.6054059,-1.1385069,-1.2837622,-0.57549626,-0.89424264,-0.20182401,0.0,-0.5091942,-1.8071642,-0.5823615,-1.0802218,-2.3007076,-1.4116954,-1.6937368,-2.0130591,-1.5775188,-1.7139387,-1.6384445,-1.4569206,-1.722732,-1.8678606,-0.8539295,-1.066719,-1.4311336,-1.0360507,-1.0485227,-1.3077337,-1.0103574,-1.0686822,-0.9687975,-0.75830746,-1.1179799,-1.4920532,-1.1174487,-0.71997595,-0.008493587,-0.4055843,-0.008493587,-0.4055843,-0.008493587,-0.4055843,-1.6500673,-0.51723623,-1.8339268,-1.4378359,-1.9917146,-1.282683,0.5445825,0.8713439,0.660545,0.42798263,0.76013464,1.3526592,-0.7768363,-0.23330744,-0.7768363,-0.7746815,-0.7768363,-0.7768363,-1.4645231,-0.849556,-1.6585236,-1.2474663,-1.8250057,-1.6569916,-0.8503753,-0.8656194,-0.94302386,-0.74593586,-1.0179716,-1.2350543,-0.8422413,-0.784707,-0.42015743,-0.31911865,-0.37321368,-0.008620535,0.0,0.0,0.0,-1.5925518,-1.3765469,-1.5244569,0.94634193,0.72854984,0.91799605,-0.85997814,-0.40015683,-0.61958176,-1.7486454,-1.5978675,-1.6675721,-1.1127398,-0.9429149,-1.0631356
2024-01-02 06:00:00,-1.0477357,0.29581523,-0.008493587,-0.78274095,-0.7768363,-0.63073117,-1.254974,0.98508394,1.4142135,1.6192573e-16,0.60100204,1.6859323,-0.29279897,-0.16673686,-0.16673686,1.4326701,-0.2908696,-0.42030957,-0.26738998,-0.26738998,2.1745586,-0.4529817,-0.5170121,-0.34086284,-0.34086284,1.8344563,-0.59837115,-0.35111368,-0.21341594,-0.21341594,1.7586812,-0.3602915,-0.53807634,-0.34862095,-0.34862095,2.006658,-0.19204375,-0.17057352,-0.34622535,-0.08318048,-0.18339953,-0.32435,-0.008710358,-0.25405747,-0.066703565,0.06946296,0.19601718,-0.30015984,-0.31557742,0.22742942,0.0,0.6527231,0.4534947,1.5510659,-0.5973935,0.58764994,0.5652651,-0.32157555,0.39478427,-0.5183963,0.62323505,-2.3411303,-1.5234793,-1.7998157,-1.90013,-1.4194257,-1.7381454,-1.4857229,-1.2526437,-1.6896949,-1.5779961,-0.97163063,-0.6063113,0.79289204,0.5365902,0.97120166,1.0740976,0.76706654,0.6854224,1.0219699,0.77436215,0.65051097,-0.36731365,-0.3440015,0.647988,-1.9727471,-0.6054059,-1.1385069,-1.2837622,-0.57549626,-0.89424264,-0.20182401,0.0,-0.5091942,-1.8071642,-0.5823615,-1.0802218,-2.2852283,-1.4116954,-1.4947846,-2.0114667,-1.5775188,-1.6073301,-1.6384445,-1.4569206,-1.722732,-1.8567643,-0.8539295,-0.62362295,-1.3319032,-1.0360507,-0.94796705,-1.2728432,-1.0100762,-0.9630563,-0.9687975,-0.75830746,-1.0722893,-1.3282983,-1.1173232,-0.66488737,-0.008493587,-0.4055843,-0.008493587,-0.4055843,-0.008493587,-0.008493587,-1.4523724,-0.7148323,-1.6497244,-1.2403228,-1.8335534,-1.2643038,0.42023176,0.9956654,0.54466105,0.30377233,0.6606175,1.3266746,-0.7768363,-0.7756481,-0.7768363,-0.7746815,-0.7768363,-0.7768363,-1.2560251,-1.057711,-1.4642574,-1.0396134,-1.658207,-1.629562,-0.7442316,-0.9707794,-0.85038954,-0.63279957,-0.9430285,-1.220026,-0.7388527,-0.64190936,-0.29581523,-0.3043359,-0.37321368,-0.008620535,0.0,0.0,0.0,-1.6764078,-1.3765469,-1.4690231,0.9855094,0.72854984,0.8910248,-0.85997814,-0.40015683,-0.61958176,-1.8331299,-1.5978675,-1.6113852,-1.1501898,-0.9429149,-1.0393308
2024-01-02 07:00:00,-0.6717319,0.14744367,-0.008493587,-0.85825145,-0.40562144,-0.44603106,-0.8381583,0.98508394,1.3660254,-0.36602542,0.60100204,1.6859323,-0.29279897,-0.16673686,-0.16673686,1.4326701,-0.2908696,-0.42030957,-0.26738998,-0.26738998,2.1745586,-0.4529817,-0.5170121,-0.34086284,-0.34086284,1.8344563,-0.59837115,-0.35111368,-0.21341594,-0.21341594,1.7586812,-0.3602915,-0.53807634,-0.34862095,-0.34862095,2.006658,-0.19204375,-0.17057352,-0.34622535,-0.08318048,-0.14851063,-0.30582985,-0.008710358,-0.25405747,-0.066703565,0.06946296,0.16583985,-0.28087792,-0.31557742,0.22742942,0.0,-1.4921646,0.18243636,1.5716956,-0.97949,0.41993448,0.5652651,-0.40075177,0.4680061,-0.5624961,-0.879078,-2.2639592,-1.5234793,-1.4371157,-1.892617,-1.4290026,-1.6729116,-1.4857229,-1.2526437,-1.6896949,-1.5404987,-0.9677795,-0.103144854,0.79289204,0.5365902,0.42660543,0.9846962,0.7673369,0.4896899,0.85863614,0.77436215,0.49737552,0.15919484,-0.34649667,-0.404253,-1.5874736,-0.6054059,-0.8104281,-1.2326281,-0.61177313,-0.82302296,-0.20182401,0.0,-0.5091942,-1.5410324,-0.5749425,-0.6690839,-1.8756455,-1.4116954,-1.1360369,-1.9459623,-1.58397,-1.4467661,-1.6384445,-1.4569206,-1.722732,-1.4326718,-0.8646349,0.09764469,-1.1704013,-1.0360507,-0.7843084,-1.2096914,-1.0118406,-0.8302042,-0.9687975,-0.75830746,-0.8361922,-1.0910959,-1.1206805,-0.60695064,-0.008493587,-0.4055843,-0.008493587,-0.4055843,-0.008493587,-0.008493587,-1.2546775,-0.8989626,-1.4520508,-0.7169229,-1.6493709,-1.1880357,0.29588103,1.1115146,0.42030227,0.14060327,0.54472727,1.2786689,-0.7768363,-0.7756481,-0.7768363,-0.23226728,-0.7768363,-0.7768363,-1.0475271,-1.2516806,-1.2557842,-0.5813978,-1.463966,-1.5491427,-0.63074636,-1.0623729,-0.7442449,-0.41460368,-0.85039395,-1.1872455,-0.47191727,-0.40566155,-0.14744367,-0.28462556,-0.37321368,-0.008620535,0.0,0.0,0.0,-1.7419425,-1.3765469,-1.4690231,1.0157967,0.72854984,0.8910248,-0.85997814,-0.40015683,-0.61958176,-1.898926,-1.5978675,-1.6113852,-1.1781254,-0.9429149,-1.0393308
2024-01-02 08:00:00,-0.33556262,0.017657118,-0.008493587,-0.928616,-0.059704274,-0.26486787,-0.46322188,0.98508394,1.2247449,-0.70710677,0.60100204,1.6859323,-0.29279897,-0.16673686,-0.16673686,-0.6979974,-0.2908696,-0.42030957,-0.26738998,-0.26738998,1.9052633,-0.4529817,-0.5170121,-0.34086284,-0.34086284,1.8344563,-0.59837115,-0.35111368,-0.21341594,-0.21341594,1.3228512,-0.3602915,-0.53807634,-0.34862095,-0.34862095,2.006658,-0.19204375,-0.17057352,-0.34622535,-0.08318048,-0.11362175,-0.28730968,-0.008710358,-0.25405747,-0.066703565,0.06946296,0.11220799,-0.26634532,-0.31557742,0.22742942,0.0,-1.4921646,-0.0988692,1.611549,-1.0094362,0.26364857,0.5652651,-0.47453225,0.4584475,-0.65558016,-0.8134251,-1.8154491,-1.5234793,-1.0505229,-1.8230126,-1.4469097,-1.3892442,-1.4857229,-1.2526437,-1.5029968,-1.1864064,-1.0071983,0.39129674,0.79289204,0.5365902,0.32206595,0.8740424,0.76831055,0.3612146,0.71576154,0.77436215,0.36342177,0.59087914,-0.35801944,-0.28569874,-1.2284559,-0.6054059,-0.5047073,-1.1338447,-0.68185467,-0.68543714,-0.20182401,0.0,-0.5091942,-1.2501405,-0.5914562,-0.26213902,-1.5094547,-1.4116954,-0.81529546,-1.8240864,-1.5964324,-1.1746523,-1.6384445,-1.4569206,-1.5039935,-0.86671203,-0.9203096,0.48070088,-1.0119921,-1.0360507,-0.6237836,-1.1204439,-1.0159749,-0.69524264,-0.9687975,-0.75830746,-0.73174006,-0.8359826,-1.1346391,-0.40197134,-0.008493587,-0.4055843,-0.008493587,-0.4055843,-0.008493587,-0.008493587,-0.83790666,-1.0570788,-1.2543772,-0.24265194,-1.4517187,-1.990474,0.14749932,1.2109965,0.2959435,-0.0029813577,0.4203618,0.76020956,-0.40562144,-0.7756481,-0.7768363,0.2731823,-0.7768363,-0.7768363,-0.6715666,-1.4182462,-1.047311,-0.1685736,-1.2555196,-1.8237114,-0.44604433,-1.1363337,-0.6307587,-0.1945927,-0.744249,-1.0178589,-0.24602751,-0.17999436,-0.017657118,-0.2570311,-0.37321368,-0.008620535,0.0,0.0,0.0,-1.7860081,-1.3765469,-1.4690231,1.0355946,0.72854984,0.8910248,-0.85997814,-0.40015683,-0.61958176,-1.9427636,-1.5978675,-1.6113852,-1.1959196,-0.9429149,-1.0393308
2024-01-02 09:00:00,-0.062137138,-0.084699705,-0.008493587,-0.9890394,0.23734152,-0.10635566,-0.15571609,0.98508394,1.0,-1.0,0.60100204,1.6859323,-0.29279897,-0.16673686,-0.16673686,-0.6979974,-0.2908696,-0.42030957,-0.26738998,-0.26738998,1.6359682,-0.4529817,-0.5170121,-0.34086284,-0.34086284,1.8344563,-0.59837115,-0.35111368,-0.21341594,-0.21341594,0.8870212,-0.3602915,-0.53807634,-0.34862095,-0.34862095,2.006658,-0.19204375,-0.17057352,-0.34622535,-0.08318048,-0.07873286,-0.26878953,-0.008710358,-0.25405747,-0.066703565,0.06946296,0.027922768,-0.25619435,-0.31557742,0.22742942,0.0,-1.4921646,-0.38897422,1.6679103,-1.0517867,0.12944281,0.5652651,-0.537889,0.35187647,-0.7973161,-0.75524414,-1.4476014,-1.5234793,-0.7334572,-1.7034574,-1.4719701,-1.0778906,-1.4857229,-1.2526437,-1.2855823,-0.6874685,-1.1181792,0.74481285,0.79289204,0.5365902,0.20032717,0.7468244,0.7698882,0.23224455,0.6030828,0.77436215,0.2577785,0.8543356,-0.38000974,-0.29838592,-0.9201605,-0.6054059,-0.24217884,-0.99414396,-0.780965,-0.4908614,-0.20182401,0.0,-0.5091942,-0.9493878,-0.6537853,0.09849152,-1.211611,-1.4116954,-0.5544184,-1.6572211,-1.6140573,-0.8830817,-1.6384445,-1.4569206,-1.2492672,-0.3263209,-1.0413363,0.72666234,-0.873389,-1.0360507,-0.48332942,-1.0094665,-1.0225134,-0.54530376,-0.9687975,-0.75830746,-0.6026304,-0.60481924,-1.1656257,-0.25160697,-0.008493587,-0.4055843,-0.008493587,-0.4055843,-0.008493587,-0.008493587,-0.46301064,-1.1784058,-0.8376514,0.15016921,-1.2540665,-1.8323603,0.017703883,1.2873316,0.14755219,-0.11719651,0.29599628,0.6606873,-0.059704274,-0.7756481,-0.40562144,0.7072217,-0.7768363,-0.7768363,-0.335436,-1.5460564,-0.6713951,0.1707258,-1.0470732,-1.6569916,-0.2648792,-1.190268,-0.44605508,0.00335974,-0.6307625,-0.94292027,-0.069045335,0.013385945,0.084699705,-0.21563941,-0.37321368,-0.008620535,0.0,0.0,0.0,-1.8063709,-1.3765469,-1.4690231,1.0436105,0.72854984,0.8910248,-0.85997814,-0.40015683,-0.61958176,-1.9622145,-1.5978675,-1.6113852,-1.2031811,-0.9429149,-1.0393308
2024-01-02 10:00:00,0.12991098,-0.15265135,-0.008493587,-1.035404,0.46527278,0.009844646,0.063403055,0.98508394,0.70710677,-1.2247449,0.60100204,1.6859323,-0.29279897,-0.16673686,-0.16673686,-0.6979974,-0.2908696,-0.42030957,-0.26738998,-0.26738998,1.366673,-0.4529817,-0.5170121,-0.34086284,-0.34086284,1.8344563,-0.59837115,-0.35111368,-0.21341594,-0.21341594,0.45119122,-0.3602915,-0.53807634,-0.34862095,-0.34862095,2.006658,-0.19204375,-0.17057352,-0.34622535,-0.08318048,-0.043843977,-0.25026935,-0.008710358,-0.25405747,-0.066703565,0.06946296,-0.10659421,-0.25019068,-0.31557742,0.22742942,0.0,-1.4921646,-0.6858313,1.7369385,-1.1036551,0.026463108,0.5652651,-0.58650434,0.12435545,-0.9811902,-0.7172222,-1.1854846,-1.5234793,-0.5075259,-1.5494953,-1.5025195,-0.7600693,-1.4857229,-1.2526437,-1.0522677,-0.19605395,-1.3072194,0.8412138,0.79289204,0.5365902,0.06968537,0.6088594,0.77192926,0.11156883,0.52827865,0.77436215,0.18764508,0.8925857,-0.41145635,-0.46519196,-0.683597,-0.6054059,-0.040733706,-0.8230461,-0.90234977,-0.25255573,-0.20182401,0.0,-0.5091942,-0.6737141,-0.7707341,0.3341679,-1.0024121,-1.4116954,-0.37118396,-1.4598143,-1.6356431,-0.59192425,-1.6384445,-1.4569206,-0.9759123,0.110920176,-1.230153,0.7445963,-0.7717834,-1.0360507,-0.3803669,-0.8832601,-1.0311062,-0.3911412,-0.9687975,-0.75830746,-0.45469052,-0.43267754,-1.2159301,-0.20984425,-0.008493587,-0.4055843,-0.008493587,-0.4055843,-0.008493587,-0.008493587,-0.155538,-1.2546749,-0.4627958,0.43477044,-0.8373856,-1.6482329,-0.08465995,1.3353179,0.017748352,-0.1942586,0.14759694,0.54479116,0.23734152,-0.7756481,-0.059704274,1.0402719,-0.40562144,-0.7768363,-0.062042024,-1.6264012,-0.33530444,0.41337773,-0.6712059,-1.4628422,-0.10636529,-1.2229605,-0.26488838,0.15328668,-0.4460584,-0.85029125,0.055253208,0.15357877,0.15265135,-0.14665326,-0.37321368,-0.008620535,0.0,0.0,0.0,-1.8019748,-1.3765469,-1.4690231,1.0387979,0.72854984,0.8910248,-0.85997814,-0.40015683,-0.61958176,-1.955821,-1.5978675,-1.6113852,-1.1995804,-0.9429149,-1.0393308
2024-01-02 11:00:00,0.22749399,-0.18156703,-0.008493587,-1.0645499,0.60855633,0.06766048,0.17920293,0.98508394,0.36602542,-1.3660254,0.60100204,1.6859323,-0.29279897,-0.16673686,-0.16673686,-0.6979974,-0.2908696,-0.42030957,-0.26738998,-0.26738998,1.0973778,-0.4529817,-0.5170121,-0.34086284,-0.34086284,1.8344563,-0.59837115,-0.35111368,-0.21341594,-0.21341594,0.0153612215,-0.3602915,-0.53807634,-0.34862095,-0.34862095,2.006658,-0.19204375,-0.17057352,-0.34622535,-0.08318048,-0.008955087,-0.2317492,-0.008710358,0.17004298,-0.066703565,0.06946296,-0.49269378,-0.24820346,-0.31557742,0.22742942,0.0,-1.4921646,-0.98693293,1.8139294,-1.1615068,-0.038272634,0.5652651,-0.61706525,-0.2676995,-1.1946565,-0.71266025,-1.0469613,-1.5234793,-0.38812593,-1.3790156,-1.5365193,-0.45743912,-1.4857229,-1.2526437,-0.8189532,0.20714663,-1.5583532,0.5854974,0.7640448,0.5365902,-0.06095644,0.4666969,0.77426165,0.0074112867,0.49644706,0.78613615,0.15780099,0.65808904,-0.4490895,-0.7976545,-0.5348871,-0.6054059,0.0859,-0.63221127,-1.0377369,0.013239706,-0.20182401,0.0,-0.5091942,-0.45137072,-0.9370682,0.36244467,-0.8961145,-1.4116954,-0.27807936,-1.2483956,-1.659719,-0.32102203,-1.6384445,-1.4569206,-0.70255727,0.40502694,-1.4708109,0.46208775,-0.7212292,-1.0392619,-0.32913753,-0.75002116,-1.0410241,-0.24563958,-0.943121,-0.75830746,-0.29651842,-0.34884626,-1.2812183,-0.3225713,-0.008493587,-0.4055843,-0.008493587,-0.4055843,-0.008493587,-0.008493587,0.063557535,-1.280689,-0.15535635,0.59175664,-0.46257055,-1.45064,-0.15261625,1.3516852,-0.08462211,-0.22891597,0.017786078,0.4204193,0.46527278,-0.7756481,0.23734152,1.2496359,-0.059704274,-0.7768363,0.12998398,-1.6538054,-0.061942954,0.5428459,-0.33515856,-1.2544943,0.00983625,-1.2339016,-0.106373124,0.23287372,-0.26489124,-0.7441526,0.12521529,0.22413933,0.18156703,-0.008680963,-0.37321368,-0.008620535,0.0,0.0,0.0,-1.7735698,-1.3765469,-1.4690231,1.0198754,0.72854984,0.8910248,-0.85997814,-0.40015683,-0.61958176,-1.9231774,-1.5978675,-1.6113852,-1.1844957,-0.9429149,-1.0393308
2024-01-02 12:00:00,0.22396179,-0.16947617,-0.008493587,-1.074491,0.6574277,0.05853503,0.183792,0.98508394,1.9584172e-16,-1.4142135,0.60100204,1.6859323,-0.29279897,-0.16673686,-0.16673686,-0.6979974,-0.2908696,-0.42030957,-0.26738998,-0.26738998,0.8280827,-0.4529817,-0.5170121,-0.34086284,-0.34086284,1.8344563,-0.59837115,-0.35111368,-0.21341594,-0.21341594,-0.42046878,-0.3602915,-0.53807634,-0.34862095,-0.34862095,2.006658,-0.19204375,-0.17057352,-0.34622535,-0.08318048,-0.008955087,-0.21322905,-0.008710358,0.17004298,-0.066703565,0.06946296,-0.49269378,-0.25019068,-0.31557742,0.22742942,0.0,-1.5828602,-1.2894822,1.8936363,-1.2213992,-0.06035279,1.587274,-0.627489,-0.92764306,-1.4204856,-0.7631711,-1.0414718,-2.213411,-0.3833942,-1.2101433,-1.571696,-0.19062383,-1.4857229,-1.2526437,-0.32709077,0.4856729,-1.8362676,-0.15673208,0.71075046,0.5365902,-0.21684499,0.328063,0.77669346,-0.073129915,0.49644706,0.82818717,0.15780099,0.117075965,-0.48813954,-1.3055526,-0.48416483,-0.7212646,0.12909241,-0.4346445,-1.1779,0.28841138,-0.20182401,0.0,0.12119416,-0.30333355,-1.1342089,0.04935691,-0.8961145,-1.858926,-0.27807936,-1.0404491,-1.6846441,-0.0888365,-1.6384445,-1.4569206,-0.2096477,0.54191077,-1.7320365,-0.21978594,-0.7212292,-1.1838584,-0.32913753,-0.61925256,-1.0512792,-0.12211162,-0.8871141,-0.75830746,-0.03908647,-0.3715625,-1.3509344,-0.6331364,-0.008493587,-0.008493587,-0.008493587,-0.4055843,-0.008493587,-0.008493587,0.17934494,-1.2623094,0.063715525,0.6104294,-0.1551643,-1.253047,-0.1815339,1.3257111,-0.15258281,-0.2188068,-0.08458991,0.29604742,0.60855633,-0.7756481,0.46527278,1.3210461,0.23734152,-0.7768363,0.22755575,-1.6264012,0.13006023,0.5503073,-0.061832294,-1.0461464,0.0676527,-1.21888,0.009829427,0.22932129,-0.106375545,-0.6306729,0.13959712,0.21625702,0.16947617,-0.008680963,-0.37321368,-0.008620535,0.0,0.0,0.0,-1.7160687,-1.3765469,-1.4690231,0.99261683,0.72854984,0.8910248,-0.85997814,-0.40015683,-0.61958176,-1.8649598,-1.5978675,-1.6113852,-1.1608878,-0.9429149,-1.0393308
2024-01-02 13:00:00,-0.15569581,0.446088,-0.008493587,1.0030288,0.60855633,-0.45220086,0.13322037,-1.015142,-0.36602542,-1.3660254,0.60100204,1.6859323,-0.29279897,-0.16673686,-0.16673686,1.4326701,-0.2908696,-0.42030957,-0.26738998,-0.26738998,0.8280827,-0.4529817,-0.5170121,-0.34086284,-0.34086284,1.8344563,-0.59837115,-0.35111368,-0.21341594,-0.21341594,-0.42046878,-0.3602915,-0.53807634,-0.34862095,-0.34862095,2.006658,-0.19204375,-0.17057352,-0.34622535,-0.08318048,-0.008955087,-0.1947089,-0.008710358,0.17004298,-0.066703565,0.06946296,-0.49269378,-0.25619435,-0.31557742,0.22742942,0.0,0.6527231,-1.2894822,1.8936363,-0.8393027,-0.06035279,1.587274,-0.627489,-0.92764306,-1.4204856,0.834032,-1.0414718,-2.213411,-0.3833942,-1.0560484,-1.5723336,-0.010484279,-1.4857229,-1.2526437,0.115352035,0.6601967,-1.8403308,-0.93636495,0.13517459,0.5365902,0.09692965,0.25093433,0.776209,-0.021435058,0.49644706,0.82818717,0.15780099,-0.88287985,-0.48635855,-0.30293217,-0.48416483,-1.0609449,0.12909241,-0.24380963,-1.3132871,0.48298714,-0.20182401,0.0,0.70862263,-0.24194017,-1.3328352,-0.319627,-0.8961145,-1.858926,-0.27807936,-0.8840684,-1.6846441,0.005380973,-1.6384445,-1.4569206,0.23104224,0.44706455,-1.7320365,-0.8915607,-0.7212292,-1.1838584,-0.32913753,-0.54407036,-1.0509384,-0.123217344,-0.5977093,-0.75830746,-0.047685843,-0.5823961,-1.3502024,-0.6237824,-0.008493587,-0.008493587,-0.008493587,-0.4055843,-0.008493587,-0.008493587,0.18393351,-1.1860403,0.17949043,0.14644499,0.0638839,-0.836491,-0.16944222,1.2777247,-0.18150233,0.45388567,-0.15255429,0.1476405,0.6574277,-0.7756481,0.60855633,1.2496359,0.46527278,-0.40562144,0.22402394,-1.5460564,0.22762041,-0.15043576,0.13014615,-0.6704565,0.058527153,-1.1861142,0.06764638,-0.4554733,0.009827311,-0.44597974,0.59639686,-0.3210789,-0.446088,-0.008680963,-0.34009606,-0.008620535,0.0,0.0,0.0,0.27781498,-1.3777229,0.45317298,0.04741186,0.7276576,-0.04421533,0.88345927,-0.6603905,1.0506204,0.15376402,-1.5978675,0.33692276,-0.10208452,-0.9422015,0.0283034
2024-01-02 14:00:00,-0.28373134,0.5224359,-0.008493587,1.0030288,0.46527278,-0.53436506,0.011819779,-1.015142,-0.70710677,-1.2247449,0.60100204,1.6859323,-0.29279897,-0.16673686,-0.16673686,1.4326701,-0.2908696,-0.42030957,-0.26738998,-0.26738998,0.8280827,-0.4529817,-0.5170121,-0.34086284,-0.34086284,1.8344563,-0.59837115,-0.35111368,-0.21341594,-0.21341594,0.0153612215,-0.3602915,-0.53807634,-0.34862095,-0.34862095,2.006658,-0.19204375,-0.17057352,-0.34622535,-0.08318048,-0.008955087,-0.17618874,-0.008710358,0.17004298,-0.066703565,0.06946296,-0.49269378,-0.26634532,-0.31557742,0.22742942,0.0,0.6527231,-1.0294205,1.8936363,-0.44276133,-0.06035279,1.587274,-0.627489,-0.22164966,-1.4204856,1.326496,-1.0414718,-2.213411,-0.3833942,-0.8225807,-1.572971,0.07761092,-1.2472528,-1.2526437,0.47822347,0.359178,-1.8438643,-1.5791501,0.024688348,0.5365902,0.1771456,0.22892688,0.7757246,0.06594134,0.49644706,0.82818717,0.15780099,-1.1286016,-0.48529574,0.49814227,-0.48416483,-1.6012983,0.12909241,-0.07271179,-1.4346719,0.583707,-0.20182401,0.0,1.2130588,-0.2687967,-1.499095,-0.6608947,-0.8961145,-1.858926,-0.27807936,-0.7112408,-1.6846441,0.014844283,-1.3512138,-1.4569206,0.29898867,0.06723703,-1.7320365,-0.96793383,-0.7212292,-1.1838584,-0.32913753,-0.49461523,-1.0506067,-0.17151573,-0.46967316,-0.75830746,-0.16220494,-0.7419399,-1.349709,-0.34515458,-0.008493587,-0.008493587,-0.008493587,-0.4055843,-0.008493587,-0.008493587,0.13336734,-1.9884912,0.1840785,0.025169149,0.1796463,-0.46178824,0.44616407,0.7594757,-0.16940987,0.5301526,-0.18147537,0.017822973,0.60855633,-0.7756481,0.6574277,1.0402719,0.60855633,-0.059704274,-0.15558992,-1.8203708,0.22408903,-0.27806047,0.22769375,-0.33456787,-0.4522142,-1.0168031,0.05852075,-0.5373842,0.06764441,-0.26482332,0.54273504,-0.4270866,-0.5224359,-0.008680963,-0.3069784,-0.008620535,0.0,0.0,0.0,0.18634386,-1.378899,0.3649906,0.09077395,0.72676545,-0.001310388,0.7933022,-0.89370966,0.9642505,0.06115335,-1.5978675,0.24754247,-0.16125531,-0.9415073,-0.031360902
2024-01-02 15:00:00,-0.4505905,0.6219344,-0.008493587,1.0030288,0.23734152,-0.63656795,-0.14639257,-1.015142,-1.0,-1.0,0.60100204,1.6859323,-0.29279897,-0.16673686,-0.16673686,1.4326701,-0.2908696,-0.42030957,-0.26738998,-0.26738998,0.8280827,-0.4529817,-0.5170121,-0.34086284,-0.34086284,1.8344563,-0.59837115,-0.35111368,-0.21341594,-0.21341594,0.45119122,-0.3602915,-0.53807634,-0.34862095,-0.34862095,2.006658,-0.19204375,-0.17057352,-0.34622535,-0.08318048,-0.008955087,-0.15766858,-0.008710358,0.17004298,-0.066703565,0.06946296,-0.49269378,-0.28087792,-0.31557742,0.22742942,0.0,0.6527231,-0.76935875,1.8936363,-0.03381579,-0.06035279,1.587274,-0.627489,0.23805913,-1.4204856,1.483876,-1.0414718,-2.213411,-0.3833942,-0.6259643,-1.5736085,0.07933994,-0.96954864,-1.2526437,0.4892257,-0.061554577,-1.8467051,-1.5956235,-0.017989634,0.5365902,0.28168505,0.22536446,0.7752402,0.18825859,0.49644706,0.82818717,0.15780099,-1.1716262,-0.48516724,1.0231832,-0.48416483,-1.6776501,0.12909241,0.06698902,-1.5337822,0.583707,-0.20182401,0.0,1.2130588,-0.37120283,-1.6062199,-0.6608947,-0.8961145,-1.858926,-0.27807936,-0.5758111,-1.6846441,-0.056079227,-1.0167265,-1.4569206,0.08025026,-0.361422,-1.7320365,-0.5918891,-0.7212292,-1.1838584,-0.32913753,-0.46327695,-1.0502868,-0.2665386,-0.3114122,-0.75830746,-0.30465367,-0.868837,-1.3494952,-0.06533576,-0.008493587,-0.008493587,-0.008493587,-0.4055843,-0.008493587,-0.008493587,0.011979821,-1.830375,0.1335178,-0.13288061,0.18423387,-0.15447412,0.5225172,0.6599938,0.44623628,0.62954557,-0.16938226,-0.08455827,0.46527278,-0.7756481,0.60855633,0.7072217,0.6574277,0.23734152,-0.2836107,-1.6538054,-0.15547974,-0.44438422,0.22416282,-0.061370697,-0.53437924,-0.94189787,-0.452225,-0.63926846,0.058518764,-0.106317066,0.4675636,-0.561538,-0.6219344,-0.008680963,-0.27386075,-0.008620535,0.0,0.0,0.0,0.07638183,-1.380075,0.25898212,0.14290169,0.7258733,0.0502678,0.667637,-1.084214,0.843864,-0.050178606,-1.5978675,0.14009392,-0.23004673,-0.94083744,-0.100726075
2024-01-02 16:00:00,-0.6449021,0.7378029,-0.008493587,1.0030288,-0.059704274,-0.7489058,-0.33063474,-1.015142,-1.2247449,-0.70710677,0.60100204,1.6859323,-0.29279897,-0.16673686,-0.16673686,1.4326701,-0.2908696,-0.42030957,-0.26738998,-0.26738998,0.8280827,-0.4529817,-0.5170121,-0.34086284,-0.34086284,1.8344563,-0.59837115,-0.35111368,-0.21341594,-0.21341594,0.8870212,-0.3602915,-0.53807634,-0.34862095,-0.34862095,2.006658,-0.19204375,-0.17057352,-0.34622535,-0.08318048,-0.008955087,-0.13914841,-0.008710358,0.17004298,-0.066703565,0.06946296,-0.49269378,-0.30015984,-0.31557742,0.22742942,0.0,0.6527231,-0.509297,1.8936363,0.3846478,-0.06035279,1.587274,-0.627489,0.5485869,-1.4204856,1.3574404,-1.0414718,-2.213411,-0.3833942,-0.47226197,-1.574246,0.006266689,-0.67153525,-1.2526437,0.27181116,-0.55032504,-1.8487377,-1.1819382,0.11067432,0.5365902,0.40342385,0.24328174,0.7747558,0.3423948,0.49644706,0.82818717,0.15780099,-0.9646814,-0.48612607,1.1756145,-0.48416483,-1.6776501,0.12909241,0.16577241,-1.6038637,0.48298714,-0.20182401,0.0,0.70862263,-0.5152068,-1.6486617,-0.319627,-0.8961145,-1.858926,-0.27807936,-0.48393214,-1.6846441,-0.197544,-0.6577775,-1.4569206,-0.17447603,-0.756753,-1.7320365,-0.24378434,-0.7212292,-1.1838584,-0.32913753,-0.45290133,-1.0499799,-0.4025193,-0.13808335,-0.75830746,-0.4612283,-0.91687,-1.3495663,0.056522507,-0.008493587,-0.008493587,-0.008493587,-0.4055843,-0.008493587,-0.008493587,-0.14621547,-1.6462448,0.012143382,-0.31693345,0.13367863,0.06450845,0.62202257,0.54414463,0.5225944,0.7452911,0.44629717,-0.15252613,0.23734152,-0.7756481,0.46527278,0.2731823,0.60855633,0.46527278,-0.45045063,-1.4598356,-0.28348532,-0.6380723,-0.15535703,0.13051708,-0.63658327,-0.8493101,-0.53439075,-0.75125086,-0.45222834,0.0098788785,0.37255394,-0.71283436,-0.7378029,-0.008680963,-0.24074313,-0.008620535,0.0,0.0,0.0,-0.04800921,-1.3812511,0.1390634,0.20186953,0.72498107,0.10861398,0.51135063,-1.2189208,0.69414264,-0.17611933,-1.5978675,0.018546185,-0.3048927,-0.940195,-0.17619626
2024-01-02 17:00:00,-0.85342413,0.8621451,-0.008493587,1.0030288,-0.40562144,-0.8618326,-0.52835095,-1.015142,-1.3660254,-0.36602542,0.60100204,1.6859323,-0.29279897,-0.16673686,-0.16673686,1.4326701,-0.2908696,-0.42030957,-0.26738998,-0.26738998,0.8280827,-0.4529817,-0.5170121,-0.34086284,-0.34086284,1.8344563,-0.59837115,-0.35111368,-0.21341594,-0.21341594,1.3228512,-0.3602915,-0.53807634,-0.34862095,-0.34862095,2.006658,-0.19204375,-0.17057352,-0.34622535,-0.08318048,-0.008955087,-0.12062826,-0.008710358,0.17004298,-0.066703565,0.06946296,-0.49269378,-0.3247461,-0.31557742,0.22742942,0.0,0.6527231,-0.24923524,1.8936363,0.80909467,-0.06035279,1.587274,-0.627489,0.7472279,-1.4204856,0.87951195,-1.0414718,-2.213411,-0.3833942,-0.36461222,-1.5748835,-0.12494727,-0.37352192,-1.2526437,0.038496614,-1.0370097,-1.8499019,-0.822901,0.24874775,0.5365902,0.53406566,0.28424957,0.77427137,0.5230597,0.49644706,0.82818717,0.17028005,-0.564131,-0.48825198,0.7981015,-0.48416483,-1.6776501,0.12909241,0.21690644,-1.6401407,0.28841138,-0.20182401,0.0,0.12119416,-0.63458896,-1.6486195,0.04935691,-0.8961145,-1.858926,-0.28144947,-0.43878892,-1.6846441,-0.39489716,-0.29882842,-1.4569206,-0.447831,-1.0011533,-1.7320365,-0.11698699,-0.7212292,-1.1838584,-0.3372234,-0.46493024,-1.0496866,-0.5690999,-0.3310168,-0.75830746,-0.61862385,-0.86100656,-1.3498996,-0.083943486,-0.008493587,-0.008493587,-0.008493587,-0.4055843,-0.008493587,-0.008493587,-0.3304378,-1.4486486,-0.14603484,-0.5144465,0.012317328,0.18023616,0.737899,0.4198232,0.62210613,0.8695014,0.5226594,-0.1814487,-0.059704274,-0.7756481,0.23734152,-0.23226728,0.46527278,0.60855633,-0.64473987,-1.2516806,-0.4503054,-0.8459253,-0.2833461,0.22801861,-0.7489223,-0.7432188,-0.63659567,-0.86381435,-0.5343943,0.06769254,0.2616542,-0.86889756,-0.8621451,-0.008680963,-0.20762548,-0.008620535,0.0,0.0,0.0,-0.18223274,-1.3824271,0.00966572,0.2654985,0.7240889,0.17157213,0.33051538,-1.2886502,0.52090365,-0.31201503,-1.5978675,-0.112609304,-0.3823301,-0.9395809,-0.25427952
2024-01-02 18:00:00,-1.0619462,0.9864873,-0.008493587,1.0030288,-0.7768363,-0.9672583,-0.7260672,-1.015142,-1.4142135,-1.844567e-16,0.60100204,1.6859323,-0.29279897,-0.16673686,-0.16673686,1.4326701,-0.2908696,-0.42030957,-0.26738998,-0.26738998,0.8280827,-0.4529817,-0.5170121,-0.34086284,-0.34086284,1.8344563,-0.59837115,-0.35111368,-0.21341594,-0.21341594,1.7586812,-0.3602915,-0.53807634,-0.34862095,-0.34862095,2.006658,-0.19204375,-0.17057352,-0.34622535,-0.08318048,-0.008955087,-0.1021081,-0.008710358,0.17004298,-0.066703565,0.06946296,-0.49269378,-0.35547894,-0.31557742,0.22742942,0.0,0.6527231,0.010826518,1.8936363,1.2355824,-0.06035279,1.587274,1.5508862,0.8513433,-1.4204856,-0.94540733,-1.0414718,-2.213411,-0.43553802,-0.30301505,-1.575521,-0.2936782,0.25473538,-1.2526437,-0.19481792,-1.417352,-1.8501972,-0.57003003,0.38682118,0.5365902,0.6647075,0.34826797,0.77378696,0.72315514,0.49644706,0.82818717,0.80560863,-0.08033876,-0.49154624,-0.6164915,-0.48416483,-1.6776501,0.0859,0.21690644,-1.6401407,0.013239706,2.6285467,0.0,-0.5091942,-0.63458896,-1.6486195,0.36244467,-0.8961145,-1.858926,-0.6436833,-0.44038138,-1.6846441,-0.62967724,-0.32329023,-1.4569206,-0.721186,-0.9917552,-1.7320365,-0.29366523,-0.7212292,-1.1838584,-0.7897753,-0.4993474,-1.0494063,-0.75293916,-0.5111347,-0.75830746,-0.76556444,-0.7208754,-1.3504553,-0.67567736,-0.008493587,-0.008493587,-0.008493587,-0.4055843,-0.008493587,-0.008493587,-0.5281327,-1.2510525,-0.33023727,-0.71195954,-0.1458438,0.18482237,0.86224973,0.29550174,0.7379901,0.9937117,0.6221765,-0.16935496,-0.40562144,-0.7756481,-0.059704274,-0.7746815,0.23734152,0.6574277,-0.85323787,-1.0435256,-0.64457154,-1.0537782,-0.4501447,0.22448935,-0.8618503,-0.6297896,-0.74893564,-0.9688946,-0.6365995,0.058567435,0.1414972,-1.0184752,-0.9864873,-0.008680963,-0.17450784,-0.008620535,0.0,0.0,0.0,-0.3213725,-1.3836031,-0.124471456,0.331458,0.72319674,0.23683628,0.1320998,-1.2886502,0.33082274,-0.45288825,-1.5978675,-0.24856867,-0.45926255,-0.9389941,-0.33185366
2024-01-02 19:00:00,-1.2562578,1.1023558,-0.008493587,1.0030288,-0.7768363,-1.0590887,-0.9103093,-1.015142,-1.3660254,0.36602542,0.60100204,1.6859323,-0.29279897,-0.16673686,-0.16673686,1.4326701,-0.2908696,-0.42030957,-0.26738998,-0.26738998,0.8280827,-0.4529817,-0.5170121,-0.34086284,-0.34086284,1.8344563,-0.59837115,-0.35111368,-0.21341594,-0.21341594,1.7586812,-0.3602915,-0.53807634,-0.34862095,-0.34862095,2.006658,-0.19204375,-0.17057352,-0.34622535,-0.08318048,-0.008955087,-0.08358794,-0.008710358,0.17004298,-0.066703565,0.06946296,-0.49269378,-0.3936872,-0.31557742,0.22742942,0.0,0.6527231,0.28188488,1.8936363,1.2355824,-0.06035279,1.587274,1.5508862,0.84486544,-1.4204856,-0.94540733,-1.0414718,-2.213411,-0.5607128,-0.31141785,-1.5761585,-0.487198,0.14598367,-1.2526437,-0.41223246,-1.3673208,-1.8496829,-0.45340514,0.51548517,0.5365902,0.7864463,0.43677875,0.77330256,0.8367541,0.49644706,0.82818717,0.88440794,0.3702162,-0.4959313,-0.48573503,-0.48416483,-1.6776501,-0.040733706,0.16577241,-1.6401407,-0.25255573,-0.20182401,0.0,-0.5091942,-0.5152068,-1.6486195,0.3341679,-0.8961145,-1.858926,-0.76584285,-0.50588584,-1.6846441,-0.83061695,-0.6577775,-1.4569206,-0.9759123,-0.6925809,-1.7320365,-0.17060752,-0.7212292,-1.1838584,-0.86257917,-0.56204575,-1.0491376,-0.8617036,-0.6680253,-0.75830746,-0.8935562,-0.541258,-1.3511856,-0.661687,-0.008493587,-0.008493587,-0.008493587,-0.4055843,-0.008493587,-0.008493587,-0.72582763,-0.8344899,-0.5279108,-0.89601237,-0.33002636,0.13428228,0.9866004,0.14715497,0.86234885,1.1094573,0.73806673,0.44635603,-0.7768363,-0.40433368,-0.40562144,-0.7746815,-0.059704274,0.60855633,-1.0617359,-0.66818357,-0.8530448,-1.2474663,-0.6443858,-0.15485126,-0.9672771,-0.44517875,-0.8618647,-1.0604186,-0.7489398,-0.4521493,0.021196246,-1.1520662,-1.1023558,-0.008680963,-0.1413902,-0.008620535,0.0,0.0,0.0,-0.46042094,-1.3847792,-0.37713617,0.3973742,0.7223046,0.35976973,-0.009625622,-1.2886502,0.052455693,-0.59366894,-1.5978675,-0.5046657,-0.5331092,-0.9384317,-0.4787528
2024-01-02 20:00:00,-1.4231169,1.2018543,-0.008493587,1.0030288,-0.7768363,-1.133245,-1.0685217,-1.015142,-1.2247449,0.70710677,0.60100204,1.6859323,-0.29279897,-0.16673686,-0.16673686,1.4326701,-0.2908696,-0.42030957,-0.26738998,-0.26738998,1.0973778,-0.4529817,-0.5170121,-0.34086284,-0.34086284,1.8344563,-0.59837115,-0.35111368,-0.21341594,-0.21341594,1.7586812,-0.3602915,-0.53807634,-0.34862095,-0.34862095,2.006658,-0.19204375,-0.17057352,-0.34622535,-0.08318048,-0.008955087,-0.06506778,-0.008710358,0.17004298,-0.066703565,0.06946296,-0.49269378,-0.44163147,-0.31557742,0.22742942,0.0,0.6527231,0.5631904,1.8936363,1.2355824,-0.06035279,1.587274,1.5508862,0.7157756,-1.4204856,-0.94540733,-1.0414718,-2.213411,-0.7238438,-0.38191184,-1.5767959,-0.6875444,-0.09248635,-1.2526437,-0.59893054,-1.069252,-1.8484737,-0.45340514,0.6259714,0.5365902,0.8909857,0.546542,0.7728181,0.9543603,0.49644706,0.82818717,0.98710114,0.6849447,-0.501256,-0.48573503,-0.48416483,-1.6776501,-0.24217884,0.06698902,-1.6401407,-0.4908614,-0.20182401,0.0,-0.5091942,-0.37120283,-1.6486195,0.09849152,-0.8961145,-1.858926,-0.9250443,-0.6277617,-1.6846441,-1.0386451,-0.9450082,-1.4569206,-1.1946507,-0.33656317,-1.7320365,-0.17060752,-0.7212292,-1.1838584,-0.9531389,-0.65085596,-1.0488786,-0.9690328,-0.79472005,-0.75830746,-0.996914,-0.3944942,-1.352044,-0.71198356,-0.008493587,-0.008493587,-0.008493587,-0.4055843,-0.008493587,-0.008493587,-0.9100499,-0.4597812,-0.7255844,-1.0540621,-0.52767855,0.012957332,1.1024768,0.01739008,0.9867076,1.2088503,0.86243224,0.5227222,-0.7768363,-0.0583237,-0.7768363,-0.7746815,-0.40562144,0.46527278,-1.2560251,-0.3326059,-1.0615181,-1.4137901,-0.8528322,-0.2827799,-1.0591085,-0.26410306,-0.96729237,-1.1343232,-0.8618691,-0.5343104,-0.08852374,-1.2623638,-1.2018543,-0.008680963,-0.10827257,-0.008620535,0.0,0.0,0.0,-0.5945091,-1.3859552,-0.6387139,0.46093902,0.72141236,0.4870398,-0.11591969,-1.2886502,-0.19712137,-0.72942764,-1.5978675,-0.76979685,-0.60184515,-0.9378895,-0.6237136
2024-01-02 21:00:00,-1.5511523,1.2782023,-0.008493587,1.0030288,-0.7768363,-1.1873246,-1.1899223,-1.015142,-1.0,1.0,0.60100204,1.6859323,-0.29279897,-0.16673686,-0.16673686,1.4326701,-0.2908696,-0.42030957,-0.26738998,-0.26738998,1.366673,-0.4529817,-0.5170121,-0.34086284,-0.34086284,1.8344563,-0.59837115,-0.35111368,-0.21341594,-0.21341594,1.7586812,-0.3602915,-0.53807634,-0.34862095,-0.34862095,2.006658,-0.19204375,-0.17057352,-0.34622535,-0.08318048,-0.008955087,-0.04654762,-0.008710358,0.17004298,-0.066703565,0.06946296,-0.49269378,-0.50371534,-0.31557742,0.22742942,0.0,0.6527231,0.85329545,1.8936363,1.2355824,-0.06035279,1.587274,1.5508862,0.44163576,-1.4204856,-0.94540733,-1.0414718,-2.213411,-0.9138139,-0.5023568,-1.5774335,-0.8810642,-0.27547085,-1.2526437,-0.74218905,-0.7711752,-1.8467319,-0.57003003,0.71075046,0.5365902,0.97120166,0.6728693,0.7723337,1.0679592,0.49644706,0.82818717,1.1066899,0.7856006,-0.50730544,-0.6164915,-0.48416483,-1.6776501,-0.5047073,-0.07271179,-1.6401407,-0.68543714,-0.20182401,0.0,-0.5091942,-0.2687967,-1.6486195,-0.26213902,-0.8961145,-1.858926,-1.1104383,-0.7946271,-1.6846441,-1.2395848,-1.1654081,-1.4569206,-1.3624946,-0.07645946,-1.7320365,-0.29366523,-0.7212292,-1.1838584,-1.0526791,-0.7614083,-1.0486269,-1.0677376,-0.8871141,-0.75830746,-1.0722893,-0.334517,-1.3529882,-0.81360245,-0.008493587,-0.008493587,-0.008493587,-0.4055843,-0.008493587,-0.008493587,-1.0682452,-0.1524622,-0.9097869,-1.175338,-0.72533077,-0.14515641,1.2019821,-0.08494966,1.1025915,1.2851171,0.98679775,0.6222444,-0.7768363,0.2388018,-0.7768363,-0.7746815,-0.7768363,0.23734152,-1.422865,-0.059661645,-1.2557842,-1.5414147,-1.0612786,-0.44949973,-1.1332656,-0.10566743,-1.0591246,-1.1882167,-0.9672971,-0.6365095,-0.1767341,-1.3442547,-1.2782023,-0.008680963,-0.07515493,-0.008620535,0.0,0.0,0.0,-0.7191269,-1.3871312,-0.89137864,0.52001435,0.7205202,0.60997325,-0.19859286,-1.2886502,-0.4009002,-0.8555979,-1.5978675,-1.0258938,-0.663961,-0.9373625,-0.757026
2024-01-02 22:00:00,-1.6316389,1.3261966,-0.008493587,1.0030288,-0.7768363,-1.2201064,-1.2662379,-1.015142,-0.70710677,1.2247449,0.60100204,1.6859323,-0.29279897,-0.16673686,-0.16673686,1.4326701,-0.2908696,-0.42030957,-0.26738998,-0.26738998,1.6359682,-0.4529817,-0.5170121,-0.34086284,-0.34086284,1.8344563,-0.59837115,-0.35111368,-0.21341594,-0.21341594,1.7586812,-0.3602915,-0.53807634,-0.34862095,-0.34862095,2.006658,-0.19204375,-0.17057352,-0.34622535,-0.08318048,-0.008955087,-0.028027462,-0.008710358,0.17004298,-0.066703565,0.06946296,-0.49269378,-0.5911951,-0.31557742,0.22742942,0.0,0.6527231,1.1501526,1.8936363,1.2355824,-0.06035279,1.587274,1.5508862,-0.021398203,-1.4204856,-0.94540733,-1.0414718,-2.213411,-1.1176769,-0.6572085,-1.578071,-1.0545692,-0.3904997,-1.2526437,-0.83224505,-0.5925176,-1.8446563,-0.7941803,0.7640448,0.5365902,1.0216275,0.80994374,0.7718493,1.1698092,0.49644706,0.82818717,1.2350245,0.6065703,-0.51381546,-0.86780244,-0.48416483,-1.6776501,-0.8104281,-0.24380963,-1.6401407,-0.82302296,-0.20182401,0.0,-0.5091942,-0.24194017,-1.6486195,-0.6690839,-0.8961145,-1.858926,-1.3093905,-0.9920338,-1.6846441,-1.4197425,-1.3039572,-1.4569206,-1.4680057,0.012824188,-1.7320365,-0.53017926,-0.7212292,-1.1838584,-1.152741,-0.8871973,-1.0483795,-1.1521846,-0.943121,-0.75830746,-1.1179799,-0.39807883,-1.3539815,-0.9516882,-0.008493587,-0.008493587,-0.008493587,-0.4055843,-0.008493587,-0.008493587,-1.1896328,0.066523835,-1.067965,-1.2515751,-0.9095133,-0.32928374,1.2783353,-0.15288995,1.2021034,1.3330606,1.102688,0.7381406,-0.7768363,0.46679425,-0.7768363,-0.7746815,-0.7768363,-0.059704274,-1.5508858,0.13204849,-1.4226042,-1.6216431,-1.2555196,-0.6436491,-1.1873457,0.010476749,-1.1332823,-1.2208843,-1.0591295,-0.74884313,-0.23397204,-1.3945239,-1.3261966,-0.008680963,-0.042037286,-0.008620535,0.0,0.0,0.0,-0.83032125,-1.3883073,-1.1179116,0.5727263,0.71962804,0.7201924,-0.26473138,-1.2886502,-0.5449936,-0.96817756,-1.5978675,-1.2555041,-0.71837527,-0.9368448,-0.8710816
2024-01-02 23:00:00,-1.6590914,1.3425665,-0.008493587,1.0030288,-0.7768363,-1.2310776,-1.2922677,-1.015142,-0.36602542,1.3660254,0.60100204,1.6859323,-0.29279897,-0.16673686,-0.16673686,1.4326701,-0.2908696,-0.42030957,-0.26738998,-0.26738998,1.9052633,-0.4529817,-0.5170121,-0.34086284,-0.34086284,1.8344563,-0.59837115,-0.35111368,-0.21341594,-0.21341594,1.7586812,-0.3602915,-0.53807634,-0.34862095,-0.34862095,2.006658,-0.19204375,-0.17057352,-0.34622535,-0.08318048,-0.008955087,-0.009507304,-0.008710358,0.17004298,0.41554987,0.06946296,-0.49269378,-0.8195255,-0.31557742,0.22742942,0.0,0.6527231,1.4512541,1.8936363,1.2355824,-0.06035279,1.587274,1.5508862,-0.785169,-1.4204856,-0.94540733,-1.0414718,-2.213411,-1.3215398,-0.8285779,-1.5787084,-1.1962355,-0.4297339,-1.2526437,-0.86296153,-0.5683351,-1.8424685,-1.1070788,0.7822225,0.52528715,1.0388268,0.9512157,0.77136487,1.2529694,0.50975716,0.82818717,1.3633591,0.07567366,-0.5204901,-1.2186153,-0.48416483,-1.6776501,-1.1385069,-0.4346445,-1.6401407,-0.89424264,-0.20182401,0.0,-0.5091942,-0.30333355,-1.6486195,-1.0802218,-0.8999622,-1.858926,-1.5083429,-1.2034526,-1.6846441,-1.5668405,-1.3512138,-1.4569206,-1.5039935,-0.100422256,-1.7320365,-0.86033666,-0.7292085,-1.1838584,-1.2461563,-1.0200212,-1.0481337,-1.2183594,-0.96186525,-0.7504508,-1.1332715,-0.61208606,-1.3549911,-1.1118523,-0.008493587,-0.008493587,-0.008493587,-0.4055843,-0.008493587,-0.008493587,-1.2659402,0.18225339,-1.1893395,-1.2775782,-1.0676744,-0.52687675,1.3263329,-0.1818008,1.2784615,1.3494132,1.2022051,0.8625124,-0.7768363,0.61011624,-0.7768363,-0.7746815,-0.7768363,-0.40562144,-1.631363,0.22945976,-1.5506098,-1.6490073,-1.4223182,-0.851997,-1.2201278,0.068264656,-1.1873629,-1.2318172,-1.1332874,-0.8617657,-0.25381026,-1.4114573,-1.3425665,-0.008680963,-0.008919648,-0.008620535,0.0,0.0,0.0,-0.9248645,-1.3894833,-1.302875,0.6175447,0.7187358,0.81018585,-0.31884474,-1.2886502,-0.61958176,-1.0638986,-1.5978675,-1.4429802,-0.76433253,-0.93633026,-0.9604585
2024-01-03 00:00:00,-1.5242167,1.3069798,-0.4055843,1.0030288,-0.7768363,-1.1956561,-1.1287329,-1.015142,2.2650515e-17,1.4142135,0.60100204,1.6859323,-0.29279897,-0.16673686,-0.16673686,1.4326701,-0.2908696,-0.42030957,-0.26738998,-0.26738998,2.1745586,-0.4529817,-0.5170121,-0.34086284,-0.34086284,1.8344563,-0.59837115,-0.35111368,-0.21341594,-0.21341594,1.7586812,-0.3602915,-0.53807634,-0.34862095,-0.34862095,2.006658,-0.19204375,-0.17057352,-0.34622535,-0.08318048,-0.043843977,-0.028027462,-0.07658122,-0.25405747,-0.066703565,-0.33774647,-0.10659421,-0.5911951,0.38436252,0.22742942,0.0,0.6527231,1.7538035,1.8936363,1.2355824,4.554002,1.587274,1.5508862,-2.9978542,-1.4204856,-0.94540733,-1.1019671,-2.213411,-1.5115099,-0.9814362,-1.5672336,-1.2709088,-0.4297339,-1.2526437,-0.86296153,-0.7339421,-1.8749465,-1.5176405,0.7822225,0.52528715,1.0388268,1.0880684,0.77039605,1.3084462,1.1873965,0.82818717,1.4829478,-0.96754205,-0.53329206,-1.65285,-0.5348871,-1.6776501,-1.1385069,-0.63221127,-1.6401407,-0.89424264,-0.20182401,0.0,-0.5091942,-0.45137072,-1.6486195,-1.0802218,-1.313525,-1.858926,-1.6937368,-1.3993608,-1.6763633,-1.6512415,-1.3512138,-1.4569206,-1.5039935,-0.46175745,-1.7779365,-1.2932942,-1.1757963,-1.1838584,-1.3275253,-1.1482892,-1.0466526,-1.2592921,-0.96186525,-0.7504508,-1.1332715,-1.0255669,-1.3607919,-1.2916206,-0.008493587,-0.008493587,-0.008493587,-0.008493587,-0.008493587,-0.008493587,-1.2919672,0.18683966,-1.2656386,-1.2592065,-1.1890358,-0.7244697,1.342704,-0.16971196,1.3264621,1.3234624,1.2785673,0.9868843,-0.7768363,0.65900075,-0.7768363,-0.7746815,-0.7768363,-0.7768363,-1.6588123,0.22593376,-1.6310775,-1.6216431,-1.5503073,-1.0603449,-1.2310992,0.05914361,-1.2201453,-1.216807,-1.1873683,-0.9671874,-0.10327988,-1.3544525,-1.3069798,-0.04317404,-0.042037286,-0.07647874,0.0,0.0,0.0,-0.9831141,-1.3683146,-1.4003705,0.6515247,0.7169515,0.8702212,-0.36393917,-1.2886502,-0.61958176,-1.1274065,-1.581785,-1.5505489,-0.7983788,-0.93322957,-1.0157429
2024-01-03 01:00:00,-1.4437301,1.2589854,-0.4055843,1.0030288,-0.7768363,-1.1619741,-1.0524173,-1.015142,0.36602542,1.3660254,0.60100204,1.6859323,-0.29279897,-0.16673686,-0.16673686,1.4326701,-0.2908696,-0.42030957,-0.26738998,-0.26738998,2.1745586,-0.4529817,-0.5170121,-0.34086284,-0.34086284,1.8344563,-0.59837115,-0.35111368,-0.21341594,-0.21341594,1.7586812,-0.3602915,-0.53807634,-0.34862095,-0.34862095,2.006658,-0.19204375,-0.17057352,-0.34622535,-0.08318048,-0.07873286,-0.04654762,-0.14445207,-0.25405747,-0.066703565,-0.33774647,0.027922768,-0.50371534,0.56978434,0.22742942,0.0,0.6527231,1.7538035,1.8936363,1.2355824,4.554002,1.587274,1.5508862,-2.9978542,-1.4204856,-0.94540733,-1.2471901,-2.213411,-1.6580358,-1.1195171,-1.5557588,-1.2972624,-0.4297339,-1.2526437,-0.86296153,-1.0094922,-1.9019579,-1.7251252,0.7822225,0.52528715,1.0388268,1.1634158,0.7694272,1.3355584,1.2714436,0.82818717,1.585641,-1.2968049,-0.5452293,-2.019311,-0.683597,-1.6776501,-1.1385069,-0.8230461,-1.6401407,-0.89424264,-0.20182401,0.0,-0.5091942,-0.6737141,-1.6486195,-1.0802218,-1.4529947,-1.858926,-1.8529383,-1.5437033,-1.6680826,-1.6854701,-1.3512138,-1.4569206,-1.5039935,-0.745231,-1.8188736,-1.5636686,-1.2476406,-1.1838584,-1.3932335,-1.2208788,-1.0451168,-1.2777308,-0.96186525,-0.7504508,-1.1332715,-1.1755822,-1.3664244,-1.423272,-0.4055843,-0.008493587,-0.008493587,-0.008493587,-0.008493587,-0.008493587,-1.1284499,0.13629876,-1.2916628,-1.1829693,-1.2653266,-0.90859705,1.3071147,0.44574943,1.3428342,1.275519,1.3265706,1.1027805,-0.7768363,0.61011624,-0.7768363,-0.7746815,-0.7768363,-0.7768363,-1.5239531,-0.15305567,-1.6585236,-1.5414147,-1.6307646,-1.2544943,-1.1956773,-0.45134556,-1.2311168,-1.184066,-1.2201507,-1.0590144,-0.047238436,-1.3030084,-1.2589854,-0.07766711,-0.07515493,-0.14433695,0.0,0.0,0.0,-1.1320035,-1.3471458,-1.4347783,0.72847277,0.7151671,0.89956135,-0.5092256,-1.2886502,-0.61958176,-1.2826834,-1.5657024,-1.5941731,-0.8835697,-0.93001467,-1.0406467
